Date,Above,Below,Total,Percentage,Index_Close
2020-01-01,0,0,0,0.0,100.0
2020-01-02,0,0,0,0.0,101.78843633840886
2020-01-03,0,0,0,0.0,100.97983599581877
2020-01-06,0,0,0,0.0,98.03131964449314
2020-01-07,0,0,0,0.0,97.91579641513279
2020-01-08,0,0,0,0.0,96.72517760742326
2020-01-09,0,0,0,0.0,98.54227857787694
2020-01-10,0,0,0,0.0,98.24990069926376
2020-01-13,0,0,0,0.0,98.65366953364679
2020-01-14,0,0,0,0.0,98.63342709295422
2020-01-15,0,0,0,0.0,98.84403648559503
2020-01-16,0,0,0,0.0,99.3777725754709
2020-01-17,0,0,0,0.0,99.01012723667388
2020-01-20,0,0,0,0.0,98.85284878037587
2020-01-21,0,0,0,0.0,98.58370488869788
2020-01-22,0,0,0,0.0,98.08795916462789
2020-01-23,0,0,0,0.0,98.64704090968578
2020-01-24,0,0,0,0.0,98.94348236887578
2020-01-27,0,0,0,0.0,97.82973374536392
2020-01-28,0,0,0,0.0,96.37665415321243
2020-01-29,0,0,0,0.0,96.31476694557318
2020-01-30,0,0,0,0.0,94.91637180968812
2020-01-31,0,0,0,0.0,95.44663235474147
2020-02-03,0,0,0,0.0,90.24877910198146
2020-02-04,0,0,0,0.0,90.71511341869663
2020-02-05,0,0,0,0.0,90.8487154700799
2020-02-06,0,0,0,0.0,92.59634953503581
2020-02-07,0,0,0,0.0,92.32728812089195
2020-02-10,0,0,0,0.0,91.68486666139447
2020-02-11,0,0,0,0.0,90.97063161178379
2020-02-12,0,0,0,0.0,89.20247887571804
2020-02-13,0,0,0,0.0,89.02124597479406
2020-02-14,0,0,0,0.0,87.33460384907089
2020-02-17,0,0,0,0.0,85.1393091507834
2020-02-18,0,0,0,0.0,83.81346891658012
2020-02-19,0,0,0,0.0,84.71899076215502
2020-02-20,0,0,0,0.0,84.73511681151021
2020-02-24,0,0,0,0.0,82.43556910030291
2020-02-25,0,0,0,0.0,81.92336046054601
2020-02-26,0,0,0,0.0,80.81873105721093
2020-02-27,0,0,0,0.0,79.08607553210426
2020-02-28,0,0,0,0.0,75.63754232205503
2020-03-02,0,0,0,0.0,73.85436337695769
2020-03-03,0,0,0,0.0,74.06707895458166
2020-03-04,0,0,0,0.0,73.3520491758665
2020-03-05,0,0,0,0.0,74.87508087575011
2020-03-06,0,0,0,0.0,71.29854506451352
2020-03-09,0,0,0,0.0,67.02787322292606
2020-03-11,0,0,0,0.0,65.93861203970872
2020-03-12,0,0,0,0.0,58.5740622945181
2020-03-13,0,0,0,0.0,61.856761640285484
2020-03-16,0,0,0,0.0,60.138894800339735
2020-03-17,0,0,0,0.0,59.80552934979752
2020-03-18,0,0,0,0.0,58.675434149427716
2020-03-19,0,0,0,0.0,57.33224546937085
2020-03-20,0,0,0,0.0,58.35090739128479
2020-03-23,0,0,0,0.0,52.480672776290994
2020-03-24,0,0,0,0.0,52.9899387968168
2020-03-25,0,0,0,0.0,53.0516837510057
2020-03-26,0,0,0,0.0,54.486751402604106
2020-03-27,0,0,0,0.0,54.89158800744865
2020-03-30,0,0,0,0.0,53.58582651622338
2020-03-31,0,0,0,0.0,54.317360513406335
2020-04-01,0,0,0,0.0,53.68632082574001
2020-04-03,0,0,0,0.0,52.75020641800384
2020-04-07,0,0,0,0.0,53.63068344605084
2020-04-08,0,0,0,0.0,53.86422383547258
2020-04-09,0,0,0,0.0,55.539072644362605
2020-04-13,0,0,0,0.0,54.668280566913
2020-04-15,0,0,0,0.0,55.212573024655896
2020-04-16,0,0,0,0.0,56.409812718214305
2020-04-17,0,0,0,0.0,57.72257003446064
2020-04-20,0,0,0,0.0,62.60851089154178
2020-04-21,0,0,0,0.0,61.10496350300125
2020-04-22,0,0,0,0.0,60.66140605092605
2020-04-23,0,0,0,0.0,60.57674286490066
2020-04-24,0,0,0,0.0,58.29085780989652
2020-04-27,0,0,0,0.0,58.105838397798294
2020-04-28,0,0,0,0.0,58.674526093147584
2020-04-29,0,0,0,0.0,59.73793617211564
2020-04-30,0,0,0,0.0,60.18144423364893
2020-05-04,0,0,0,0.0,57.00446294783214
2020-05-05,0,0,0,0.0,55.8066043301411
2020-05-06,0,0,0,0.0,55.360839663221384
2020-05-07,0,0,0,0.0,55.261197049594514
2020-05-08,0,0,0,0.0,54.39238090662184
2020-05-11,0,0,0,0.0,53.95895860657428
2020-05-12,0,0,0,0.0,53.82311466373708
2020-05-13,0,0,0,0.0,56.9017279108346
2020-05-14,0,0,0,0.0,55.622152734364064
2020-05-15,0,0,0,0.0,55.09693375897691
2020-05-18,0,0,0,0.0,52.469858317156984
2020-05-19,0,0,0,0.0,51.39937158673219
2020-05-20,0,0,0,0.0,51.59114189326722
2020-05-21,0,0,0,0.0,51.98360503648517
2020-05-22,0,0,0,0.0,51.418534998299236
2020-05-26,0,0,0,0.0,51.233797783552525
2020-05-27,0,0,0,0.0,52.376850736972614
2020-05-28,0,0,0,0.0,52.26634463385456
2020-05-29,0,0,0,0.0,52.41923176982196
2020-06-01,0,0,0,0.0,56.25362069433564
2020-06-02,0,0,0,0.0,57.038963345264605
2020-06-03,0,0,0,0.0,61.314813522451814
2020-06-04,0,0,0,0.0,62.7911373819275
2020-06-05,0,0,0,0.0,66.09872920199578
2020-06-08,0,0,0,0.0,65.74701491267018
2020-06-09,0,0,0,0.0,63.95733685867635
2020-06-10,0,0,0,0.0,66.49149423938748
2020-06-11,0,0,0,0.0,64.28533809186034
2020-06-12,0,0,0,0.0,64.61733753159331
2020-06-15,0,0,0,0.0,66.4529989208291
2020-06-16,0,0,0,0.0,65.8351479576754
2020-06-17,0,0,0,0.0,65.23238948027058
2020-06-18,0,0,0,0.0,66.4628577937784
2020-06-19,0,0,0,0.0,67.30603150405172
2020-06-22,0,0,0,0.0,70.72722215029546
2020-06-23,0,0,0,0.0,73.27983384206905
2020-06-24,0,0,0,0.0,71.78428700475763
2020-06-25,0,0,0,0.0,71.4040282724919
2020-06-26,0,0,0,0.0,74.68254371907757
2020-06-29,0,0,0,0.0,72.31332647286008
2020-06-30,0,0,0,0.0,70.08585865654585
2020-07-01,0,0,0,0.0,71.36778404914578
2020-07-02,0,0,0,0.0,70.79663299394952
2020-07-03,0,0,0,0.0,70.0346389827152
2020-07-06,0,0,0,0.0,70.0597067204221
2020-07-07,0,0,0,0.0,69.66711110971968
2020-07-08,0,0,0,0.0,71.24446073304487
2020-07-09,0,0,0,0.0,71.62612519442764
2020-07-10,0,0,0,0.0,70.00076846599372
2020-07-13,0,0,0,0.0,68.83689036069627
2020-07-14,0,0,0,0.0,66.68022581413325
2020-07-15,0,0,0,0.0,65.79086188653525
2020-07-16,0,0,0,0.0,65.61579162199396
2020-07-17,0,0,0,0.0,66.99610099120068
2020-07-20,0,0,0,0.0,67.4173913063824
2020-07-21,0,0,0,0.0,70.18275276701817
2020-07-22,0,0,0,0.0,69.19527850034612
2020-07-23,0,0,0,0.0,69.5795015655171
2020-07-24,0,0,0,0.0,68.66481102718917
2020-07-27,0,0,0,0.0,66.22193472458945
2020-07-28,0,0,0,0.0,66.124834034521
2020-07-29,0,0,0,0.0,67.89003762792203
2020-07-30,0,0,0,0.0,67.36655281623527
2020-07-31,0,0,0,0.0,67.49088682626922
2020-08-03,0,0,0,0.0,67.65628105902117
2020-08-04,0,0,0,0.0,67.61499275078803
2020-08-05,0,0,0,0.0,67.47484822910253
2020-08-06,0,0,0,0.0,67.23169325899616
2020-08-07,5,7,12,41.66666666666667,67.75231370671636
2020-08-10,5,7,12,41.66666666666667,67.97489458168204
2020-08-11,5,7,12,41.66666666666667,68.47595114840944
2020-08-12,5,7,12,41.66666666666667,69.73487525270482
2020-08-13,5,7,12,41.66666666666667,68.93922769567803
2020-08-14,4,8,12,33.33333333333333,67.65367081703411
2020-08-17,4,8,12,33.33333333333333,67.45941220299322
2020-08-18,4,8,12,33.33333333333333,67.95307485528531
2020-08-19,5,7,12,41.66666666666667,69.64657766549168
2020-08-20,5,7,12,41.66666666666667,69.49719447009498
2020-08-21,5,7,12,41.66666666666667,71.4390514957983
2020-08-24,6,6,12,50.0,71.21459382760567
2020-08-25,5,7,12,41.66666666666667,71.47329150653104
2020-08-26,5,7,12,41.66666666666667,71.38092815942908
2020-08-27,6,6,12,50.0,71.50057387675257
2020-08-28,7,5,12,58.333333333333336,73.9686497104874
2020-08-31,5,7,12,41.66666666666667,71.36149763391714
2020-09-01,5,7,12,41.66666666666667,70.54517350421982
2020-09-02,5,7,12,41.66666666666667,70.25436192877802
2020-09-03,5,7,12,41.66666666666667,69.68492735877575
2020-09-04,5,7,12,41.66666666666667,68.23667746209694
2020-09-07,4,8,12,33.33333333333333,67.68471697832098
2020-09-08,3,9,12,25.0,66.97320656832021
2020-09-09,3,9,12,25.0,65.59344484972573
2020-09-10,4,8,12,33.33333333333333,67.12655288103548
2020-09-11,3,9,12,25.0,67.18485668964001
2020-09-14,4,8,12,33.33333333333333,67.7635896286312
2020-09-15,4,8,12,33.33333333333333,67.45514070151376
2020-09-16,4,8,12,33.33333333333333,67.02223776394852
2020-09-17,3,9,12,25.0,66.26160065320809
2020-09-18,2,10,12,16.666666666666664,65.11314180849564
2020-09-21,2,10,12,16.666666666666664,62.38972621804619
2020-09-22,2,10,12,16.666666666666664,61.706333958113056
2020-09-23,2,10,12,16.666666666666664,60.90865291391041
2020-09-24,1,11,12,8.333333333333332,58.91956424216826
2020-09-25,1,11,12,8.333333333333332,60.30275576019181
2020-09-28,2,10,12,16.666666666666664,62.03926135850849
2020-09-29,1,11,12,8.333333333333332,60.76632048216967
2020-09-30,1,11,12,8.333333333333332,59.76440361509239
2020-10-01,1,11,12,8.333333333333332,60.033071830799564
2020-10-05,1,11,12,8.333333333333332,60.1196660993392
2020-10-06,1,11,12,8.333333333333332,60.03173922666137
2020-10-07,1,11,12,8.333333333333332,59.22554109541186
2020-10-08,1,11,12,8.333333333333332,59.350838176599964
2020-10-09,1,11,12,8.333333333333332,60.563117335290585
2020-10-12,0,12,12,0.0,59.61838821879694
2020-10-13,0,12,12,0.0,58.59714782655905
2020-10-14,1,11,12,8.333333333333332,58.744349962521625
2020-10-15,0,12,12,0.0,57.33456210640109
2020-10-16,1,11,12,8.333333333333332,57.14880962922181
2020-10-19,1,11,12,8.333333333333332,59.6749245274967
2020-10-20,1,11,12,8.333333333333332,59.113324172951955
2020-10-21,1,11,12,8.333333333333332,59.503885744149066
2020-10-22,1,11,12,8.333333333333332,59.398641904944384
2020-10-23,1,11,12,8.333333333333332,59.91100786015596
2020-10-26,1,11,12,8.333333333333332,59.36748985099709
2020-10-27,1,11,12,8.333333333333332,58.895199617744986
2020-10-28,1,11,12,8.333333333333332,58.17172255312205
2020-10-29,0,12,12,0.0,57.7279055377817
2020-10-30,0,12,12,0.0,57.63496991395252
2020-11-02,1,11,12,8.333333333333332,58.636291583988985
2020-11-03,1,11,12,8.333333333333332,59.07285845530381
2020-11-04,2,10,12,16.666666666666664,59.047153721511826
2020-11-05,3,9,12,25.0,59.993132986970664
2020-11-06,3,9,12,25.0,60.57848951099072
2020-11-09,3,9,12,25.0,60.98189869866122
2020-11-10,4,8,12,33.33333333333333,62.52289425062665
2020-11-11,4,8,12,33.33333333333333,62.38017471656232
2020-11-12,4,8,12,33.33333333333333,61.4639087751551
2020-11-13,4,8,12,33.33333333333333,61.48899638771616
2020-11-14,4,8,12,33.33333333333333,61.872034625882634
2020-11-17,4,8,12,33.33333333333333,62.380191884416334
2020-11-18,4,8,12,33.33333333333333,63.67028708521168
2020-11-19,4,8,12,33.33333333333333,62.37880669077897
2020-11-20,5,7,12,41.66666666666667,63.11270060334113
2020-11-23,5,7,12,41.66666666666667,64.05449214736753
2020-11-24,5,7,12,41.66666666666667,64.53448921390638
2020-11-25,5,7,12,41.66666666666667,66.4793348411701
2020-11-26,6,6,12,50.0,67.4078737886952
2020-11-27,9,3,12,75.0,68.73726135723697
2020-12-01,9,3,12,75.0,70.32762792374398
2020-12-02,10,2,12,83.33333333333334,70.15792613568019
2020-12-03,11,1,12,91.66666666666666,73.26780849398457
2020-12-04,11,1,12,91.66666666666666,74.36742080948446
2020-12-07,12,0,12,100.0,76.07126652636119
2020-12-08,12,0,12,100.0,82.12359751991359
2020-12-09,12,0,12,100.0,81.71925091090408
2020-12-10,12,0,12,100.0,79.3733014420328
2020-12-11,12,0,12,100.0,79.78619683883531
2020-12-14,12,0,12,100.0,81.35365212378272
2020-12-15,11,1,12,91.66666666666666,79.9415914826757
2020-12-16,11,1,12,91.66666666666666,78.93196204238711
2020-12-17,11,1,12,91.66666666666666,77.55233322591715
2020-12-18,11,1,12,91.66666666666666,76.11166042563761
2020-12-21,9,3,12,75.0,70.88854471706118
2020-12-22,9,3,12,75.0,71.80766395021327
2020-12-23,10,2,12,83.33333333333334,73.77566464050776
2020-12-24,9,3,12,75.0,74.05144936367645
2020-12-28,11,1,12,91.66666666666666,75.63527223797705
2020-12-29,11,1,12,91.66666666666666,75.91461260090966
2020-12-30,11,1,12,91.66666666666666,75.43386533615309
2020-12-31,11,1,12,91.66666666666666,75.40814348377263
2021-01-01,11,1,12,91.66666666666666,77.63678623169223
2021-01-04,11,1,12,91.66666666666666,78.41190132096814
2021-01-05,11,1,12,91.66666666666666,78.23981479594403
2021-01-06,11,1,12,91.66666666666666,77.77853702024434
2021-01-07,11,1,12,91.66666666666666,78.1365003185719
2021-01-08,11,1,12,91.66666666666666,78.29077956843187
2021-01-11,11,1,12,91.66666666666666,77.17778906362273
2021-01-12,11,1,12,91.66666666666666,81.58850472133192
2021-01-13,11,1,12,91.66666666666666,82.39791378031798
2021-01-14,11,1,12,91.66666666666666,82.50651897885277
2021-01-15,11,1,12,91.66666666666666,80.8249305980131
2021-01-18,10,2,12,83.33333333333334,79.53968727536089
2021-01-19,11,1,12,91.66666666666666,81.76410247349722
2021-01-20,11,1,12,91.66666666666666,83.11515495777222
2021-01-21,11,1,12,91.66666666666666,80.47467545708923
2021-01-22,10,2,12,83.33333333333334,78.68034221098188
2021-01-25,10,2,12,83.33333333333334,77.5302650290244
2021-01-27,10,2,12,83.33333333333334,76.54124808007965
2021-01-28,9,3,12,75.0,75.96997715401386
2021-01-29,10,2,12,83.33333333333334,77.65253857653937
2021-02-01,11,1,12,91.66666666666666,81.81756122721838
2021-02-02,11,1,12,91.66666666666666,83.35783961269479
2021-02-03,11,1,12,91.66666666666666,84.98863921238747
2021-02-04,11,1,12,91.66666666666666,89.747092252933
2021-02-05,11,1,12,91.66666666666666,91.36759549407427
2021-02-08,11,1,12,91.66666666666666,90.43692538806731
2021-02-09,11,1,12,91.66666666666666,90.04066043508868
2021-02-10,11,1,12,91.66666666666666,89.58435970174543
2021-02-11,11,1,12,91.66666666666666,89.48213995124839
2021-02-12,11,1,12,91.66666666666666,88.90271983761761
2021-02-15,10,2,12,83.33333333333334,89.57955785849059
2021-02-16,12,0,12,100.0,96.60100586526313
2021-02-17,12,0,12,100.0,108.16455032901145
2021-02-18,12,0,12,100.0,119.2452457389713
2021-02-19,12,0,12,100.0,111.80492012604005
2021-02-22,12,0,12,100.0,106.9823241838185
2021-02-23,12,0,12,100.0,105.1033880391034
2021-02-24,12,0,12,100.0,109.76028731326113
2021-02-25,12,0,12,100.0,112.8749306297321
2021-02-26,12,0,12,100.0,108.65098692625308
2021-03-01,12,0,12,100.0,107.53830640494778
2021-03-02,12,0,12,100.0,106.5704413135909
2021-03-03,12,0,12,100.0,108.49613963581956
2021-03-04,12,0,12,100.0,107.35344319473894
2021-03-05,12,0,12,100.0,104.16682948251787
2021-03-08,12,0,12,100.0,107.537269740488
2021-03-09,12,0,12,100.0,106.08249474536152
2021-03-10,11,1,12,91.66666666666666,105.45081444838529
2021-03-12,12,0,12,100.0,104.56639128804252
2021-03-15,12,0,12,100.0,104.52476192908533
2021-03-16,12,0,12,100.0,102.78239649039469
2021-03-17,12,0,12,100.0,98.78715865070563
2021-03-18,11,1,12,91.66666666666666,95.92140124483069
2021-03-19,11,1,12,91.66666666666666,96.20861810399411
2021-03-22,11,1,12,91.66666666666666,94.89913003645964
2021-03-23,11,1,12,91.66666666666666,99.26521134682291
2021-03-24,11,1,12,91.66666666666666,97.31672813381775
2021-03-25,11,1,12,91.66666666666666,94.00005445954876
2021-03-26,11,1,12,91.66666666666666,94.34396542008174
2021-03-30,11,1,12,91.66666666666666,94.69600600103021
2021-03-31,11,1,12,91.66666666666666,95.68621259971847
2021-04-01,11,1,12,91.66666666666666,98.94389459689437
2021-04-05,11,1,12,91.66666666666666,95.46554108055358
2021-04-06,11,1,12,91.66666666666666,95.40953440118204
2021-04-07,11,1,12,91.66666666666666,97.15319675404203
2021-04-08,11,1,12,91.66666666666666,96.31008742122388
2021-04-09,11,1,12,91.66666666666666,102.085432311639
2021-04-12,10,2,12,83.33333333333334,92.62771075659532
2021-04-13,11,1,12,91.66666666666666,98.060182074537
2021-04-15,11,1,12,91.66666666666666,95.38675273602493
2021-04-16,11,1,12,91.66666666666666,95.2283371437439
2021-04-19,10,2,12,83.33333333333334,90.75543964632713
2021-04-20,10,2,12,83.33333333333334,90.53807385988682
2021-04-22,10,2,12,83.33333333333334,90.70153783607839
2021-04-23,10,2,12,83.33333333333334,91.1899437270317
2021-04-26,11,1,12,91.66666666666666,92.3973752336437
2021-04-27,11,1,12,91.66666666666666,94.55188514372998
2021-04-28,11,1,12,91.66666666666666,96.23385456246653
2021-04-29,11,1,12,91.66666666666666,95.56663071535284
2021-04-30,11,1,12,91.66666666666666,94.5377517463405
2021-05-03,11,1,12,91.66666666666666,94.03500320261536
2021-05-04,11,1,12,91.66666666666666,97.25213831667297
2021-05-05,11,1,12,91.66666666666666,98.27247447018877
2021-05-06,11,1,12,91.66666666666666,97.54269872334037
2021-05-07,11,1,12,91.66666666666666,96.94719029151287
2021-05-10,11,1,12,91.66666666666666,98.02815740571961
2021-05-11,11,1,12,91.66666666666666,99.63163958105122
2021-05-12,11,1,12,91.66666666666666,104.35773090875644
2021-05-14,12,0,12,100.0,102.84499180134374
2021-05-17,12,0,12,100.0,105.50372962413792
2021-05-18,12,0,12,100.0,103.65734531484068
2021-05-19,11,1,12,91.66666666666666,104.34490964810487
2021-05-20,11,1,12,91.66666666666666,104.46763891511061
2021-05-21,12,0,12,100.0,107.47054486813244
2021-05-24,12,0,12,100.0,109.91330973297002
2021-05-25,12,0,12,100.0,107.89022400132986
2021-05-26,12,0,12,100.0,107.36986708535612
2021-05-27,12,0,12,100.0,108.86337244783351
2021-05-28,12,0,12,100.0,109.63002319251005
2021-05-31,12,0,12,100.0,109.0048635952638
2021-06-01,12,0,12,100.0,107.31643699050653
2021-06-02,12,0,12,100.0,112.04839177720002
2021-06-03,12,0,12,100.0,112.70165880604843
2021-06-04,12,0,12,100.0,114.89674820183863
2021-06-07,12,0,12,100.0,117.04053094651672
2021-06-08,12,0,12,100.0,115.38037529807508
2021-06-09,12,0,12,100.0,112.97976715886983
2021-06-10,12,0,12,100.0,114.81359570902005
2021-06-11,12,0,12,100.0,114.31600148616718
2021-06-14,12,0,12,100.0,114.87272583393893
2021-06-15,12,0,12,100.0,114.95319471095111
2021-06-16,12,0,12,100.0,113.70299900818294
2021-06-17,12,0,12,100.0,112.2907559271122
2021-06-18,12,0,12,100.0,110.25349310245456
2021-06-21,12,0,12,100.0,118.41470713302482
2021-06-22,12,0,12,100.0,119.08959011160172
2021-06-23,12,0,12,100.0,118.16550977152811
2021-06-24,12,0,12,100.0,116.29365486515782
2021-06-25,12,0,12,100.0,119.40750945999643
2021-06-28,12,0,12,100.0,123.07723446184889
2021-06-29,12,0,12,100.0,120.69136788936952
2021-06-30,12,0,12,100.0,122.17525926219521
2021-07-01,12,0,12,100.0,121.5319060691787
2021-07-02,12,0,12,100.0,121.47691879817297
2021-07-05,12,0,12,100.0,121.45771665868612
2021-07-06,12,0,12,100.0,119.2429384824386
2021-07-07,12,0,12,100.0,119.68625125290808
2021-07-08,12,0,12,100.0,117.88299183286581
2021-07-09,12,0,12,100.0,117.20583249166205
2021-07-12,12,0,12,100.0,117.14885239270774
2021-07-13,12,0,12,100.0,118.34627159811374
2021-07-14,12,0,12,100.0,116.9979803185331
2021-07-15,12,0,12,100.0,116.50383033567562
2021-07-16,12,0,12,100.0,116.12740181916462
2021-07-19,12,0,12,100.0,114.82652519122769
2021-07-20,12,0,12,100.0,112.0303183201515
2021-07-22,12,0,12,100.0,113.4050880200641
2021-07-23,12,0,12,100.0,114.46295583722002
2021-07-26,12,0,12,100.0,113.27750611370651
2021-07-27,12,0,12,100.0,113.11630834486344
2021-07-28,12,0,12,100.0,111.1645135799749
2021-07-29,12,0,12,100.0,114.00115062964929
2021-07-30,12,0,12,100.0,114.17207049915817
2021-08-02,12,0,12,100.0,114.10012782000092
2021-08-03,12,0,12,100.0,113.86309781222982
2021-08-04,12,0,12,100.0,113.15977949226462
2021-08-05,12,0,12,100.0,110.18524004941422
2021-08-06,12,0,12,100.0,110.2500997249494
2021-08-09,12,0,12,100.0,108.12792825129114
2021-08-10,11,1,12,91.66666666666666,104.80926410283547
2021-08-11,9,3,12,75.0,103.82893526305313
2021-08-12,11,1,12,91.66666666666666,107.11503598509438
2021-08-13,12,0,12,100.0,107.856242914142
2021-08-16,12,0,12,100.0,106.51672519312541
2021-08-17,10,2,12,83.33333333333334,104.36323554459415
2021-08-18,10,2,12,83.33333333333334,104.31814577259284
2021-08-20,6,6,12,50.0,101.1439405038602
2021-08-23,6,6,12,50.0,99.09967104513898
2021-08-24,6,6,12,50.0,100.47101071562503
2021-08-25,6,6,12,50.0,101.6157986175876
2021-08-26,7,5,12,58.333333333333336,101.18745147474431
2021-08-27,7,5,12,58.333333333333336,102.16251495438185
2021-08-30,8,4,12,66.66666666666666,103.56699184244764
2021-08-31,8,4,12,66.66666666666666,103.90811287209625
2021-09-01,7,5,12,58.333333333333336,104.00536349931642
2021-09-02,8,4,12,66.66666666666666,103.43435680293109
2021-09-03,9,3,12,75.0,103.979606246879
2021-09-06,8,4,12,66.66666666666666,104.22877582946325
2021-09-07,7,5,12,58.333333333333336,102.61920809618302
2021-09-08,7,5,12,58.333333333333336,102.94478071367088
2021-09-09,8,4,12,66.66666666666666,103.93283360289558
2021-09-13,7,5,12,58.333333333333336,103.09010602071696
2021-09-14,7,5,12,58.333333333333336,103.4123242348226
2021-09-15,8,4,12,66.66666666666666,105.8164244338109
2021-09-16,10,2,12,83.33333333333334,112.93168618158217
2021-09-17,10,2,12,83.33333333333334,109.66903666707523
2021-09-20,7,5,12,58.333333333333336,105.13078067429824
2021-09-21,7,5,12,58.333333333333336,104.58739423788732
2021-09-22,7,5,12,58.333333333333336,104.73902421170705
2021-09-23,8,4,12,66.66666666666666,105.20719293364836
2021-09-24,7,5,12,58.333333333333336,103.65036544128345
2021-09-27,7,5,12,58.333333333333336,103.23154202628906
2021-09-28,8,4,12,66.66666666666666,104.67957515255377
2021-09-29,9,3,12,75.0,107.09909775470683
2021-09-30,10,2,12,83.33333333333334,110.1717883573342
2021-10-01,10,2,12,83.33333333333334,110.78696778482227
2021-10-04,9,3,12,75.0,112.2706245401005
2021-10-05,9,3,12,75.0,112.00271480584179
2021-10-06,9,3,12,75.0,110.05105374315889
2021-10-07,9,3,12,75.0,110.6191638141202
2021-10-08,10,2,12,83.33333333333334,113.6157645784859
2021-10-11,10,2,12,83.33333333333334,113.62742753931407
2021-10-12,11,1,12,91.66666666666666,117.12628971719656
2021-10-13,11,1,12,91.66666666666666,118.43866147645463
2021-10-14,11,1,12,91.66666666666666,119.7051471491905
2021-10-18,11,1,12,91.66666666666666,124.40654378148723
2021-10-19,11,1,12,91.66666666666666,119.21626155110499
2021-10-20,10,2,12,83.33333333333334,119.72827958828458
2021-10-21,11,1,12,91.66666666666666,123.82981089677538
2021-10-22,11,1,12,91.66666666666666,122.92213250130739
2021-10-25,11,1,12,91.66666666666666,123.57941844468718
2021-10-26,11,1,12,91.66666666666666,125.17108750230346
2021-10-27,11,1,12,91.66666666666666,126.67991253271411
2021-10-28,9,3,12,75.0,120.28736123633166
2021-10-29,9,3,12,75.0,121.06896186746418
2021-11-01,10,2,12,83.33333333333334,121.91657739178893
2021-11-02,10,2,12,83.33333333333334,124.23809970886582
2021-11-03,9,3,12,75.0,122.55546917840661
2021-11-04,10,2,12,83.33333333333334,124.65873986090918
2021-11-08,9,3,12,75.0,126.96642366791737
2021-11-09,10,2,12,83.33333333333334,128.25744492735495
2021-11-10,9,3,12,75.0,125.74268345360886
2021-11-11,9,3,12,75.0,123.60655200175728
2021-11-12,9,3,12,75.0,123.11863131885545
2021-11-15,9,3,12,75.0,121.5629156718896
2021-11-16,9,3,12,75.0,119.50405298351887
2021-11-17,9,3,12,75.0,119.20474600211793
2021-11-18,9,3,12,75.0,118.44521322834898
2021-11-22,8,4,12,66.66666666666666,113.18070425183859
2021-11-23,9,3,12,75.0,115.87935246974237
2021-11-24,9,3,12,75.0,119.145301515129
2021-11-25,9,3,12,75.0,118.27006099274283
2021-11-26,7,5,12,58.333333333333336,113.65180692351409
2021-11-29,7,5,12,58.333333333333336,111.21006129456399
2021-11-30,7,5,12,58.333333333333336,111.08769397012101
2021-12-01,7,5,12,58.333333333333336,112.87113269875167
2021-12-02,7,5,12,58.333333333333336,113.3174908604911
2021-12-03,7,5,12,58.333333333333336,113.0708711532973
2021-12-06,7,5,12,58.333333333333336,111.85946261133839
2021-12-07,7,5,12,58.333333333333336,113.79449090054392
2021-12-08,8,4,12,66.66666666666666,115.98301660766124
2021-12-09,8,4,12,66.66666666666666,117.15137103889421
2021-12-10,9,3,12,75.0,120.9032103929894
2021-12-13,9,3,12,75.0,119.7584254889217
2021-12-14,9,3,12,75.0,118.06582582395104
2021-12-15,9,3,12,75.0,116.70993348091952
2021-12-16,8,4,12,66.66666666666666,115.2975147002172
2021-12-17,7,5,12,58.333333333333336,111.52671139184997
2021-12-20,5,7,12,41.66666666666667,107.29681537202814
2021-12-21,5,7,12,41.66666666666667,107.68216896947627
2021-12-22,5,7,12,41.66666666666667,108.93428476024228
2021-12-23,5,7,12,41.66666666666667,110.47693838430943
2021-12-24,6,6,12,50.0,109.38366842901672
2021-12-27,5,7,12,41.66666666666667,108.95670985804216
2021-12-28,6,6,12,50.0,109.96648497507297
2021-12-29,6,6,12,50.0,109.43285269517797
2021-12-30,5,7,12,41.66666666666667,108.54450848225012
2021-12-31,5,7,12,41.66666666666667,109.78027753488398
2022-01-03,7,5,12,58.333333333333336,111.77437374863149
2022-01-04,7,5,12,58.333333333333336,112.75568159793066
2022-01-05,8,4,12,66.66666666666666,114.27265274795455
2022-01-06,7,5,12,58.333333333333336,114.4362371769444
2022-01-07,8,4,12,66.66666666666666,114.45028322553202
2022-01-10,9,3,12,75.0,117.66726280500247
2022-01-11,9,3,12,75.0,116.46305671043254
2022-01-12,8,4,12,66.66666666666666,116.60170545448206
2022-01-13,9,3,12,75.0,117.08298170059392
2022-01-14,8,4,12,66.66666666666666,117.1730794009689
2022-01-17,9,3,12,75.0,117.30706223985337
2022-01-18,6,6,12,50.0,115.26256655859781
2022-01-19,8,4,12,66.66666666666666,117.29957710647159
2022-01-20,6,6,12,50.0,116.85623727209804
2022-01-21,5,7,12,41.66666666666667,113.90161550467477
2022-01-24,4,8,12,33.33333333333333,110.9074298719938
2022-01-25,5,7,12,41.66666666666667,114.17102838309046
2022-01-27,9,3,12,75.0,120.1506608240721
2022-01-28,9,3,12,75.0,120.49322899545926
2022-01-31,9,3,12,75.0,122.6320002675311
2022-02-01,7,5,12,58.333333333333336,121.39352145685736
2022-02-02,9,3,12,75.0,126.33656571087333
2022-02-03,9,3,12,75.0,125.56769125963294
2022-02-04,8,4,12,66.66666666666666,123.45957841917334
2022-02-07,7,5,12,58.333333333333336,123.27217501017216
2022-02-08,6,6,12,50.0,122.96409891749427
2022-02-09,6,6,12,50.0,122.29500486896482
2022-02-10,6,6,12,50.0,122.10574287231277
2022-02-11,5,7,12,41.66666666666667,119.78412950169688
2022-02-14,5,7,12,41.66666666666667,113.54058201521606
2022-02-15,5,7,12,41.66666666666667,116.69272335699902
2022-02-16,5,7,12,41.66666666666667,116.64137186691347
2022-02-17,5,7,12,41.66666666666667,115.40525126704281
2022-02-18,5,7,12,41.66666666666667,114.90736568110482
2022-02-21,5,7,12,41.66666666666667,113.05060108918516
2022-02-22,5,7,12,41.66666666666667,110.68473762720225
2022-02-23,5,7,12,41.66666666666667,112.31837279260439
2022-02-24,3,9,12,25.0,102.36271564352992
2022-02-25,3,9,12,25.0,106.82705460792722
2022-02-28,3,9,12,25.0,107.22146942716333
2022-03-02,4,8,12,33.33333333333333,107.38673325606256
2022-03-03,5,7,12,41.66666666666667,107.17874135855251
2022-03-04,2,10,12,16.666666666666664,105.856410387294
2022-03-07,2,10,12,16.666666666666664,102.24387835773798
2022-03-08,3,9,12,25.0,104.83792260801768
2022-03-09,3,9,12,25.0,106.63021698707612
2022-03-10,4,8,12,33.33333333333333,108.47392326938012
2022-03-11,4,8,12,33.33333333333333,108.83425431605775
2022-03-14,4,8,12,33.33333333333333,109.72735838151225
2022-03-15,4,8,12,33.33333333333333,108.34719354743787
2022-03-16,4,8,12,33.33333333333333,109.4496771841299
2022-03-17,4,8,12,33.33333333333333,110.21326714385131
2022-03-21,4,8,12,33.33333333333333,109.98216846687379
2022-03-22,4,8,12,33.33333333333333,109.80715032517416
2022-03-23,4,8,12,33.33333333333333,109.02353724867353
2022-03-24,4,8,12,33.33333333333333,108.36984802991918
2022-03-25,4,8,12,33.33333333333333,108.18146078892417
2022-03-28,4,8,12,33.33333333333333,108.03806596359735
2022-03-29,4,8,12,33.33333333333333,106.2149601715115
2022-03-30,4,8,12,33.33333333333333,109.76130441669414
2022-03-31,4,8,12,33.33333333333333,108.38659401578934
2022-04-01,4,8,12,33.33333333333333,112.52012936795057
2022-04-04,5,7,12,41.66666666666667,114.38892076564497
2022-04-05,5,7,12,41.66666666666667,115.68642058477387
2022-04-06,5,7,12,41.66666666666667,118.25013708465706
2022-04-07,5,7,12,41.66666666666667,118.02394026894649
2022-04-08,5,7,12,41.66666666666667,118.87931930406997
2022-04-11,5,7,12,41.66666666666667,118.31225489530419
2022-04-12,5,7,12,41.66666666666667,116.371414667329
2022-04-13,5,7,12,41.66666666666667,116.33506909516215
2022-04-18,4,8,12,33.33333333333333,113.82907972511178
2022-04-19,4,8,12,33.33333333333333,113.55873697718471
2022-04-20,4,8,12,33.33333333333333,113.72851219950775
2022-04-21,4,8,12,33.33333333333333,114.67701558302892
2022-04-22,4,8,12,33.33333333333333,112.94679785170419
2022-04-25,4,8,12,33.33333333333333,111.13517045574393
2022-04-26,4,8,12,33.33333333333333,112.60979942650131
2022-04-27,4,8,12,33.33333333333333,111.73796934288724
2022-04-28,4,8,12,33.33333333333333,111.97473307681369
2022-04-29,4,8,12,33.33333333333333,110.7806705016273
2022-05-02,4,8,12,33.33333333333333,110.39485169986429
2022-05-04,4,8,12,33.33333333333333,107.65772010628893
2022-05-05,4,8,12,33.33333333333333,106.66319283902874
2022-05-06,4,8,12,33.33333333333333,106.07958317466202
2022-05-09,2,10,12,16.666666666666664,104.25047672722366
2022-05-10,2,10,12,16.666666666666664,103.26962076552238
2022-05-11,1,11,12,8.333333333333332,101.41219543478705
2022-05-12,1,11,12,8.333333333333332,96.62104388189785
2022-05-13,1,11,12,8.333333333333332,98.60310858838304
2022-05-16,2,10,12,16.666666666666664,101.2731198231806
2022-05-17,2,10,12,16.666666666666664,102.9473144108195
2022-05-18,2,10,12,16.666666666666664,102.55359692715513
2022-05-19,2,10,12,16.666666666666664,100.3936154237065
2022-05-20,2,10,12,16.666666666666664,102.46433886288774
2022-05-23,2,10,12,16.666666666666664,102.25041739935017
2022-05-24,2,10,12,16.666666666666664,101.9760531988845
2022-05-25,1,11,12,8.333333333333332,99.62610476205913
2022-05-26,2,10,12,16.666666666666664,102.4234049703566
2022-05-27,2,10,12,16.666666666666664,104.05088692136198
2022-05-30,4,8,12,33.33333333333333,107.92762447895123
2022-05-31,2,10,12,16.666666666666664,107.39478565048042
2022-06-01,3,9,12,25.0,107.58085072269172
2022-06-02,3,9,12,25.0,108.15425316509312
2022-06-03,3,9,12,25.0,106.46855151956068
2022-06-06,3,9,12,25.0,106.0068819693073
2022-06-07,3,9,12,25.0,105.36539554289561
2022-06-08,3,9,12,25.0,105.46522778484915
2022-06-09,2,10,12,16.666666666666664,105.28645790319598
2022-06-10,2,10,12,16.666666666666664,104.74709079753725
2022-06-13,2,10,12,16.666666666666664,101.53964028687167
2022-06-14,2,10,12,16.666666666666664,100.84274771307152
2022-06-15,2,10,12,16.666666666666664,100.81785899684283
2022-06-16,2,10,12,16.666666666666664,98.2272605039439
2022-06-17,2,10,12,16.666666666666664,97.4352172793627
2022-06-20,0,12,12,0.0,95.40396379684599
2022-06-21,2,10,12,16.666666666666664,98.50482685171471
2022-06-22,1,11,12,8.333333333333332,100.55316732395212
2022-06-23,2,10,12,16.666666666666664,100.2497157385348
2022-06-24,2,10,12,16.666666666666664,102.6214278489408
2022-06-27,2,10,12,16.666666666666664,102.5954893918136
2022-06-28,2,10,12,16.666666666666664,102.27299571339294
2022-06-29,2,10,12,16.666666666666664,101.18748156914063
2022-06-30,2,10,12,16.666666666666664,100.33920431672134
2022-07-01,2,10,12,16.666666666666664,100.92671413974823
2022-07-04,2,10,12,16.666666666666664,103.28103606827396
2022-07-05,2,10,12,16.666666666666664,103.5126823302433
2022-07-06,3,9,12,25.0,103.84504376373647
2022-07-07,4,8,12,33.33333333333333,106.62181058142457
2022-07-08,4,8,12,33.33333333333333,106.83857123141183
2022-07-11,4,8,12,33.33333333333333,108.99863793849221
2022-07-12,4,8,12,33.33333333333333,109.03731408950827
2022-07-13,4,8,12,33.33333333333333,109.18676430987915
2022-07-14,3,9,12,25.0,107.04174881155704
2022-07-15,2,10,12,16.666666666666664,106.96716107118014
2022-07-18,4,8,12,33.33333333333333,109.11204215455325
2022-07-19,4,8,12,33.33333333333333,110.91219211768406
2022-07-20,4,8,12,33.33333333333333,110.88301030318368
2022-07-21,4,8,12,33.33333333333333,113.26569581071398
2022-07-22,4,8,12,33.33333333333333,113.02444694633755
2022-07-25,4,8,12,33.33333333333333,111.63138964252481
2022-07-26,4,8,12,33.33333333333333,110.46674641523968
2022-07-27,4,8,12,33.33333333333333,111.83554346209021
2022-07-28,4,8,12,33.33333333333333,112.31846488090058
2022-07-29,4,8,12,33.33333333333333,111.71885140774114
2022-08-01,5,7,12,41.66666666666667,113.5282687954758
2022-08-02,5,7,12,41.66666666666667,116.60334808851664
2022-08-03,5,7,12,41.66666666666667,115.95820922807567
2022-08-04,4,8,12,33.33333333333333,114.60179730138603
2022-08-05,4,8,12,33.33333333333333,114.15643553003582
2022-08-08,4,8,12,33.33333333333333,113.77747703829948
2022-08-10,4,8,12,33.33333333333333,112.96232278654914
2022-08-11,6,6,12,50.0,114.71705228623026
2022-08-12,6,6,12,50.0,114.90325478638302
2022-08-16,6,6,12,50.0,114.83349830768601
2022-08-17,7,5,12,58.333333333333336,117.5094603146628
2022-08-18,7,5,12,58.333333333333336,117.38872728825294
2022-08-19,6,6,12,50.0,114.57320205278808
2022-08-22,5,7,12,41.66666666666667,112.74472873587162
2022-08-23,6,6,12,50.0,114.13025346620196
2022-08-24,6,6,12,50.0,114.8116475383327
2022-08-25,10,2,12,83.33333333333334,119.65096665894517
2022-08-26,11,1,12,91.66666666666666,120.4433536908732
2022-08-29,8,4,12,66.66666666666666,118.76483874460435
2022-08-30,10,2,12,83.33333333333334,120.83766849863468
2022-09-01,9,3,12,75.0,121.18177691251593
2022-09-02,9,3,12,75.0,120.0207938314344
2022-09-05,10,2,12,83.33333333333334,121.11752712897051
2022-09-06,11,1,12,91.66666666666666,122.67111415903904
2022-09-07,11,1,12,91.66666666666666,122.64723292401345
2022-09-08,12,0,12,100.0,125.3546300115531
2022-09-09,12,0,12,100.0,125.41189071418579
2022-09-12,12,0,12,100.0,127.30105854558904
2022-09-13,12,0,12,100.0,127.1060663662348
2022-09-14,12,0,12,100.0,128.74534585932582
2022-09-15,12,0,12,100.0,128.998169973842
2022-09-16,11,1,12,91.66666666666666,125.20607927080196
2022-09-19,11,1,12,91.66666666666666,127.2105894643923
2022-09-20,12,0,12,100.0,128.16035342682616
2022-09-21,12,0,12,100.0,127.6622770349099
2022-09-22,11,1,12,91.66666666666666,126.58793598942388
2022-09-23,10,2,12,83.33333333333334,122.37195789302638
2022-09-26,7,5,12,58.333333333333336,116.98682878357971
2022-09-27,6,6,12,50.0,117.02666379353988
2022-09-28,6,6,12,50.0,115.45643115964945
2022-09-29,8,4,12,66.66666666666666,117.94278052402431
2022-09-30,10,2,12,83.33333333333334,120.53996008195298
2022-10-03,8,4,12,66.66666666666666,117.90853973127136
2022-10-04,10,2,12,83.33333333333334,120.61783503509919
2022-10-06,10,2,12,83.33333333333334,121.71158023904896
2022-10-07,10,2,12,83.33333333333334,121.44415907523711
2022-10-10,9,3,12,75.0,120.23624589944161
2022-10-11,8,4,12,66.66666666666666,118.22985634164466
2022-10-12,8,4,12,66.66666666666666,119.18771383757749
2022-10-13,8,4,12,66.66666666666666,117.89630160532623
2022-10-14,8,4,12,66.66666666666666,118.07978125893072
2022-10-17,8,4,12,66.66666666666666,120.97693817803024
2022-10-18,9,3,12,75.0,124.92799556001341
2022-10-19,11,1,12,91.66666666666666,125.54176384366518
2022-10-20,11,1,12,91.66666666666666,127.27568585521416
2022-10-21,11,1,12,91.66666666666666,129.42693858527716
2022-10-24,11,1,12,91.66666666666666,131.1856739014715
2022-10-25,12,0,12,100.0,136.7935350065533
2022-10-27,12,0,12,100.0,137.8339659972094
2022-10-28,12,0,12,100.0,137.41997028516096
2022-10-31,12,0,12,100.0,138.01314183041416
2022-11-01,12,0,12,100.0,137.18345272745114
2022-11-02,12,0,12,100.0,136.84437772521662
2022-11-03,12,0,12,100.0,141.83078311011127
2022-11-04,12,0,12,100.0,147.13889797755098
2022-11-07,12,0,12,100.0,151.06349975174533
2022-11-09,12,0,12,100.0,158.26217750240482
2022-11-10,12,0,12,100.0,154.52239606648672
2022-11-11,12,0,12,100.0,154.2235766461636
2022-11-14,12,0,12,100.0,152.88229955051216
2022-11-15,12,0,12,100.0,152.34158179994162
2022-11-16,12,0,12,100.0,152.90075646742196
2022-11-17,12,0,12,100.0,154.86739119505222
2022-11-18,12,0,12,100.0,159.62117634292957
2022-11-21,12,0,12,100.0,169.2227048363471
2022-11-22,12,0,12,100.0,173.12026028996732
2022-11-23,12,0,12,100.0,172.07282487772656
2022-11-24,12,0,12,100.0,172.7657400933723
2022-11-25,12,0,12,100.0,173.99433115531806
2022-11-28,12,0,12,100.0,174.23829271540822
2022-11-29,12,0,12,100.0,173.4804971044404
2022-11-30,12,0,12,100.0,170.73812190601916
2022-12-01,12,0,12,100.0,175.17327439635568
2022-12-02,12,0,12,100.0,177.10734281997318
2022-12-05,12,0,12,100.0,179.61103503825117
2022-12-06,12,0,12,100.0,186.21735931081
2022-12-07,12,0,12,100.0,188.53499421797315
2022-12-08,12,0,12,100.0,198.56724067168244
2022-12-09,12,0,12,100.0,196.38996690795568
2022-12-12,12,0,12,100.0,201.69766613628238
2022-12-13,12,0,12,100.0,218.45051209135588
2022-12-14,12,0,12,100.0,223.85852327212694
2022-12-15,12,0,12,100.0,223.1783654122736
2022-12-16,12,0,12,100.0,215.81131560131047
2022-12-19,12,0,12,100.0,213.39256086904533
2022-12-20,12,0,12,100.0,209.14284833406552
2022-12-21,12,0,12,100.0,203.17997657356455
2022-12-22,12,0,12,100.0,199.1450143316379
2022-12-23,12,0,12,100.0,183.873284198359
2022-12-26,12,0,12,100.0,200.41784094572859
2022-12-27,12,0,12,100.0,204.98306831801946
2022-12-28,12,0,12,100.0,202.7381675577913
2022-12-29,12,0,12,100.0,201.59769144672742
2022-12-30,12,0,12,100.0,206.43522607461827
2023-01-02,12,0,12,100.0,207.32392592689385
2023-01-03,12,0,12,100.0,210.51877182603977
2023-01-04,12,0,12,100.0,207.6547888526218
2023-01-05,12,0,12,100.0,207.29778793326085
2023-01-06,12,0,12,100.0,204.64036890764189
2023-01-09,12,0,12,100.0,206.01678277442588
2023-01-10,12,0,12,100.0,199.3327194531027
2023-01-11,12,0,12,100.0,202.1625021271825
2023-01-12,12,0,12,100.0,201.0536965366982
2023-01-13,12,0,12,100.0,203.64313120120556
2023-01-16,12,0,12,100.0,210.7028443795433
2023-01-17,12,0,12,100.0,206.60704034865333
2023-01-18,12,0,12,100.0,203.57281557465257
2023-01-19,12,0,12,100.0,204.81502460113578
2023-01-20,12,0,12,100.0,203.82883733368624
2023-01-23,12,0,12,100.0,202.40979000247373
2023-01-24,12,0,12,100.0,198.18922061943638
2023-01-25,12,0,12,100.0,194.01396451402516
2023-01-27,12,0,12,100.0,184.01071045361456
2023-01-30,12,0,12,100.0,185.77097152761343
2023-01-31,12,0,12,100.0,194.09253774704672
2023-02-01,11,1,12,91.66666666666666,184.35116936230145
2023-02-02,11,1,12,91.66666666666666,183.03910586343838
2023-02-03,12,0,12,100.0,186.04463396592317
2023-02-06,12,0,12,100.0,185.11609856010787
2023-02-07,12,0,12,100.0,183.26731846745216
2023-02-08,12,0,12,100.0,185.33136616515137
2023-02-09,12,0,12,100.0,184.68500573380325
2023-02-10,12,0,12,100.0,186.69048173290122
2023-02-13,12,0,12,100.0,182.33927832089879
2023-02-14,12,0,12,100.0,182.2985432334956
2023-02-15,12,0,12,100.0,182.95511353764417
2023-02-16,12,0,12,100.0,182.05312179204097
2023-02-17,11,1,12,91.66666666666666,179.70012666596082
2023-02-20,11,1,12,91.66666666666666,176.89049523265527
2023-02-21,11,1,12,91.66666666666666,173.0549128476663
2023-02-22,11,1,12,91.66666666666666,169.69104426724115
2023-02-23,11,1,12,91.66666666666666,172.3815968734891
2023-02-24,11,1,12,91.66666666666666,169.389358020966
2023-02-27,11,1,12,91.66666666666666,168.57991139247838
2023-02-28,11,1,12,91.66666666666666,171.29646992083002
2023-03-01,11,1,12,91.66666666666666,176.13313605264955
2023-03-02,11,1,12,91.66666666666666,175.68586913918952
2023-03-03,12,0,12,100.0,186.26275176256695
2023-03-06,12,0,12,100.0,185.05806962222076
2023-03-08,12,0,12,100.0,185.97445674184655
2023-03-09,12,0,12,100.0,183.63919407900408
2023-03-10,12,0,12,100.0,180.2243527023992
2023-03-13,11,1,12,91.66666666666666,174.4175426664347
2023-03-14,11,1,12,91.66666666666666,168.87586843078094
2023-03-15,11,1,12,91.66666666666666,168.04759682550133
2023-03-16,11,1,12,91.66666666666666,169.03372948671552
2023-03-17,11,1,12,91.66666666666666,170.35586758775386
2023-03-20,11,1,12,91.66666666666666,167.0774473165045
2023-03-21,11,1,12,91.66666666666666,169.9393515823175
2023-03-22,11,1,12,91.66666666666666,171.04368985480968
2023-03-23,11,1,12,91.66666666666666,168.9415105696669
2023-03-24,10,2,12,83.33333333333334,164.46092652857718
2023-03-27,9,3,12,75.0,162.49136553856704
2023-03-28,9,3,12,75.0,161.83344396737675
2023-03-29,11,1,12,91.66666666666666,170.56280774785915
2023-03-31,11,1,12,91.66666666666666,170.84741938736576
2023-04-03,11,1,12,91.66666666666666,174.9798582305929
2023-04-05,11,1,12,91.66666666666666,173.47339911072424
2023-04-06,11,1,12,91.66666666666666,174.0453063187188
2023-04-10,11,1,12,91.66666666666666,172.34430484195468
2023-04-11,11,1,12,91.66666666666666,175.71319282583596
2023-04-12,11,1,12,91.66666666666666,174.30172698562808
2023-04-13,11,1,12,91.66666666666666,178.63632669408796
2023-04-17,11,1,12,91.66666666666666,187.40511874279707
2023-04-18,11,1,12,91.66666666666666,188.3943701686156
2023-04-19,11,1,12,91.66666666666666,187.04023911102698
2023-04-20,11,1,12,91.66666666666666,185.5341898219032
2023-04-21,11,1,12,91.66666666666666,182.89545008996703
2023-04-24,12,0,12,100.0,189.92784828570294
2023-04-25,12,0,12,100.0,191.4775973678714
2023-04-26,12,0,12,100.0,192.23150446108886
2023-04-27,12,0,12,100.0,193.96434922946705
2023-04-28,12,0,12,100.0,200.69247307902498
2023-05-02,12,0,12,100.0,202.4054861549962
2023-05-03,12,0,12,100.0,197.8861367528914
2023-05-04,12,0,12,100.0,200.30071634690114
2023-05-05,12,0,12,100.0,197.81971057996574
2023-05-08,12,0,12,100.0,194.71314479638318
2023-05-09,12,0,12,100.0,189.68608393019116
2023-05-10,12,0,12,100.0,186.96222402269947
2023-05-11,12,0,12,100.0,187.89462583433004
2023-05-12,12,0,12,100.0,188.13342723863647
2023-05-15,12,0,12,100.0,189.0930917346474
2023-05-16,12,0,12,100.0,190.5649565559291
2023-05-17,12,0,12,100.0,189.68945988940487
2023-05-18,12,0,12,100.0,187.39326827603148
2023-05-19,12,0,12,100.0,186.3788988507396
2023-05-22,12,0,12,100.0,186.63117794628135
2023-05-23,12,0,12,100.0,186.67494133175794
2023-05-24,12,0,12,100.0,185.2677031869032
2023-05-25,12,0,12,100.0,184.42176473654808
2023-05-26,12,0,12,100.0,187.48004696936152
2023-05-29,12,0,12,100.0,187.40259222579405
2023-05-30,12,0,12,100.0,187.43468969398393
2023-05-31,12,0,12,100.0,188.65481022230404
2023-06-01,12,0,12,100.0,192.21743691675414
2023-06-02,12,0,12,100.0,193.39012687944586
2023-06-05,12,0,12,100.0,191.7028012650001
2023-06-06,12,0,12,100.0,191.19469417875604
2023-06-07,12,0,12,100.0,192.30116388625854
2023-06-08,12,0,12,100.0,191.85613398667937
2023-06-09,11,1,12,91.66666666666666,188.86240420983387
2023-06-12,12,0,12,100.0,189.31055223596067
2023-06-13,12,0,12,100.0,189.76719916636037
2023-06-14,12,0,12,100.0,189.6510356544911
2023-06-15,11,1,12,91.66666666666666,186.10744801542523
2023-06-16,11,1,12,91.66666666666666,187.6027719209725
2023-06-19,12,0,12,100.0,189.78899617298103
2023-06-20,12,0,12,100.0,191.76314598256513
2023-06-21,12,0,12,100.0,191.73812909454747
2023-06-22,12,0,12,100.0,188.65237023361004
2023-06-23,9,3,12,75.0,186.16262207817076
2023-06-26,9,3,12,75.0,185.70193174488136
2023-06-27,11,1,12,91.66666666666666,187.72827404427065
2023-06-28,10,2,12,83.33333333333334,188.20194688938724
2023-06-30,12,0,12,100.0,193.20758924598306
2023-07-03,12,0,12,100.0,199.70007559081816
2023-07-04,12,0,12,100.0,204.21093019720433
2023-07-05,12,0,12,100.0,206.36021289829736
2023-07-06,12,0,12,100.0,208.7433492804546
2023-07-07,12,0,12,100.0,209.39742824354553
2023-07-10,12,0,12,100.0,208.33441446625028
2023-07-11,12,0,12,100.0,207.90361210463462
2023-07-12,12,0,12,100.0,211.78021375426403
2023-07-13,12,0,12,100.0,205.40920975893394
2023-07-14,12,0,12,100.0,207.04688020869258
2023-07-17,12,0,12,100.0,211.761924012795
2023-07-18,12,0,12,100.0,208.99712307996055
2023-07-19,12,0,12,100.0,213.0138187612994
2023-07-20,12,0,12,100.0,214.5274184685894
2023-07-21,12,0,12,100.0,216.5451822048992
2023-07-24,12,0,12,100.0,216.0623412625283
2023-07-25,12,0,12,100.0,212.70946841814688
2023-07-26,12,0,12,100.0,215.46498681784465
2023-07-27,12,0,12,100.0,216.65084165170975
2023-07-28,12,0,12,100.0,216.59267542616217
2023-07-31,12,0,12,100.0,216.5927895013798
2023-08-01,12,0,12,100.0,217.24942163099269
2023-08-02,12,0,12,100.0,212.11028373886248
2023-08-03,12,0,12,100.0,211.52509521401092
2023-08-04,12,0,12,100.0,211.83548135809352
2023-08-07,12,0,12,100.0,209.53979749433955
2023-08-08,12,0,12,100.0,218.02606324890257
2023-08-09,12,0,12,100.0,219.15816854314926
2023-08-10,12,0,12,100.0,217.1293755130267
2023-08-11,12,0,12,100.0,224.27695535904576
2023-08-14,11,1,12,91.66666666666666,225.27960894153748
2023-08-16,11,1,12,91.66666666666666,228.1210650812361
2023-08-17,12,0,12,100.0,229.57193367768016
2023-08-18,12,0,12,100.0,231.43011818351366
2023-08-21,12,0,12,100.0,229.77412918122994
2023-08-22,12,0,12,100.0,228.27591960262086
2023-08-23,12,0,12,100.0,234.66263314478567
2023-08-24,12,0,12,100.0,232.58691344888538
2023-08-25,12,0,12,100.0,228.852056635056
2023-08-28,12,0,12,100.0,230.06012567199545
2023-08-29,12,0,12,100.0,227.85727210681114
2023-08-30,12,0,12,100.0,227.5744326379385
2023-08-31,11,1,12,91.66666666666666,224.8269859077804
2023-09-01,12,0,12,100.0,226.76428026581763
2023-09-04,12,0,12,100.0,235.4973244133582
2023-09-05,12,0,12,100.0,240.36497091734753
2023-09-06,12,0,12,100.0,238.27919743239187
2023-09-07,12,0,12,100.0,241.4707098835067
2023-09-08,12,0,12,100.0,241.9410301807107
2023-09-11,12,0,12,100.0,251.75166396452187
2023-09-12,12,0,12,100.0,240.69879119266417
2023-09-13,12,0,12,100.0,253.3136616726038
2023-09-14,12,0,12,100.0,261.59529248173646
2023-09-15,12,0,12,100.0,267.76682708437016
2023-09-18,12,0,12,100.0,285.95426363689256
2023-09-20,12,0,12,100.0,278.64691799604714
2023-09-21,12,0,12,100.0,270.8190994857128
2023-09-22,12,0,12,100.0,281.5068954980457
2023-09-25,12,0,12,100.0,280.25060706246666
2023-09-26,12,0,12,100.0,280.1735554440388
2023-09-27,12,0,12,100.0,283.00170210763247
2023-09-28,12,0,12,100.0,280.5723287824488
2023-09-29,12,0,12,100.0,285.57429293541753
2023-10-03,12,0,12,100.0,294.39852354556393
2023-10-04,12,0,12,100.0,286.39354766367217
2023-10-05,12,0,12,100.0,283.73052523588
2023-10-06,12,0,12,100.0,283.0935951588995
2023-10-09,12,0,12,100.0,269.6739330352383
2023-10-10,12,0,12,100.0,278.22996854391556
2023-10-11,12,0,12,100.0,276.29731864420705
2023-10-12,12,0,12,100.0,276.44585383943416
2023-10-13,12,0,12,100.0,273.0487938718537
2023-10-16,12,0,12,100.0,275.267040114791
2023-10-17,12,0,12,100.0,276.9359479052999
2023-10-18,12,0,12,100.0,270.4351839089538
2023-10-19,12,0,12,100.0,269.4254222866928
2023-10-20,11,1,12,91.66666666666666,263.77075374166077
2023-10-23,11,1,12,91.66666666666666,248.739816043515
2023-10-25,11,1,12,91.66666666666666,251.02245874241908
2023-10-26,11,1,12,91.66666666666666,249.699274248175
2023-10-27,11,1,12,91.66666666666666,260.80504508367
2023-10-30,12,0,12,100.0,258.58817612480533
2023-10-31,12,0,12,100.0,258.7248755845974
2023-11-01,12,0,12,100.0,260.10832615098695
2023-11-02,12,0,12,100.0,264.37646022175556
2023-11-03,12,0,12,100.0,264.73107700020313
2023-11-06,12,0,12,100.0,262.9867694516423
2023-11-07,12,0,12,100.0,265.34176888310037
2023-11-08,12,0,12,100.0,264.99748523808773
2023-11-09,12,0,12,100.0,263.85286376338377
2023-11-10,12,0,12,100.0,263.7012189163317
2023-11-13,12,0,12,100.0,276.9629904127517
2023-11-15,12,0,12,100.0,277.9869128391412
2023-11-16,12,0,12,100.0,276.324851834775
2023-11-17,11,1,12,91.66666666666666,270.83175347749983
2023-11-20,12,0,12,100.0,270.6276340799606
2023-11-21,11,1,12,91.66666666666666,269.63487112628593
2023-11-22,11,1,12,91.66666666666666,265.40597155744956
2023-11-23,11,1,12,91.66666666666666,265.42356224422184
2023-11-24,11,1,12,91.66666666666666,264.04773334362284
2023-11-28,12,0,12,100.0,267.3267210619533
2023-11-29,12,0,12,100.0,269.53437753873004
2023-11-30,12,0,12,100.0,266.21774965958434
2023-12-01,12,0,12,100.0,270.0787443839633
2023-12-04,12,0,12,100.0,281.10284499091017
2023-12-05,12,0,12,100.0,284.180181972562
2023-12-06,12,0,12,100.0,286.7560131254186
2023-12-07,12,0,12,100.0,288.4223979931933
2023-12-08,12,0,12,100.0,287.2162989371269
2023-12-11,12,0,12,100.0,292.78606520194677
2023-12-12,12,0,12,100.0,292.2900114315196
2023-12-13,12,0,12,100.0,292.3615901828468
2023-12-14,12,0,12,100.0,294.35845184720796
2023-12-15,12,0,12,100.0,300.19210933063886
2023-12-18,12,0,12,100.0,299.08280161201276
2023-12-19,12,0,12,100.0,302.19419002645213
2023-12-20,12,0,12,100.0,284.5911158059375
2023-12-21,12,0,12,100.0,290.09024013262274
2023-12-22,12,0,12,100.0,288.96825872980133
2023-12-26,12,0,12,100.0,288.0096636416494
2023-12-27,12,0,12,100.0,292.37504642829987
2023-12-28,12,0,12,100.0,294.83294996334837
2023-12-29,12,0,12,100.0,294.065099054108
2024-01-01,12,0,12,100.0,296.73508489896403
2024-01-02,12,0,12,100.0,296.15676395191485
2024-01-03,12,0,12,100.0,301.1299930398389
2024-01-04,12,0,12,100.0,304.6940536153529
2024-01-05,12,0,12,100.0,303.09137914441396
2024-01-08,12,0,12,100.0,296.4177365283241
2024-01-09,12,0,12,100.0,295.6872916052237
2024-01-10,12,0,12,100.0,294.5562140432383
2024-01-11,12,0,12,100.0,297.226053374136
2024-01-12,12,0,12,100.0,307.0210218422514
2024-01-15,12,0,12,100.0,310.95461302554463
2024-01-16,12,0,12,100.0,312.52689492251153
2024-01-17,12,0,12,100.0,307.1087766483906
2024-01-18,12,0,12,100.0,311.3077812844928
2024-01-19,12,0,12,100.0,314.94248293409925
2024-01-23,12,0,12,100.0,310.00515802748725
2024-01-24,12,0,12,100.0,318.1594510202447
2024-01-25,12,0,12,100.0,317.549660993281
2024-01-29,12,0,12,100.0,328.01163176462313
2024-01-30,12,0,12,100.0,330.6208499169101
2024-01-31,12,0,12,100.0,338.49782711993566
2024-02-01,12,0,12,100.0,352.34440865113095
2024-02-02,12,0,12,100.0,368.9557629806614
2024-02-05,12,0,12,100.0,379.10099073183704
2024-02-06,12,0,12,100.0,382.1349832250251
2024-02-07,12,0,12,100.0,404.686692668477
2024-02-08,12,0,12,100.0,400.19221128951335
2024-02-09,12,0,12,100.0,393.5072373577001
2024-02-12,12,0,12,100.0,365.9175616427877
2024-02-13,12,0,12,100.0,373.38916080904556
2024-02-14,12,0,12,100.0,386.296482109739
2024-02-15,12,0,12,100.0,400.49754469349034
2024-02-16,12,0,12,100.0,397.62407358121317
2024-02-19,12,0,12,100.0,397.8098960289817
2024-02-20,12,0,12,100.0,394.83658780818354
2024-02-21,12,0,12,100.0,395.6019700641588
2024-02-22,12,0,12,100.0,398.2167208040091
2024-02-23,12,0,12,100.0,392.3840304600514
2024-02-26,12,0,12,100.0,389.47681949898526
2024-02-27,12,0,12,100.0,385.1793512248452
2024-02-28,12,0,12,100.0,375.46743631196136
2024-02-29,12,0,12,100.0,382.2268620634867
2024-03-01,12,0,12,100.0,388.36757813066424
2024-03-04,12,0,12,100.0,388.4467768435504
2024-03-05,12,0,12,100.0,405.85515633856346
2024-03-06,12,0,12,100.0,400.5502723415603
2024-03-07,12,0,12,100.0,400.47651695082374
2024-03-11,12,0,12,100.0,392.58033756925005
2024-03-12,12,0,12,100.0,379.4104556317097
2024-03-13,12,0,12,100.0,355.36495077570333
2024-03-14,12,0,12,100.0,370.02713454724307
2024-03-15,12,0,12,100.0,369.6981101500717
2024-03-18,12,0,12,100.0,367.7729954085052
2024-03-19,12,0,12,100.0,361.6627318629842
2024-03-20,12,0,12,100.0,359.48568791864153
2024-03-21,12,0,12,100.0,367.2239434297811
2024-03-22,12,0,12,100.0,372.79922702326064
2024-03-26,12,0,12,100.0,371.0946883825303
2024-03-27,12,0,12,100.0,366.42153965900525
2024-03-28,12,0,12,100.0,380.246482870487
2024-04-01,12,0,12,100.0,393.2626457329511
2024-04-02,12,0,12,100.0,394.68315839056555
2024-04-03,12,0,12,100.0,403.90233839187914
2024-04-04,12,0,12,100.0,401.0907049668519
2024-04-05,12,0,12,100.0,404.98998618278443
2024-04-08,12,0,12,100.0,398.58481786399625
2024-04-09,12,0,12,100.0,394.99380970059394
2024-04-10,12,0,12,100.0,399.46651714384063
2024-04-12,12,0,12,100.0,393.6929441365135
2024-04-15,12,0,12,100.0,383.029086107258
2024-04-16,12,0,12,100.0,382.02457574024413
2024-04-18,12,0,12,100.0,380.30819897914347
2024-04-19,12,0,12,100.0,378.728580958954
2024-04-22,12,0,12,100.0,392.4047962026116
2024-04-23,12,0,12,100.0,391.28065711175293
2024-04-24,12,0,12,100.0,389.91055816429554
2024-04-25,12,0,12,100.0,403.32623678678027
2024-04-26,12,0,12,100.0,404.64383783496726
2024-04-29,12,0,12,100.0,417.1711938631527
2024-04-30,12,0,12,100.0,415.31816492354005
2024-05-02,12,0,12,100.0,411.98977218237223
2024-05-03,12,0,12,100.0,406.6862859456279
2024-05-06,12,0,12,100.0,394.0821920105873
2024-05-07,12,0,12,100.0,382.2717995708818
2024-05-08,12,0,12,100.0,387.14440272390226
2024-05-09,12,0,12,100.0,378.9127677070725
2024-05-10,12,0,12,100.0,380.35841832699583
2024-05-13,12,0,12,100.0,371.60058149011763
2024-05-14,12,0,12,100.0,375.90377349441883
2024-05-15,12,0,12,100.0,381.75854399738915
2024-05-16,12,0,12,100.0,379.67665690040457
2024-05-17,12,0,12,100.0,381.21036620819757
2024-05-21,12,0,12,100.0,396.55411564951953
2024-05-22,12,0,12,100.0,397.5678056369232
2024-05-23,12,0,12,100.0,404.3868913279574
2024-05-24,12,0,12,100.0,403.1241728275508
2024-05-27,12,0,12,100.0,416.1301785178945
2024-05-28,12,0,12,100.0,405.4205066067956
2024-05-29,12,0,12,100.0,404.05672455842085
2024-05-30,12,0,12,100.0,398.4120109724934
2024-05-31,12,0,12,100.0,404.62817431728456
2024-06-03,12,0,12,100.0,435.7256549687694
2024-06-04,11,1,12,91.66666666666666,370.40348176629305
2024-06-05,11,1,12,91.66666666666666,379.7647747646832
2024-06-06,11,1,12,91.66666666666666,391.2219339402525
2024-06-07,12,0,12,100.0,396.1646400047768
2024-06-10,12,0,12,100.0,397.63097946296216
2024-06-11,12,0,12,100.0,397.5683178887186
2024-06-12,12,0,12,100.0,403.3186639914809
2024-06-13,12,0,12,100.0,402.77678866392034
2024-06-14,12,0,12,100.0,404.3465743421283
2024-06-18,12,0,12,100.0,402.48537063799813
2024-06-19,12,0,12,100.0,402.1978037229712
2024-06-20,12,0,12,100.0,403.65169507852625
2024-06-21,12,0,12,100.0,399.7182687219171
2024-06-24,12,0,12,100.0,396.5682267633225
2024-06-25,12,0,12,100.0,394.4181797989692
2024-06-26,12,0,12,100.0,394.56149690353925
2024-06-27,12,0,12,100.0,390.3748425157257
2024-06-28,12,0,12,100.0,393.3970266746011
2024-07-01,12,0,12,100.0,391.3897573280427
2024-07-02,11,1,12,91.66666666666666,385.75641833940944
2024-07-03,11,1,12,91.66666666666666,387.7882942869745
2024-07-04,11,1,12,91.66666666666666,388.0618563116748
2024-07-05,12,0,12,100.0,390.4765397455734
2024-07-08,12,0,12,100.0,385.0405518025983
2024-07-09,12,0,12,100.0,394.2350223756529
2024-07-10,12,0,12,100.0,389.860422314911
2024-07-11,12,0,12,100.0,388.5590817732795
2024-07-12,11,1,12,91.66666666666666,387.76285126093694
2024-07-15,12,0,12,100.0,402.69017357826095
2024-07-16,12,0,12,100.0,401.9085139952204
2024-07-18,12,0,12,100.0,401.5922374088551
2024-07-19,11,1,12,91.66666666666666,392.7461835623009
2024-07-22,12,0,12,100.0,396.2914262787837
2024-07-23,11,1,12,91.66666666666666,388.67572594980635
2024-07-24,11,1,12,91.66666666666666,394.2450140769358
2024-07-25,11,1,12,91.66666666666666,391.67283175618275
2024-07-26,11,1,12,91.66666666666666,400.16975917145265
2024-07-29,12,0,12,100.0,408.0474259255545
2024-07-30,12,0,12,100.0,406.2463055913336
2024-07-31,12,0,12,100.0,403.66418860037214
2024-08-01,12,0,12,100.0,400.49243766244905
2024-08-02,12,0,12,100.0,395.7359301308292
2024-08-05,11,1,12,91.66666666666666,376.16861608407146
2024-08-06,9,3,12,75.0,370.61243476700525
2024-08-07,10,2,12,83.33333333333334,376.7352174345798
2024-08-08,10,2,12,83.33333333333334,373.9660620970239
2024-08-09,10,2,12,83.33333333333334,378.1288230673008
2024-08-12,10,2,12,83.33333333333334,373.7775885284706
2024-08-13,10,2,12,83.33333333333334,367.6847323075777
2024-08-14,7,5,12,58.333333333333336,364.56067840768327
2024-08-16,9,3,12,75.0,368.71530467952323
2024-08-19,10,2,12,83.33333333333334,376.23416332587215
2024-08-20,10,2,12,83.33333333333334,381.26190344479915
2024-08-21,10,2,12,83.33333333333334,380.24965873286607
2024-08-22,10,2,12,83.33333333333334,382.46888780360604
2024-08-23,10,2,12,83.33333333333334,379.9441639599912
2024-08-26,10,2,12,83.33333333333334,377.587068164845
2024-08-27,10,2,12,83.33333333333334,378.29822977807163
2024-08-28,10,2,12,83.33333333333334,377.52292873909624
2024-08-29,10,2,12,83.33333333333334,376.82854476800685
2024-08-30,10,2,12,83.33333333333334,377.5388833344204
2024-09-02,9,3,12,75.0,377.155566740033
2024-09-03,9,3,12,75.0,376.0812364942126
2024-09-04,7,5,12,58.333333333333336,370.11470791220466
2024-09-05,7,5,12,58.333333333333336,371.03174039725764
2024-09-06,4,8,12,33.33333333333333,361.10251780238417
2024-09-09,3,9,12,25.0,357.850543038214
2024-09-10,3,9,12,25.0,359.02756428411016
2024-09-11,2,10,12,16.666666666666664,353.36409020521876
2024-09-12,2,10,12,16.666666666666664,356.4972871340425
2024-09-13,6,6,12,50.0,363.4062666953482
2024-09-16,6,6,12,50.0,364.35365995036346
2024-09-17,4,8,12,33.33333333333333,361.0514511920186
2024-09-18,1,11,12,8.333333333333332,359.3322907117278
2024-09-19,2,10,12,16.666666666666664,354.7702466337578
2024-09-20,1,11,12,8.333333333333332,356.49636619702784
2024-09-23,6,6,12,50.0,371.85677961165294
2024-09-24,6,6,12,50.0,366.6227776102352
2024-09-25,4,8,12,33.33333333333333,362.4402080190293
2024-09-26,4,8,12,33.33333333333333,364.49052570186785
2024-09-27,5,7,12,41.66666666666667,366.12293937919554
2024-09-30,4,8,12,33.33333333333333,361.9189475962149
2024-10-01,3,9,12,25.0,360.8936486287719
2024-10-03,2,10,12,16.666666666666664,354.5763817607338
2024-10-04,3,9,12,25.0,354.6008779757826
2024-10-07,2,10,12,16.666666666666664,341.74659163969704
2024-10-08,2,10,12,16.666666666666664,347.5783151437357
2024-10-09,2,10,12,16.666666666666664,348.1708002144319
2024-10-10,2,10,12,16.666666666666664,346.4759173344632
2024-10-11,2,10,12,16.666666666666664,346.2540409874103
2024-10-14,2,10,12,16.666666666666664,346.5303289887017
2024-10-15,2,10,12,16.666666666666664,345.83322493165304
2024-10-16,1,11,12,8.333333333333332,346.72339637316816
2024-10-17,1,11,12,8.333333333333332,345.638915930167
2024-10-18,1,11,12,8.333333333333332,348.85461890593643
2024-10-21,1,11,12,8.333333333333332,343.4548579678814
2024-10-22,1,11,12,8.333333333333332,326.73184073811797
2024-10-23,1,11,12,8.333333333333332,329.4088256526754
2024-10-24,1,11,12,8.333333333333332,331.60521093089324
2024-10-25,1,11,12,8.333333333333332,322.4244833834205
2024-10-28,2,10,12,16.666666666666664,334.7487711967766
2024-10-29,3,9,12,25.0,345.5911028134126
2024-10-30,2,10,12,16.666666666666664,351.28301085316036
2024-10-31,2,10,12,16.666666666666664,352.61802232167116
2024-11-01,3,9,12,25.0,356.42517620168087
2024-11-04,3,9,12,25.0,350.90678924551344
2024-11-05,3,9,12,25.0,356.86209032600857
2024-11-06,3,9,12,25.0,363.01077405950275
2024-11-07,3,9,12,25.0,361.49802213086133
2024-11-08,3,9,12,25.0,353.2008696091422
2024-11-11,3,9,12,25.0,352.8547317018377
2024-11-12,2,10,12,16.666666666666664,346.8447898420116
2024-11-13,2,10,12,16.666666666666664,332.7912784182247
2024-11-14,2,10,12,16.666666666666664,331.41386582209265
2024-11-18,1,11,12,8.333333333333332,333.5263365922922
2024-11-19,1,11,12,8.333333333333332,334.45839194185913
2024-11-21,0,12,12,0.0,326.53346680258693
2024-11-22,1,11,12,8.333333333333332,332.99866823522814
2024-11-25,2,10,12,16.666666666666664,348.4679824423216
2024-11-26,2,10,12,16.666666666666664,349.1629652894585
2024-11-27,2,10,12,16.666666666666664,351.2172427428405
2024-11-28,2,10,12,16.666666666666664,355.35272322179327
2024-11-29,2,10,12,16.666666666666664,353.24324975191325
2024-12-02,2,10,12,16.666666666666664,352.2342613427147
2024-12-03,3,9,12,25.0,360.61371987947666
2024-12-04,4,8,12,33.33333333333333,377.43506061129676
2024-12-05,3,9,12,25.0,374.9459198487176
2024-12-06,3,9,12,25.0,375.50316178236346
2024-12-09,3,9,12,25.0,373.2808694341462
2024-12-10,3,9,12,25.0,372.51505675315946
2024-12-11,3,9,12,25.0,370.25528861276695
2024-12-12,3,9,12,25.0,367.9854447996938
2024-12-13,3,9,12,25.0,363.71297533565485
2024-12-16,3,9,12,25.0,366.31033344123847
2024-12-17,3,9,12,25.0,358.7902184321723
2024-12-18,2,10,12,16.666666666666664,351.10695083992056
2024-12-19,2,10,12,16.666666666666664,348.7624549508911
2024-12-20,1,11,12,8.333333333333332,341.64046313244864
2024-12-23,1,11,12,8.333333333333332,341.8334337210255
2024-12-24,2,10,12,16.666666666666664,341.0634789043451
2024-12-26,2,10,12,16.666666666666664,340.99316544117346
2024-12-27,1,11,12,8.333333333333332,338.85688132277124
2024-12-30,0,12,12,0.0,334.44414953733207
2024-12-31,0,12,12,0.0,338.829845077568
2025-01-01,0,12,12,0.0,339.9470210295586
2025-01-02,0,12,12,0.0,341.8640316717731
2025-01-03,0,12,12,0.0,346.2550851225158
2025-01-06,0,12,12,0.0,331.0080946936189
2025-01-07,0,12,12,0.0,331.9065851719939
2025-01-08,0,12,12,0.0,329.1397449527888
2025-01-09,0,12,12,0.0,323.91985736837074
2025-01-10,0,12,12,0.0,314.30366704904526
2025-01-13,0,12,12,0.0,301.1953925749279
2025-01-14,0,12,12,0.0,328.49084789528047
2025-01-15,0,12,12,0.0,322.05724459397015
2025-01-16,0,12,12,0.0,331.34546698624143
2025-01-17,0,12,12,0.0,330.9853803643223
2025-01-20,0,12,12,0.0,338.2838194470456
2025-01-21,0,12,12,0.0,332.4777635210147
2025-01-22,0,12,12,0.0,327.9706463482125
2025-01-23,0,12,12,0.0,328.58468124289027
2025-01-24,0,12,12,0.0,321.3541955727205
2025-01-27,0,12,12,0.0,320.9147626036851
2025-01-28,0,12,12,0.0,326.09554677724975
2025-01-29,1,11,12,8.333333333333332,329.35001713882997
2025-01-30,1,11,12,8.333333333333332,329.01069302871855
2025-01-31,1,11,12,8.333333333333332,334.8815467263678
2025-02-01,0,12,12,0.0,328.50944488580274
2025-02-03,0,12,12,0.0,320.8683532682976
2025-02-04,0,12,12,0.0,328.0591573083226
2025-02-05,0,12,12,0.0,334.08718165961824
2025-02-06,1,11,12,8.333333333333332,332.5879829391533
2025-02-07,1,11,12,8.333333333333332,328.5703816320255
2025-02-10,0,12,12,0.0,323.36627936252864
2025-02-11,0,12,12,0.0,314.2494149228465
2025-02-12,0,12,12,0.0,316.8335046050914
2025-02-13,0,12,12,0.0,315.85629500953473
2025-02-14,0,12,12,0.0,308.00168800380686
2025-02-17,0,12,12,0.0,307.98002887562205
2025-02-18,0,12,12,0.0,304.1788289315354
2025-02-19,0,12,12,0.0,310.33084791843623
2025-02-20,0,12,12,0.0,317.2343213387522
2025-02-21,0,12,12,0.0,312.32135253395074
2025-02-24,0,12,12,0.0,310.8031109803827
2025-02-25,0,12,12,0.0,307.76411392956646
2025-02-27,0,12,12,0.0,304.0397109392375
2025-02-28,0,12,12,0.0,294.51336036309823
2025-03-03,0,12,12,0.0,288.4176383738771
2025-03-04,0,12,12,0.0,293.33104196223707
2025-03-05,0,12,12,0.0,302.1945787423237
2025-03-06,0,12,12,0.0,304.8443609767672
2025-03-07,0,12,12,0.0,305.62240858983205
2025-03-10,0,12,12,0.0,297.659145073785
2025-03-11,0,12,12,0.0,296.5954812237798
2025-03-12,0,12,12,0.0,292.9338383616554
2025-03-13,0,12,12,0.0,292.07863033169133
2025-03-17,0,12,12,0.0,290.9994414550334
2025-03-18,0,12,12,0.0,290.9994414550334
2025-03-19,0,12,12,0.0,307.30634014456786
2025-03-20,0,12,12,0.0,307.4565680064555
2025-03-21,2,10,12,16.666666666666664,314.18762471351516
2025-03-24,2,10,12,16.666666666666664,322.2813895402775
2025-03-25,2,10,12,16.666666666666664,315.72308596279714
2025-03-26,1,11,12,8.333333333333332,310.8484058910055
2025-03-27,2,10,12,16.666666666666664,316.86072806551124
2025-03-28,2,10,12,16.666666666666664,311.8872371187188
2025-04-01,2,10,12,16.666666666666664,301.966337755184
2025-04-02,2,10,12,16.666666666666664,296.75214566916526
2025-04-03,3,9,12,25.0,302.06281310691156
2025-04-04,3,9,12,25.0,293.26362079085936
2025-04-07,0,12,12,0.0,280.7819090301327
2025-04-08,2,10,12,16.666666666666664,288.3365766984279
2025-04-09,0,12,12,0.0,282.9261368112405
2025-04-11,0,12,12,0.0,286.0631845574611
2025-04-15,3,9,12,25.0,291.36900741939536
2025-04-16,4,8,12,33.33333333333333,299.4633201447422
2025-04-17,5,7,12,41.66666666666667,302.6366790004316
2025-04-21,5,7,12,41.66666666666667,311.9469477673385
2025-04-22,5,7,12,41.66666666666667,314.4412557342843
2025-04-23,5,7,12,41.66666666666667,312.953609405704
2025-04-24,5,7,12,41.66666666666667,312.0012803135265
2025-04-25,5,7,12,41.66666666666667,304.45924754228406
2025-04-28,5,7,12,41.66666666666667,310.82318421332263
2025-04-29,5,7,12,41.66666666666667,313.36322178629365
2025-04-30,4,8,12,33.33333333333333,306.63573744832553
2025-05-02,5,7,12,41.66666666666667,305.81074713018836
2025-05-05,4,8,12,33.33333333333333,307.45287134253437
2025-05-06,2,10,12,16.666666666666664,292.40678912716015
2025-05-07,2,10,12,16.666666666666664,292.8518583195225
2025-05-08,1,11,12,8.333333333333332,289.48124699071695
2025-05-09,3,9,12,25.0,292.06952803537393
2025-05-12,5,7,12,41.66666666666667,303.8016888594126
2025-05-13,5,7,12,41.66666666666667,308.7277838734792
2025-05-14,5,7,12,41.66666666666667,311.21599689081023
2025-05-15,5,7,12,41.66666666666667,310.61846996335237
2025-05-16,6,6,12,50.0,312.59766025533395
2025-05-19,7,5,12,58.333333333333336,321.35444881205774
2025-05-20,6,6,12,50.0,315.86707258480607
2025-05-21,6,6,12,50.0,316.8604875053942
2025-05-22,6,6,12,50.0,314.6795697002747
2025-05-23,6,6,12,50.0,316.65867315676695
2025-05-26,6,6,12,50.0,316.9176859308287
2025-05-27,7,5,12,58.333333333333336,317.2486692331007
2025-05-28,7,5,12,58.333333333333336,320.6112072379145
2025-05-29,7,5,12,58.333333333333336,319.4591807009575
2025-05-30,8,4,12,66.66666666666666,331.52173308417304
2025-06-02,8,4,12,66.66666666666666,343.0505495028771
2025-06-03,8,4,12,66.66666666666666,339.46057592630365
2025-06-04,8,4,12,66.66666666666666,340.8125804612764
2025-06-05,8,4,12,66.66666666666666,338.80907966233866
2025-06-06,8,4,12,66.66666666666666,337.6786992349954
2025-06-09,8,4,12,66.66666666666666,343.9977189607401
2025-06-10,8,4,12,66.66666666666666,341.7370404418019
2025-06-11,8,4,12,66.66666666666666,337.9431185047871
2025-06-12,8,4,12,66.66666666666666,331.7722379057022
2025-06-13,8,4,12,66.66666666666666,327.9071358115109
2025-06-16,8,4,12,66.66666666666666,328.48088421187003
2025-06-17,8,4,12,66.66666666666666,326.9344791376584
2025-06-18,8,4,12,66.66666666666666,325.36250357939053
2025-06-19,8,4,12,66.66666666666666,316.7460878179478
2025-06-20,8,4,12,66.66666666666666,320.6551458636864
2025-06-23,8,4,12,66.66666666666666,320.50568121795635
2025-06-24,8,4,12,66.66666666666666,325.4037341728143
2025-06-25,8,4,12,66.66666666666666,326.9526239494361
2025-06-26,8,4,12,66.66666666666666,328.2181839577352
2025-06-27,8,4,12,66.66666666666666,331.9901184416078
2025-06-30,8,4,12,66.66666666666666,341.05912426690963
2025-07-01,8,4,12,66.66666666666666,345.492450115881
2025-07-02,8,4,12,66.66666666666666,342.45844819279034
2025-07-03,8,4,12,66.66666666666666,340.10311302508944
2025-07-04,8,4,12,66.66666666666666,340.9455418037725
2025-07-07,8,4,12,66.66666666666666,339.8859521271942
2025-07-08,8,4,12,66.66666666666666,337.3729763119506
2025-07-09,8,4,12,66.66666666666666,336.5728320688709
2025-07-10,8,4,12,66.66666666666666,333.8263990230666
2025-07-11,8,4,12,66.66666666666666,332.1322423322367
2025-07-14,8,4,12,66.66666666666666,333.7900340762073
2025-07-15,8,4,12,66.66666666666666,336.75950726574285
2025-07-16,8,4,12,66.66666666666666,342.12782426246724
2025-07-17,8,4,12,66.66666666666666,339.66950491256335
2025-07-18,8,4,12,66.66666666666666,337.3946551974525
2025-07-21,8,4,12,66.66666666666666,335.226926723496
2025-07-22,8,4,12,66.66666666666666,330.7990366289378
2025-07-23,8,4,12,66.66666666666666,330.36320501900764
2025-07-24,8,4,12,66.66666666666666,334.0934357044157
2025-07-25,8,4,12,66.66666666666666,328.01883099711756
2025-07-28,8,4,12,66.66666666666666,324.3456298601014
2025-07-29,8,4,12,66.66666666666666,325.7924474720039
2025-07-30,8,4,12,66.66666666666666,323.7476457118916
2025-07-31,8,4,12,66.66666666666666,320.8453382823871
2025-08-01,8,4,12,66.66666666666666,315.6379152466171
2025-08-04,8,4,12,66.66666666666666,319.54610883247085
2025-08-05,8,4,12,66.66666666666666,318.0871831866001
2025-08-06,8,4,12,66.66666666666666,317.861540086366
2025-08-07,8,4,12,66.66666666666666,318.18311985359304
2025-08-08,8,4,12,66.66666666666666,317.47573944391024
2025-08-11,8,4,12,66.66666666666666,322.37180353322333
2025-08-12,8,4,12,66.66666666666666,323.1589997221785
2025-08-13,8,4,12,66.66666666666666,322.05342917221355
2025-08-14,8,4,12,66.66666666666666,321.7413234090616
2025-08-18,8,4,12,66.66666666666666,324.4657962689231
2025-08-19,8,4,12,66.66666666666666,328.98347502676216
2025-08-20,8,4,12,66.66666666666666,328.7503979884291
2025-08-21,8,4,12,66.66666666666666,328.2655660665837
2025-08-22,8,4,12,66.66666666666666,324.5273746853555
2025-08-25,8,4,12,66.66666666666666,323.49726049954995
2025-08-26,8,4,12,66.66666666666666,317.2604872753383
2025-08-28,8,4,12,66.66666666666666,313.6874727275663
2025-08-29,8,4,12,66.66666666666666,312.6029049820118
2025-09-01,8,4,12,66.66666666666666,317.0436682234934
2025-09-02,8,4,12,66.66666666666666,319.4790863614999
2025-09-03,8,4,12,66.66666666666666,321.62563078480855
2025-09-04,8,4,12,66.66666666666666,316.8366416935578
2025-09-05,8,4,12,66.66666666666666,318.29128445183915
2025-09-08,8,4,12,66.66666666666666,320.3640637450458
2025-09-09,8,4,12,66.66666666666666,319.25669972910964
2025-09-10,8,4,12,66.66666666666666,327.22844763913474
2025-09-11,8,4,12,66.66666666666666,329.3657093619346
2025-09-12,8,4,12,66.66666666666666,327.8709017408367
2025-09-15,8,4,12,66.66666666666666,330.8585742821458
2025-09-16,8,4,12,66.66666666666666,332.3909220420312
2025-09-17,8,4,12,66.66666666666666,339.9942803600492
2025-09-18,8,4,12,66.66666666666666,338.8032544783372
2025-09-19,8,4,12,66.66666666666666,343.5848854276441
2025-09-22,8,4,12,66.66666666666666,341.5260165458057
2025-09-23,8,4,12,66.66666666666666,343.10494751298756
2025-09-24,8,4,12,66.66666666666666,341.6973904721719
2025-09-25,8,4,12,66.66666666666666,338.94741945363813
2025-09-26,8,4,12,66.66666666666666,331.489570099042
2025-09-29,8,4,12,66.66666666666666,336.83810435241145
2025-09-30,8,4,12,66.66666666666666,345.1665517837746
2025-10-01,8,4,12,66.66666666666666,344.9422195482359
2025-10-03,8,4,12,66.66666666666666,348.4089481104051
2025-10-06,8,4,12,66.66666666666666,349.2058753377178
2025-10-07,8,4,12,66.66666666666666,348.9159252271882
2025-10-08,8,4,12,66.66666666666666,345.5524094124475
2025-10-09,8,4,12,66.66666666666666,347.0050558472903
2025-10-10,8,4,12,66.66666666666666,353.55379768692785
2025-10-13,8,4,12,66.66666666666666,353.2846243631182
2025-10-14,8,4,12,66.66666666666666,345.30808912985765
2025-10-15,8,4,12,66.66666666666666,354.45984744896384
2025-10-16,8,4,12,66.66666666666666,352.0976192672665
2025-10-17,8,4,12,66.66666666666666,347.5474455869559
2025-10-20,8,4,12,66.66666666666666,360.0700774135426
2025-10-21,8,4,12,66.66666666666666,361.09029971271616
2025-10-23,8,4,12,66.66666666666666,362.5239032153537
2025-10-24,8,4,12,66.66666666666666,359.0792166492224
2025-10-27,8,4,12,66.66666666666666,366.56096406955123
2025-10-28,9,3,12,75.0,371.55643482020446
2025-10-29,9,3,12,75.0,370.77037358116917
2025-10-30,8,4,12,66.66666666666666,367.3574572183334
2025-10-31,9,3,12,75.0,372.8799976185498
2025-11-03,10,2,12,83.33333333333334,379.2711423830413
2025-11-04,8,4,12,66.66666666666666,375.30899732530787
2025-11-06,8,4,12,66.66666666666666,369.82699659525065
2025-11-07,8,4,12,66.66666666666666,376.56962373767124
2025-11-10,8,4,12,66.66666666666666,376.1062623337881
2025-11-11,8,4,12,66.66666666666666,371.63124235474424
2025-11-12,8,4,12,66.66666666666666,373.14098412348693
2025-11-13,8,4,12,66.66666666666666,369.84254924739844
2025-11-14,8,4,12,66.66666666666666,373.0077642944108
2025-11-17,9,3,12,75.0,379.6847661093126
2025-11-18,8,4,12,66.66666666666666,379.2966601435725
2025-11-19,10,2,12,83.33333333333334,383.55496858807606
2025-11-20,8,4,12,66.66666666666666,377.9192521095164
2025-11-21,8,4,12,66.66666666666666,371.80775699272004
2025-11-24,8,4,12,66.66666666666666,370.60374417562844
2025-11-25,8,4,12,66.66666666666666,375.6538684943902
2025-11-26,9,3,12,75.0,379.90195323408335
2025-11-27,9,3,12,75.0,377.83535509657173
2025-11-28,8,4,12,66.66666666666666,376.2866586731821
2025-12-01,9,3,12,75.0,377.1942065064884
2025-12-02,8,4,12,66.66666666666666,375.4616000859934
2025-12-03,8,4,12,66.66666666666666,364.1115142541858
2025-12-04,8,4,12,66.66666666666666,363.69073184407347
2025-12-05,8,4,12,66.66666666666666,366.10822539698876
2025-12-08,8,4,12,66.66666666666666,355.49963034941084
2025-12-09,8,4,12,66.66666666666666,360.3041925212747
2025-12-10,8,4,12,66.66666666666666,356.9679688139924
2025-12-11,8,4,12,66.66666666666666,359.9245014228881
2025-12-12,8,4,12,66.66666666666666,360.346174739412
2025-12-15,8,4,12,66.66666666666666,361.60798973696586
2025-12-16,8,4,12,66.66666666666666,357.25530403559367
2025-12-17,8,4,12,66.66666666666666,357.6216673940354
2025-12-18,8,4,12,66.66666666666666,357.55959359595226
2025-12-19,8,4,12,66.66666666666666,358.9034748762036
2025-12-22,8,4,12,66.66666666666666,361.27551751883095
2025-12-23,8,4,12,66.66666666666666,359.88156809120073
2025-12-24,8,4,12,66.66666666666666,358.27347843343927
2025-12-26,8,4,12,66.66666666666666,357.4341854982724
2025-12-29,8,4,12,66.66666666666666,357.4471458928052
2025-12-30,8,4,12,66.66666666666666,365.36581925131185
2025-12-31,8,4,12,66.66666666666666,371.0740112428746
2026-01-01,9,3,12,75.0,373.5709209354156
2026-01-02,9,3,12,75.0,381.6632310717375
2026-01-05,9,3,12,75.0,381.33705606791824
2026-01-06,9,3,12,75.0,382.2969691259375
2026-01-07,9,3,12,75.0,381.8473153568718
2026-01-08,8,4,12,66.66666666666666,372.12957971713047
2026-01-09,8,4,12,66.66666666666666,370.6793704591438
2026-01-12,8,4,12,66.66666666666666,372.7842569672292
2026-01-13,9,3,12,75.0,375.23943954418826
2026-01-14,9,3,12,75.0,385.42864012099926
2026-01-15,9,3,12,75.0,385.42864012099926
2026-01-16,9,3,12,75.0,389.6689740134171
2026-01-19,9,3,12,75.0,388.32698158254857
2026-01-20,8,4,12,66.66666666666666,380.2700237845824
2026-01-21,8,4,12,66.66666666666666,377.29228584666197
2026-01-22,8,4,12,66.66666666666666,386.24869523104167
2026-01-23,8,4,12,66.66666666666666,377.804748133642
2026-01-27,8,4,12,66.66666666666666,381.7152835609538
2026-01-28,9,3,12,75.0,389.2871818932604
2026-01-29,8,4,12,66.66666666666666,385.4677383986055
2026-01-30,9,3,12,75.0,387.4400435606064
2026-02-02,8,4,12,66.66666666666666,369.75849425591235
2026-02-03,8,4,12,66.66666666666666,377.59168902200565
2026-02-04,9,3,12,75.0,381.71469889920974
2026-02-05,8,4,12,66.66666666666666,381.97230855954655
2026-02-06,8,4,12,66.66666666666666,380.9462087417703
2026-02-09,9,3,12,75.0,389.13663296206573
2026-02-10,9,3,12,75.0,389.1603129779215
2026-02-11,9,3,12,75.0,389.00787784172553
2026-02-12,9,3,12,75.0,386.1326127828995
2026-02-13,8,4,12,66.66666666666666,381.4070700029835
2026-02-16,9,3,12,75.0,386.6027355637238
2026-02-17,9,3,12,75.0,396.0732405593279
2026-02-18,9,3,12,75.0,403.2355682044106
