Date,Above,Below,Total,Percentage,Index_Close
2019-03-15,1,0,1,100.0,84.12360950531514
2019-03-18,1,0,1,100.0,83.33800782884468
2019-03-19,1,0,1,100.0,82.85221381810818
2019-03-20,1,0,1,100.0,82.20262796189556
2019-03-22,1,0,1,100.0,82.57183698383963
2019-03-25,0,1,1,0.0,81.60578403985576
2019-03-26,0,1,1,0.0,81.56970152772021
2019-03-27,1,0,1,100.0,83.12148179056284
2019-03-28,1,0,1,100.0,84.53723849178053
2019-03-29,1,0,1,100.0,85.16183521493724
2019-04-01,1,0,1,100.0,86.38881867899002
2019-04-02,1,0,1,100.0,87.11057730084089
2019-04-03,1,0,1,100.0,86.69972746517075
2019-04-04,1,0,1,100.0,86.50541140914957
2019-04-05,1,0,1,100.0,86.18062235172683
2019-04-08,1,0,1,100.0,84.68436317385226
2019-04-09,1,0,1,100.0,85.98074799411513
2019-04-10,1,0,1,100.0,85.48940342315524
2019-04-11,1,0,1,100.0,86.5442808134475
2019-04-12,1,0,1,100.0,87.63246156508005
2019-04-15,1,0,1,100.0,87.8545459049524
2019-04-16,1,0,1,100.0,87.73795317479285
2019-04-18,1,0,1,100.0,88.04053224995495
2019-04-22,1,0,1,100.0,87.47978632278496
2019-04-23,1,0,1,100.0,87.74072458422098
2019-04-24,1,0,1,100.0,88.40141156088038
2019-04-25,1,0,1,100.0,89.45906810196787
2019-04-26,1,0,1,100.0,89.55623000066201
2019-04-30,1,0,1,100.0,94.10885058890528
2019-05-02,1,0,1,100.0,94.24765330132551
2019-05-03,1,0,1,100.0,92.29058150440325
2019-05-06,1,0,1,100.0,90.97475811130785
2019-05-07,1,0,1,100.0,91.03027145490881
2019-05-08,1,0,1,100.0,90.69993183726268
2019-05-09,1,0,1,100.0,90.64996905388509
2019-05-10,1,0,1,100.0,91.24958438535302
2019-05-13,1,0,1,100.0,87.9045164296971
2019-05-14,1,0,1,100.0,87.98223975555872
2019-05-15,1,0,1,100.0,88.65402785266488
2019-05-16,1,0,1,100.0,88.13491499785384
2019-05-17,1,0,1,100.0,88.84557249925793
2019-05-20,1,0,1,100.0,91.2551349455764
2019-05-21,1,0,1,100.0,91.97966497685539
2019-05-22,1,0,1,100.0,94.58354347919503
2019-05-23,1,0,1,100.0,96.79323156790181
2019-05-24,1,0,1,100.0,97.5788409857394
2019-05-27,1,0,1,100.0,96.89872317761461
2019-05-28,1,0,1,100.0,97.93694114586958
2019-05-29,1,0,1,100.0,97.92306087462755
2019-05-30,1,0,1,100.0,97.6177026486702
2019-05-31,1,0,1,100.0,98.39775376491727
2019-06-03,1,0,1,100.0,99.06121989237191
2019-06-04,1,0,1,100.0,100.51305910572515
2019-06-06,1,0,1,100.0,100.34095303196462
2019-06-07,1,0,1,100.0,100.99331029760539
2019-06-10,1,0,1,100.0,101.60679815894822
2019-06-11,1,0,1,100.0,102.5006628545596
2019-06-12,1,0,1,100.0,103.35567362860729
2019-06-13,1,0,1,100.0,105.24057265989131
2019-06-14,1,0,1,100.0,107.51132465242243
2019-06-17,1,0,1,100.0,107.24483583076304
2019-06-18,1,0,1,100.0,100.44087859871979
2019-06-19,1,0,1,100.0,100.0938795590364
2019-06-20,1,0,1,100.0,101.11266669582595
2019-06-21,1,0,1,100.0,103.94695924905658
2019-06-24,1,0,1,100.0,107.36697912114596
2019-06-25,1,0,1,100.0,108.40520483076807
2019-06-26,1,0,1,100.0,109.89035514682874
2019-06-27,1,0,1,100.0,113.07441814917092
2019-06-28,1,0,1,100.0,114.45964289847643
2019-07-01,1,0,1,100.0,115.53394337886698
2019-07-02,1,0,1,100.0,111.09791552078327
2019-07-03,1,0,1,100.0,112.30268900257539
2019-07-04,1,0,1,100.0,112.36970601771323
2019-07-05,1,0,1,100.0,110.25853456694618
2019-07-08,1,0,1,100.0,106.34616374617161
2019-07-09,1,0,1,100.0,108.69190636197183
2019-07-10,1,0,1,100.0,108.64443629880614
2019-07-11,1,0,1,100.0,107.22302839959252
2019-07-12,1,0,1,100.0,108.68632483627995
2019-07-15,1,0,1,100.0,108.06079914906913
2019-07-16,1,0,1,100.0,111.16053543939826
2019-07-17,1,0,1,100.0,115.91345616044468
2019-07-18,1,0,1,100.0,121.19698566647192
2019-07-19,1,0,1,100.0,129.48528811239558
2019-07-22,1,0,1,100.0,123.13501370028467
2019-07-23,1,0,1,100.0,119.75881770744854
2019-07-24,1,0,1,100.0,115.29909352461756
2019-07-25,1,0,1,100.0,116.7931154473951
2019-07-26,1,0,1,100.0,122.61281203999368
2019-07-29,1,0,1,100.0,121.45390615837388
2019-07-30,1,0,1,100.0,119.25336062423311
2019-07-31,1,0,1,100.0,120.03527740995554
2019-08-01,1,0,1,100.0,119.32037763937096
2019-08-02,1,0,1,100.0,120.25030936438365
2019-08-05,1,0,1,100.0,114.81878814316751
2019-08-06,1,0,1,100.0,116.03354798854144
2019-08-07,1,0,1,100.0,118.53568170285325
2019-08-08,1,0,1,100.0,120.82278346273694
2019-08-09,1,0,1,100.0,124.46707074022586
2019-08-13,1,0,1,100.0,123.89180200834309
2019-08-14,1,0,1,100.0,122.9004425352515
2019-08-16,1,0,1,100.0,126.32411633262043
2019-08-19,1,0,1,100.0,128.19513509266244
2019-08-20,1,0,1,100.0,126.88263274606054
2019-08-21,1,0,1,100.0,122.9144079615318
2019-08-22,1,0,1,100.0,119.42091477412839
2019-08-23,1,0,1,100.0,121.51533390645272
2019-08-26,1,0,1,100.0,125.27970527067129
2019-08-27,1,0,1,100.0,134.68783517700462
2019-08-28,1,0,1,100.0,134.05112321430872
2019-08-29,1,0,1,100.0,135.85791185137526
2019-08-30,1,0,1,100.0,142.5432790805426
2019-09-03,1,0,1,100.0,148.13398603379983
2019-09-04,1,0,1,100.0,143.75805440865074
2019-09-05,1,0,1,100.0,145.46988743665165
2019-09-06,1,0,1,100.0,145.84130274822428
2019-09-09,1,0,1,100.0,147.82121931951085
2019-09-11,1,0,1,100.0,148.43837658886747
2019-09-12,1,0,1,100.0,148.8070050082777
2019-09-13,1,0,1,100.0,148.85445958870915
2019-09-16,1,0,1,100.0,148.3853172586428
2019-09-17,1,0,1,100.0,143.73571282314907
2019-09-18,1,0,1,100.0,147.56431431034315
2019-09-19,1,0,1,100.0,145.637441586547
2019-09-20,1,0,1,100.0,156.03693096597192
2019-09-23,1,0,1,100.0,165.13786794234102
2019-09-24,1,0,1,100.0,163.6410591274011
2019-09-25,1,0,1,100.0,160.069378132109
2019-09-26,1,0,1,100.0,159.08639481823874
2019-09-27,1,0,1,100.0,156.6066026894286
2019-10-01,1,0,1,100.0,156.6066026894286
2019-10-03,1,0,1,100.0,154.40698524510478
2019-10-04,1,0,1,100.0,152.7465716023914
2019-10-07,1,0,1,100.0,153.58819077209688
2019-10-09,1,0,1,100.0,154.53537614122
2019-10-10,1,0,1,100.0,155.40266716313627
2019-10-11,1,0,1,100.0,155.542462498835
2019-10-14,1,0,1,100.0,155.9532754043302
2019-10-15,1,0,1,100.0,154.34422128356908
2019-10-16,1,0,1,100.0,155.22862687362587
2019-10-17,1,0,1,100.0,155.04318214453198
2019-10-18,1,0,1,100.0,164.48072761182894
2019-10-22,1,0,1,100.0,172.35200537871606
2019-10-23,1,0,1,100.0,176.08649272515123
2019-10-24,1,0,1,100.0,171.21081799642883
2019-10-25,1,0,1,100.0,165.38795789858335
2019-10-27,1,0,1,100.0,174.4118116698106
2019-10-29,1,0,1,100.0,171.87841269415455
2019-10-30,1,0,1,100.0,170.3691988267234
2019-10-31,1,0,1,100.0,170.8513487953552
2019-11-01,1,0,1,100.0,169.47052582403924
2019-11-04,1,0,1,100.0,168.14960384121517
2019-11-05,1,0,1,100.0,171.6501815447093
2019-11-06,1,0,1,100.0,167.40784074237033
2019-11-07,1,0,1,100.0,172.13231569581052
2019-11-08,1,0,1,100.0,182.10621780920474
2019-11-11,1,0,1,100.0,190.96460439252246
2019-11-13,1,0,1,100.0,205.18081567319442
2019-11-14,1,0,1,100.0,205.64014094512862
2019-11-15,1,0,1,100.0,199.62043167860577
2019-11-18,1,0,1,100.0,196.69330273053376
2019-11-19,1,0,1,100.0,204.49895356284134
2019-11-20,1,0,1,100.0,206.89828314888638
2019-11-21,1,0,1,100.0,215.0976481360793
2019-11-22,1,0,1,100.0,211.56284129630413
2019-11-25,1,0,1,100.0,204.76142966609828
2019-11-26,1,0,1,100.0,204.20511129634727
2019-11-27,1,0,1,100.0,207.92248407464186
2019-11-28,1,0,1,100.0,208.86682228825174
2019-11-29,1,0,1,100.0,201.81433899437252
2019-12-02,1,0,1,100.0,194.1456363422504
2019-12-03,1,0,1,100.0,196.442246884391
2019-12-04,1,0,1,100.0,190.67644061952413
2019-12-05,1,0,1,100.0,182.65682605039865
2019-12-06,1,0,1,100.0,181.58126560269093
2019-12-09,1,0,1,100.0,170.27505288441984
2019-12-10,1,0,1,100.0,164.90582374748215
2019-12-11,1,0,1,100.0,172.7086116067459
2019-12-12,1,0,1,100.0,174.66857764451044
2019-12-13,1,0,1,100.0,178.36885167219515
2019-12-16,1,0,1,100.0,179.20762368638742
2019-12-17,1,0,1,100.0,179.9237149330215
2019-12-18,1,0,1,100.0,179.48435138474102
2019-12-19,1,0,1,100.0,179.29892247317775
2019-12-20,1,0,1,100.0,185.31005863809972
2019-12-23,1,0,1,100.0,184.08043544206595
2019-12-24,1,0,1,100.0,183.22741183277702
2019-12-26,1,0,1,100.0,183.81226502778262
2019-12-27,1,0,1,100.0,184.50837873323235
2019-12-30,1,0,1,100.0,184.49411132060501
2019-12-31,1,0,1,100.0,182.57123739216541
2020-01-01,1,0,1,100.0,181.2988119582497
2020-01-02,1,0,1,100.0,180.9792978395448
2020-01-03,1,0,1,100.0,182.03488074606813
2020-01-06,1,0,1,100.0,174.8083729802091
2020-01-07,1,0,1,100.0,176.59431454599385
2020-01-08,1,0,1,100.0,176.96234103113778
2020-01-09,1,0,1,100.0,178.67696135131655
2020-01-10,1,0,1,100.0,175.70704598289322
2020-01-13,1,0,1,100.0,174.7199371664626
2020-01-14,1,0,1,100.0,179.2846550605504
2020-01-15,1,0,1,100.0,182.82514039382139
2020-01-16,1,0,1,100.0,185.14459145019015
2020-01-17,1,0,1,100.0,186.1973272012003
2020-01-20,1,0,1,100.0,185.15599588977364
2020-01-21,1,0,1,100.0,181.41579841478145
2020-01-22,1,0,1,100.0,181.31878949943405
2020-01-23,1,0,2,100.0,183.92067838271345
2020-01-24,1,0,2,100.0,186.90596485865493
2020-01-27,1,0,2,100.0,187.8270647812722
2020-01-28,1,0,2,100.0,187.08404295092814
2020-01-29,1,0,2,100.0,187.8745077747835
2020-01-30,1,0,2,100.0,186.98586834661222
2020-01-31,1,0,2,100.0,186.96060235891835
2020-02-01,1,0,2,100.0,177.67619017858541
2020-02-03,1,0,2,100.0,179.75066565474228
2020-02-04,1,0,2,100.0,187.07655107131004
2020-02-05,1,0,2,100.0,187.30814813509494
2020-02-06,1,0,2,100.0,191.69954613845792
2020-02-07,1,0,2,100.0,195.98250986428783
2020-02-10,1,0,2,100.0,197.98531594044192
2020-02-11,1,0,2,100.0,202.19295256501005
2020-02-12,1,0,2,100.0,202.817011597237
2020-02-13,1,0,2,100.0,201.5401786781712
2020-02-14,1,0,2,100.0,200.1991406234373
2020-02-17,1,0,2,100.0,193.96118416683666
2020-02-18,1,0,2,100.0,196.56793635998372
2020-02-19,1,0,2,100.0,210.1343306630155
2020-02-20,1,0,2,100.0,213.95465957114186
2020-02-24,1,0,2,100.0,206.83908534204448
2020-02-25,1,0,2,100.0,205.2887013909147
2020-02-26,1,0,2,100.0,206.63898901520423
2020-02-27,1,0,2,100.0,203.84252149430924
2020-02-28,1,0,2,100.0,193.8786740037015
2020-03-02,1,0,2,100.0,191.8678690635784
2020-03-03,1,0,2,100.0,194.9981866731239
2020-03-04,1,0,2,100.0,190.89827758522603
2020-03-05,1,0,2,100.0,189.88176087061845
2020-03-06,1,0,2,100.0,177.3525604459554
2020-03-09,1,0,2,100.0,161.38834995481744
2020-03-11,1,0,2,100.0,163.7881368971002
2020-03-12,0,1,2,0.0,145.97985018459116
2020-03-13,0,1,2,0.0,158.5321464822058
2020-03-16,0,1,2,0.0,147.074338034175
2020-03-17,0,1,2,0.0,143.5909564147422
2020-03-18,0,1,2,0.0,129.4041416834025
2020-03-19,0,1,2,0.0,129.29771670993864
2020-03-20,0,1,2,0.0,138.7244828259874
2020-03-23,0,1,2,0.0,122.86738007620414
2020-03-24,0,1,2,0.0,116.16012568076277
2020-03-25,0,1,2,0.0,121.55398197360392
2020-03-26,0,1,2,0.0,130.3648372572312
2020-03-27,0,1,2,0.0,125.26194807452893
2020-03-30,0,1,2,0.0,120.73049013452327
2020-03-31,0,1,2,0.0,127.93184170067136
2020-04-01,0,1,2,0.0,132.5917756831045
2020-04-03,0,1,2,0.0,130.40931189249747
2020-04-07,0,1,2,0.0,136.84675071148624
2020-04-08,0,1,2,0.0,140.32840915102608
2020-04-09,0,1,2,0.0,147.80141282469972
2020-04-13,0,1,2,0.0,149.31498409335967
2020-04-15,0,1,2,0.0,151.68928032154463
2020-04-16,0,1,2,0.0,152.19009097092567
2020-04-17,0,1,2,0.0,156.7016214343288
2020-04-20,1,0,2,100.0,157.4210028524241
2020-04-21,0,1,2,0.0,147.5296192670449
2020-04-22,0,1,2,0.0,145.74895177289352
2020-04-23,0,1,2,0.0,145.91436676411905
2020-04-24,0,1,2,0.0,128.29413397913618
2020-04-27,0,1,2,0.0,138.84828891464403
2020-04-28,0,1,2,0.0,135.61739198784073
2020-04-29,0,1,2,0.0,136.78553277181177
2020-04-30,0,1,2,0.0,139.9435595214621
2020-05-04,0,1,2,0.0,137.5884528565973
2020-05-05,0,1,2,0.0,135.72527316027904
2020-05-06,0,1,2,0.0,137.1877520075166
2020-05-07,0,1,2,0.0,139.18888982348275
2020-05-08,0,1,2,0.0,140.69955837464605
2020-05-11,0,1,2,0.0,138.0164867076276
2020-05-12,0,1,2,0.0,137.90691251523572
2020-05-13,0,1,2,0.0,139.86711251635114
2020-05-14,0,1,2,0.0,138.47901393914995
2020-05-15,0,1,2,0.0,139.1572338929063
2020-05-18,0,1,2,0.0,133.87093940669234
2020-05-19,0,1,2,0.0,134.35357592676485
2020-05-20,0,1,2,0.0,135.47800908629256
2020-05-21,0,1,2,0.0,136.00278459383915
2020-05-22,0,1,2,0.0,135.3717028647452
2020-05-26,0,1,2,0.0,134.17665234215414
2020-05-27,0,1,2,0.0,135.49464918606702
2020-05-28,0,1,2,0.0,138.49620389657903
2020-05-29,0,1,2,0.0,142.34313517768933
2020-06-01,0,1,2,0.0,150.14972900405476
2020-06-02,0,1,2,0.0,152.3985976982895
2020-06-03,0,1,2,0.0,149.24578072492037
2020-06-04,0,1,2,0.0,151.2004041668026
2020-06-05,0,1,2,0.0,154.16311868112737
2020-06-08,0,1,2,0.0,158.56352790987077
2020-06-09,0,1,2,0.0,153.73829555592303
2020-06-10,0,1,2,0.0,151.4583134017049
2020-06-11,0,1,2,0.0,150.42157513364555
2020-06-12,0,1,2,0.0,152.25849810960705
2020-06-15,0,1,2,0.0,150.3121006550777
2020-06-16,0,1,2,0.0,148.55252065360878
2020-06-17,0,1,2,0.0,145.2233621119243
2020-06-18,0,1,2,0.0,146.51089289524276
2020-06-19,0,1,2,0.0,147.49477273252592
2020-06-22,0,1,2,0.0,148.54209831843815
2020-06-23,0,1,2,0.0,156.5549404899214
2020-06-24,0,1,2,0.0,155.4971870932405
2020-06-25,0,1,2,0.0,155.18343006267784
2020-06-26,0,1,2,0.0,156.953426766655
2020-06-29,0,1,2,0.0,156.57164347306428
2020-06-30,0,1,2,0.0,157.7003168867261
2020-07-01,0,1,2,0.0,157.37137320430185
2020-07-02,0,1,2,0.0,159.46654872119842
2020-07-03,0,1,2,0.0,159.48323486447867
2020-07-06,0,1,2,0.0,160.72011147330483
2020-07-07,0,1,2,0.0,161.84778877037598
2020-07-08,0,1,2,0.0,157.18001389905166
2020-07-09,0,1,2,0.0,153.700089198048
2020-07-10,0,1,2,0.0,151.63587221046356
2020-07-13,0,1,2,0.0,150.27002919666265
2020-07-14,0,1,2,0.0,150.60683728160805
2020-07-15,0,1,2,0.0,149.38618788741633
2020-07-16,0,1,2,0.0,151.20890085364357
2020-07-17,0,1,2,0.0,152.6205261512236
2020-07-20,0,1,2,0.0,151.04803576434108
2020-07-21,0,1,2,0.0,153.67700415591221
2020-07-22,0,1,2,0.0,151.6493510589173
2020-07-23,0,1,2,0.0,151.1436955545726
2020-07-24,0,1,2,0.0,149.09614799631606
2020-07-27,0,1,2,0.0,145.1077754435384
2020-07-28,0,1,2,0.0,146.61216249396338
2020-07-29,0,1,2,0.0,146.18301496007416
2020-07-30,0,1,2,0.0,144.53310320564856
2020-07-31,0,1,2,0.0,144.04325307363254
2020-08-03,0,1,2,0.0,143.6257011558439
2020-08-04,0,1,2,0.0,143.4171830832418
2020-08-05,0,1,2,0.0,141.78862117439485
2020-08-06,0,1,2,0.0,142.26270351564446
2020-08-07,0,1,2,0.0,144.45493724756327
2020-08-10,0,1,2,0.0,145.66222766910258
2020-08-11,0,1,2,0.0,143.0425821978014
2020-08-12,0,1,2,0.0,141.61301981956996
2020-08-13,0,1,2,0.0,142.4250867431874
2020-08-14,0,1,2,0.0,142.61117241603657
2020-08-17,0,1,2,0.0,142.53969888548403
2020-08-18,0,1,2,0.0,145.36721151393363
2020-08-19,0,1,2,0.0,146.3346600846321
2020-08-20,0,1,2,0.0,145.00533119655717
2020-08-21,0,1,2,0.0,144.2851876572473
2020-08-24,0,1,2,0.0,149.76358162872347
2020-08-25,0,1,2,0.0,149.62897060823724
2020-08-26,0,1,2,0.0,151.40847078788497
2020-08-27,0,1,2,0.0,153.04451122629422
2020-08-28,0,2,2,0.0,151.96537353077372
2020-08-31,0,2,2,0.0,145.71138543877345
2020-09-01,0,2,2,0.0,145.61835104699702
2020-09-02,0,2,2,0.0,148.427233808733
2020-09-03,0,2,2,0.0,148.80550931157163
2020-09-04,0,2,2,0.0,146.6624404631525
2020-09-07,0,2,2,0.0,148.48050051951654
2020-09-08,0,2,2,0.0,148.09475573424342
2020-09-09,0,2,2,0.0,145.46613784572133
2020-09-10,0,2,2,0.0,145.64547370193296
2020-09-11,0,2,2,0.0,144.78144882506245
2020-09-14,0,2,2,0.0,146.44490258136372
2020-09-15,0,2,2,0.0,145.80215040823518
2020-09-16,0,2,2,0.0,145.02468656339252
2020-09-17,0,2,2,0.0,143.52786076990353
2020-09-18,0,2,2,0.0,141.57659622605885
2020-09-21,0,2,2,0.0,138.1656603592362
2020-09-22,0,2,2,0.0,135.73952924843957
2020-09-23,0,2,2,0.0,135.12423605697336
2020-09-24,0,2,2,0.0,130.78878048787197
2020-09-25,0,2,2,0.0,131.91974544954226
2020-09-28,0,2,2,0.0,138.5334380222715
2020-09-29,0,2,2,0.0,137.59583327808377
2020-09-30,0,2,2,0.0,138.78299331958235
2020-10-01,0,2,2,0.0,140.002500414136
2020-10-05,0,2,2,0.0,141.9167198991814
2020-10-06,0,2,2,0.0,143.70529538166357
2020-10-07,0,2,2,0.0,142.33341445669768
2020-10-08,0,2,2,0.0,143.6506738694054
2020-10-09,0,2,2,0.0,143.75581098996483
2020-10-12,0,2,3,0.0,141.50140378919195
2020-10-13,0,2,3,0.0,144.6653974238214
2020-10-14,0,2,3,0.0,145.75430234044913
2020-10-15,0,2,3,0.0,143.57156744162774
2020-10-16,0,2,3,0.0,144.43349301493217
2020-10-19,0,2,3,0.0,144.92688687773668
2020-10-20,0,2,3,0.0,145.04228192234524
2020-10-21,0,2,3,0.0,144.55838269081232
2020-10-22,0,2,3,0.0,145.39753595172223
2020-10-23,0,2,3,0.0,144.69217479386603
2020-10-26,0,2,3,0.0,144.15291471898635
2020-10-27,0,2,3,0.0,143.93424751444695
2020-10-28,0,2,3,0.0,144.2880178838129
2020-10-29,0,2,3,0.0,144.10306456737138
2020-10-30,0,2,3,0.0,143.4096835176362
2020-11-02,0,2,3,0.0,142.87602656547702
2020-11-03,0,2,3,0.0,143.64311230262055
2020-11-04,0,2,3,0.0,143.85580974540247
2020-11-05,0,2,3,0.0,146.124656525707
2020-11-06,0,2,3,0.0,148.0847888705956
2020-11-09,1,1,3,50.0,152.03775510210554
2020-11-10,0,2,3,0.0,149.61646916798315
2020-11-11,0,2,3,0.0,149.41808624009147
2020-11-12,0,2,3,0.0,149.24883050733598
2020-11-13,0,2,3,0.0,147.9450205408018
2020-11-14,1,1,3,50.0,149.84623342640796
2020-11-17,1,1,3,50.0,150.8761089105742
2020-11-18,1,1,3,50.0,151.29616728344035
2020-11-19,1,1,3,50.0,150.38291916472448
2020-11-20,1,1,3,50.0,150.14625339851483
2020-11-23,1,1,3,50.0,154.04477170562024
2020-11-24,1,1,3,50.0,156.7161480915421
2020-11-25,2,0,3,100.0,157.45362644279436
2020-11-26,2,0,3,100.0,158.63715481464965
2020-11-27,2,0,3,100.0,158.557367261096
2020-12-01,2,0,3,100.0,158.2385068467675
2020-12-02,2,0,3,100.0,157.63822578938175
2020-12-03,2,0,3,100.0,158.7221166568916
2020-12-04,2,0,3,100.0,159.57269078431435
2020-12-07,2,0,3,100.0,164.3242242280437
2020-12-08,2,0,3,100.0,167.69415473137803
2020-12-09,2,0,3,100.0,167.8846176604457
2020-12-10,2,0,3,100.0,169.47371195595275
2020-12-11,2,0,3,100.0,169.664073669174
2020-12-14,2,0,3,100.0,170.14224547488516
2020-12-15,2,0,3,100.0,168.75361474424892
2020-12-16,2,0,3,100.0,171.12776812408654
2020-12-17,2,0,3,100.0,170.79165512204463
2020-12-18,2,0,3,100.0,168.2963174481047
2020-12-21,2,0,3,100.0,163.79980124344502
2020-12-22,2,0,3,100.0,166.32948455009785
2020-12-23,2,0,3,100.0,169.2593970933188
2020-12-24,2,0,3,100.0,169.57737604434425
2020-12-28,2,0,3,100.0,169.61672651648232
2020-12-29,2,0,3,100.0,169.8089833699956
2020-12-30,2,0,3,100.0,169.2309372419675
2020-12-31,2,0,3,100.0,168.35729726092887
2021-01-01,2,0,3,100.0,170.93533338797982
2021-01-04,2,0,3,100.0,173.1402916065291
2021-01-05,2,0,3,100.0,173.88457484292866
2021-01-06,2,0,3,100.0,171.99753030661716
2021-01-07,2,0,3,100.0,171.49990306749038
2021-01-08,2,0,3,100.0,174.2233794932703
2021-01-11,2,0,3,100.0,174.90021725211818
2021-01-12,2,0,3,100.0,176.8200688324301
2021-01-13,2,0,3,100.0,176.00178377509516
2021-01-14,2,0,3,100.0,178.71811942554
2021-01-15,2,0,3,100.0,183.66951514176006
2021-01-18,2,0,3,100.0,182.81934151595533
2021-01-19,2,0,3,100.0,183.19700644693438
2021-01-20,2,0,3,100.0,183.6556142690234
2021-01-21,2,0,3,100.0,180.6825192317921
2021-01-22,2,0,3,100.0,177.99599149550957
2021-01-25,2,0,3,100.0,171.9656210448734
2021-01-27,2,0,3,100.0,172.44522277633413
2021-01-28,2,0,3,100.0,172.090375164405
2021-01-29,2,0,3,100.0,172.4277168260854
2021-02-01,2,0,3,100.0,175.43016148931125
2021-02-02,2,0,3,100.0,176.12284396373443
2021-02-03,2,0,3,100.0,177.8775914933301
2021-02-04,2,0,3,100.0,177.64108917275385
2021-02-05,2,0,3,100.0,176.84750957605502
2021-02-08,2,0,3,100.0,179.14867179630488
2021-02-09,2,0,3,100.0,176.71124639383422
2021-02-10,2,0,3,100.0,175.40075609637097
2021-02-11,2,0,3,100.0,176.51802839638358
2021-02-12,2,0,3,100.0,176.96775009210208
2021-02-15,2,0,3,100.0,179.32999368507714
2021-02-16,2,0,3,100.0,180.05525881562176
2021-02-17,2,0,3,100.0,179.77833530460668
2021-02-18,2,0,3,100.0,180.3329362823161
2021-02-19,2,0,3,100.0,179.2431816687843
2021-02-22,2,0,3,100.0,175.79156834379927
2021-02-23,2,0,3,100.0,178.2997490195349
2021-02-24,2,0,3,100.0,180.3349914296114
2021-02-25,2,0,3,100.0,181.6332174559789
2021-02-26,2,0,3,100.0,179.28901692646974
2021-03-01,2,0,3,100.0,181.80015509973256
2021-03-02,2,0,3,100.0,181.23741843260675
2021-03-03,2,0,3,100.0,191.8485996283434
2021-03-04,2,0,3,100.0,190.8568232139993
2021-03-05,2,0,3,100.0,189.03219711592746
2021-03-08,2,0,3,100.0,190.66659467690585
2021-03-09,2,0,3,100.0,188.82767825963646
2021-03-10,2,0,3,100.0,188.9618790892944
2021-03-12,2,0,3,100.0,186.52900045200994
2021-03-15,2,0,3,100.0,182.07931238607426
2021-03-16,2,0,3,100.0,180.5035457992821
2021-03-17,2,0,3,100.0,178.76202463367704
2021-03-18,2,0,3,100.0,173.89958518606744
2021-03-19,2,0,3,100.0,174.7274064012047
2021-03-22,2,0,3,100.0,176.10803304150517
2021-03-23,2,0,3,100.0,177.27149816545023
2021-03-24,2,0,3,100.0,175.60633808707158
2021-03-25,2,0,3,100.0,173.30787357815552
2021-03-26,2,0,3,100.0,175.04368262959454
2021-03-30,2,0,3,100.0,177.65151945768963
2021-03-31,2,0,3,100.0,179.91435023112751
2021-04-01,2,0,3,100.0,180.85764823712057
2021-04-05,2,0,3,100.0,177.50971573549083
2021-04-06,2,0,3,100.0,177.83844542863307
2021-04-07,2,0,3,100.0,181.16128996285082
2021-04-08,2,0,3,100.0,184.8334250324066
2021-04-09,2,0,3,100.0,183.61776874664747
2021-04-12,2,0,3,100.0,172.63018381889657
2021-04-13,2,0,3,100.0,174.19335548826663
2021-04-15,2,0,3,100.0,176.48167399685028
2021-04-16,2,0,3,100.0,177.7319941221877
2021-04-19,2,0,3,100.0,172.92454055112944
2021-04-20,2,0,3,100.0,172.80675815620057
2021-04-22,2,0,3,100.0,173.28597300139924
2021-04-23,2,0,3,100.0,174.33519795287955
2021-04-26,2,0,3,100.0,177.86048401138274
2021-04-27,2,0,3,100.0,181.73900269465224
2021-04-28,2,0,3,100.0,181.04218334710322
2021-04-29,2,0,3,100.0,182.5707231154725
2021-04-30,2,0,3,100.0,183.37963253003343
2021-05-03,2,0,3,100.0,184.61222303577225
2021-05-04,2,0,3,100.0,182.90193529763732
2021-05-05,2,0,3,100.0,182.44784594097808
2021-05-06,2,0,3,100.0,185.60219283849756
2021-05-07,2,0,3,100.0,189.4968991632866
2021-05-10,2,0,3,100.0,192.50187374008243
2021-05-11,2,0,3,100.0,191.84110746527557
2021-05-12,2,0,3,100.0,188.84972032734936
2021-05-14,2,0,3,100.0,189.24007228897958
2021-05-17,2,0,3,100.0,194.7152630796063
2021-05-18,2,0,3,100.0,197.84932777780665
2021-05-19,2,0,3,100.0,198.74880708497852
2021-05-20,3,0,3,100.0,196.2516127361168
2021-05-21,3,0,3,100.0,196.49307093104625
2021-05-24,3,0,3,100.0,195.9953645114045
2021-05-25,3,0,3,100.0,194.87856322697144
2021-05-26,3,0,3,100.0,195.8627619510694
2021-05-27,3,0,3,100.0,196.26780242654107
2021-05-28,3,0,3,100.0,200.45553868060964
2021-05-31,3,0,3,100.0,204.944014563696
2021-06-01,3,0,3,100.0,204.18860368145224
2021-06-02,3,0,3,100.0,206.0131447662
2021-06-03,3,0,3,100.0,205.77194884844178
2021-06-04,3,0,3,100.0,206.63588718737938
2021-06-07,3,0,3,100.0,207.54345720992174
2021-06-08,3,0,3,100.0,208.61001785441542
2021-06-09,3,0,3,100.0,207.16751930986254
2021-06-10,3,0,3,100.0,215.02103842679804
2021-06-11,3,0,3,100.0,212.3446870222954
2021-06-14,3,0,3,100.0,210.88350637473684
2021-06-15,3,0,3,100.0,210.33819417592193
2021-06-16,3,0,3,100.0,208.56560149825376
2021-06-17,3,0,3,100.0,206.35099847414708
2021-06-18,3,0,3,100.0,204.22679416282628
2021-06-21,3,0,3,100.0,204.35013142306602
2021-06-22,3,0,3,100.0,205.49916387482222
2021-06-23,3,0,3,100.0,204.24364390986636
2021-06-24,3,0,3,100.0,212.6820646907555
2021-06-25,3,0,3,100.0,212.79426246522212
2021-06-28,3,0,3,100.0,215.02277399397758
2021-06-29,3,0,3,100.0,213.9819665157884
2021-06-30,3,0,3,100.0,212.8658297490491
2021-07-01,3,0,3,100.0,213.04745778066098
2021-07-02,3,0,3,100.0,212.75385898038616
2021-07-05,3,0,3,100.0,212.83137603469632
2021-07-06,3,0,3,100.0,212.7119234357163
2021-07-07,3,0,3,100.0,213.68285793631793
2021-07-08,3,0,3,100.0,213.11771056149578
2021-07-09,3,0,3,100.0,213.00835931273065
2021-07-12,3,0,3,100.0,213.652035880341
2021-07-13,3,0,3,100.0,213.7612557038468
2021-07-14,3,0,3,100.0,216.95284562649223
2021-07-15,3,0,3,100.0,222.84114645187444
2021-07-16,3,0,3,100.0,229.35807805895462
2021-07-19,3,0,3,100.0,227.19313990302027
2021-07-20,3,0,3,100.0,221.1844984264125
2021-07-22,3,0,3,100.0,223.57383208760257
2021-07-23,3,0,3,100.0,226.23754641394643
2021-07-26,3,0,3,100.0,225.26925089395795
2021-07-27,3,0,3,100.0,223.45026834216532
2021-07-28,3,0,3,100.0,226.625358909497
2021-07-29,3,0,3,100.0,230.05086072691103
2021-07-30,3,0,3,100.0,234.35943922911454
2021-08-02,3,0,3,100.0,235.798793845544
2021-08-03,3,0,3,100.0,237.69379223742945
2021-08-04,3,0,3,100.0,239.07789141459938
2021-08-05,3,0,3,100.0,235.01989020216638
2021-08-06,3,0,3,100.0,233.85770947558524
2021-08-09,3,0,3,100.0,233.32790081271506
2021-08-10,3,0,3,100.0,230.9126266021628
2021-08-11,3,0,3,100.0,230.79331888829685
2021-08-12,3,0,3,100.0,237.71539086055816
2021-08-13,3,0,3,100.0,233.92190636813024
2021-08-16,3,0,3,100.0,236.9309044626926
2021-08-17,3,0,3,100.0,241.5215469661877
2021-08-18,3,0,3,100.0,244.53274566154107
2021-08-20,3,0,3,100.0,238.82381384765122
2021-08-23,3,0,3,100.0,236.704033783949
2021-08-24,3,0,3,100.0,240.5195524104368
2021-08-25,3,0,3,100.0,243.87228518745897
2021-08-26,3,0,3,100.0,247.4405138361911
2021-08-27,3,0,3,100.0,249.46991211497834
2021-08-30,3,0,3,100.0,252.95846777725322
2021-08-31,3,0,3,100.0,257.0468965477473
2021-09-01,3,0,3,100.0,253.12621538868063
2021-09-02,3,0,3,100.0,254.11377548893705
2021-09-03,3,0,3,100.0,257.10577856728366
2021-09-06,3,0,3,100.0,257.3740115231657
2021-09-07,3,0,3,100.0,255.27955218568877
2021-09-08,3,0,3,100.0,263.3753444947372
2021-09-09,3,0,3,100.0,263.6538211287157
2021-09-13,3,0,3,100.0,264.8394168500209
2021-09-14,3,0,3,100.0,263.89603630533327
2021-09-15,3,0,3,100.0,264.82103795982346
2021-09-16,3,0,3,100.0,264.9519611559193
2021-09-17,3,0,3,100.0,264.29101611315525
2021-09-20,3,0,3,100.0,258.5382758798408
2021-09-21,3,0,3,100.0,253.54196587033053
2021-09-22,3,0,3,100.0,253.9946458342329
2021-09-23,3,0,3,100.0,259.49322459166837
2021-09-24,3,0,3,100.0,256.41905875086604
2021-09-27,3,0,3,100.0,255.212357391019
2021-09-28,3,0,3,100.0,249.94187989273993
2021-09-29,2,1,3,66.66666666666666,243.10008546088358
2021-09-30,2,1,3,66.66666666666666,243.51568647992167
2021-10-01,2,1,3,66.66666666666666,245.821166592907
2021-10-04,2,1,3,66.66666666666666,246.9064014043611
2021-10-05,2,1,3,66.66666666666666,246.891842559187
2021-10-06,2,1,3,66.66666666666666,244.44370130920996
2021-10-07,2,1,3,66.66666666666666,245.55500599639313
2021-10-08,2,1,3,66.66666666666666,244.51919801762446
2021-10-11,2,1,4,66.66666666666666,246.29329056234468
2021-10-12,2,1,4,66.66666666666666,247.04284487071803
2021-10-13,2,1,4,66.66666666666666,246.03988783710165
2021-10-14,2,1,4,66.66666666666666,250.408465622347
2021-10-18,2,1,4,66.66666666666666,249.33771406366225
2021-10-19,2,1,4,66.66666666666666,249.05689014989866
2021-10-20,2,1,4,66.66666666666666,246.06850685437672
2021-10-21,2,1,4,66.66666666666666,245.49421712226624
2021-10-22,2,1,4,66.66666666666666,241.59767002362625
2021-10-25,2,1,4,66.66666666666666,236.7705196905333
2021-10-26,2,1,4,66.66666666666666,236.35236049044025
2021-10-27,2,1,4,66.66666666666666,233.57919403428616
2021-10-28,2,1,4,66.66666666666666,229.1934768637022
2021-10-29,2,1,4,66.66666666666666,231.71778600130506
2021-11-01,2,1,4,66.66666666666666,235.03276580781267
2021-11-02,2,1,4,66.66666666666666,235.4316500342697
2021-11-03,2,1,4,66.66666666666666,235.33974431031214
2021-11-04,2,1,4,66.66666666666666,237.23081607785906
2021-11-08,2,1,4,66.66666666666666,238.7889114281773
2021-11-09,2,1,4,66.66666666666666,239.84369854052662
2021-11-10,2,1,4,66.66666666666666,237.92468210611966
2021-11-11,2,1,4,66.66666666666666,235.54206310914947
2021-11-12,2,1,4,66.66666666666666,234.60069158147112
2021-11-15,2,1,4,66.66666666666666,232.58169842257047
2021-11-16,2,1,4,66.66666666666666,231.04988577489408
2021-11-17,2,1,4,66.66666666666666,230.3652749268025
2021-11-18,2,1,4,66.66666666666666,224.0019294441442
2021-11-22,2,1,4,66.66666666666666,219.89120065597385
2021-11-23,2,1,4,66.66666666666666,221.51277058286655
2021-11-24,2,1,4,66.66666666666666,224.00575303877264
2021-11-25,2,1,4,66.66666666666666,222.1994772727807
2021-11-26,2,1,4,66.66666666666666,219.31111157702037
2021-11-29,1,2,4,33.33333333333333,214.85808685205808
2021-11-30,1,2,4,33.33333333333333,219.24290106005216
2021-12-01,1,2,4,33.33333333333333,218.5460762155918
2021-12-02,1,2,4,33.33333333333333,218.38426568320784
2021-12-03,1,2,4,33.33333333333333,218.8553345415371
2021-12-06,1,2,4,33.33333333333333,215.35997560694517
2021-12-07,1,2,4,33.33333333333333,214.88189404390639
2021-12-08,1,2,4,33.33333333333333,217.68822506622107
2021-12-09,1,2,4,33.33333333333333,218.6879271798666
2021-12-10,1,2,4,33.33333333333333,216.9674401634244
2021-12-13,1,2,4,33.33333333333333,216.48159662774833
2021-12-14,1,2,4,33.33333333333333,213.3109221066829
2021-12-15,1,2,4,33.33333333333333,214.23795924900193
2021-12-16,1,2,4,33.33333333333333,212.1435249062596
2021-12-17,1,2,4,33.33333333333333,206.33558346275413
2021-12-20,1,2,4,33.33333333333333,197.5982622989169
2021-12-21,1,2,4,33.33333333333333,198.61492989069572
2021-12-22,1,2,4,33.33333333333333,201.36901450208802
2021-12-23,1,2,4,33.33333333333333,202.481699808791
2021-12-24,1,2,4,33.33333333333333,201.97501293446356
2021-12-27,1,2,4,33.33333333333333,201.93398534181122
2021-12-28,1,2,4,33.33333333333333,205.83409186250674
2021-12-29,1,2,4,33.33333333333333,206.7520544395621
2021-12-30,1,2,4,33.33333333333333,206.82634402574948
2021-12-31,1,2,4,33.33333333333333,209.46275112396899
2022-01-03,1,2,4,33.33333333333333,211.22125724210014
2022-01-04,1,2,4,33.33333333333333,212.42240510597435
2022-01-05,1,2,4,33.33333333333333,212.7432405071163
2022-01-06,1,2,4,33.33333333333333,213.7388552459199
2022-01-07,1,2,4,33.33333333333333,211.89780160909123
2022-01-10,1,2,4,33.33333333333333,215.5987065782927
2022-01-11,1,2,4,33.33333333333333,215.92471933838823
2022-01-12,1,2,4,33.33333333333333,217.35717947490105
2022-01-13,1,2,4,33.33333333333333,217.55964816081382
2022-01-14,1,2,4,33.33333333333333,219.29677740009458
2022-01-17,1,2,4,33.33333333333333,217.51884494417135
2022-01-18,1,2,4,33.33333333333333,213.57297098085007
2022-01-19,1,2,4,33.33333333333333,212.21393292557354
2022-01-20,1,2,4,33.33333333333333,211.14457921559858
2022-01-21,1,2,4,33.33333333333333,208.8756440745201
2022-01-24,1,2,4,33.33333333333333,199.93388083403113
2022-01-25,1,2,4,33.33333333333333,197.96138296725235
2022-01-27,1,2,4,33.33333333333333,194.20135715188795
2022-01-28,1,2,4,33.33333333333333,195.60189870095888
2022-01-31,0,3,4,0.0,194.27736313926525
2022-02-01,0,3,4,0.0,193.96276069695162
2022-02-02,0,3,4,0.0,197.38990756479447
2022-02-03,0,3,4,0.0,197.73058615956228
2022-02-04,0,3,4,0.0,194.52150191230987
2022-02-07,0,3,4,0.0,189.346346548398
2022-02-08,0,3,4,0.0,188.4934907503913
2022-02-09,0,3,4,0.0,189.1993500699717
2022-02-10,0,3,4,0.0,192.43984757891653
2022-02-11,0,3,4,0.0,192.36292196436574
2022-02-14,0,3,4,0.0,187.52285412437732
2022-02-15,0,3,4,0.0,189.36634936415726
2022-02-16,0,3,4,0.0,186.89400302384948
2022-02-17,0,3,4,0.0,186.41946262241106
2022-02-18,0,3,4,0.0,185.42631286870056
2022-02-21,0,3,4,0.0,182.57053259653892
2022-02-22,0,3,4,0.0,182.95869683903723
2022-02-23,0,3,4,0.0,183.53519711395057
2022-02-24,0,3,4,0.0,174.7116971831849
2022-02-25,0,3,4,0.0,177.08549009307893
2022-02-28,0,3,4,0.0,182.7508059338552
2022-03-02,0,3,4,0.0,184.7438595540476
2022-03-03,0,3,4,0.0,183.94815734826233
2022-03-04,0,3,4,0.0,181.40791023336254
2022-03-07,0,3,4,0.0,177.3028012902436
2022-03-08,0,3,4,0.0,180.32917019844663
2022-03-09,0,3,4,0.0,183.1519862572048
2022-03-10,0,3,4,0.0,187.29839383165364
2022-03-11,0,3,4,0.0,189.54765527116558
2022-03-14,1,2,4,33.33333333333333,193.39424358203928
2022-03-15,0,3,4,0.0,190.4852807184325
2022-03-16,0,3,4,0.0,194.9626745493016
2022-03-17,0,3,4,0.0,194.7656166587616
2022-03-21,0,3,4,0.0,194.45832754631553
2022-03-22,0,3,4,0.0,194.99220197492366
2022-03-23,0,3,4,0.0,197.58757810840473
2022-03-24,0,3,4,0.0,197.53115319648927
2022-03-25,0,3,4,0.0,197.19391074564373
2022-03-28,0,3,4,0.0,196.71542398488836
2022-03-29,0,3,4,0.0,195.76129230481015
2022-03-30,1,2,4,33.33333333333333,200.01260905499157
2022-03-31,1,2,4,33.33333333333333,201.26476674802075
2022-04-01,0,3,4,0.0,202.40145072185646
2022-04-04,0,3,4,0.0,205.06543777715885
2022-04-05,0,3,4,0.0,205.3839110825627
2022-04-06,0,3,4,0.0,204.14808815597408
2022-04-07,0,3,4,0.0,201.1726392390728
2022-04-08,0,3,4,0.0,200.67291001599295
2022-04-11,0,3,4,0.0,199.40447354701126
2022-04-12,0,3,4,0.0,198.05818533513118
2022-04-13,0,3,4,0.0,198.2458893195353
2022-04-18,0,3,4,0.0,195.83702750268642
2022-04-19,0,3,4,0.0,194.89904417280027
2022-04-20,0,3,4,0.0,194.50272640619448
2022-04-21,0,3,4,0.0,197.49631091346836
2022-04-22,0,3,4,0.0,194.98885345435906
2022-04-25,0,3,4,0.0,190.21758505115224
2022-04-26,0,3,4,0.0,194.7229671204447
2022-04-27,0,3,4,0.0,188.61429539347571
2022-04-28,0,3,4,0.0,186.60659846452504
2022-04-29,0,3,4,0.0,182.65095673929915
2022-05-02,0,3,4,0.0,181.1620028563101
2022-05-04,0,3,4,0.0,178.68025791647585
2022-05-05,0,3,4,0.0,176.90668839182464
2022-05-06,0,3,4,0.0,175.06735555268688
2022-05-09,0,3,4,0.0,171.59576374504607
2022-05-10,0,3,4,0.0,168.3025250349562
2022-05-11,0,3,4,0.0,167.08365596135008
2022-05-12,0,3,4,0.0,165.22956283065474
2022-05-13,0,3,4,0.0,162.60719401793432
2022-05-16,0,3,4,0.0,158.62424351006737
2022-05-17,0,3,4,0.0,164.25379309443343
2022-05-18,0,3,4,0.0,162.9459794602039
2022-05-19,0,4,4,0.0,157.0394748044166
2022-05-20,0,4,4,0.0,157.65285702022555
2022-05-23,0,4,4,0.0,157.8362396436237
2022-05-24,0,4,4,0.0,155.62035854296823
2022-05-25,0,4,4,0.0,153.0822655733545
2022-05-26,0,4,4,0.0,153.20729442617517
2022-05-27,0,4,4,0.0,157.7473330674761
2022-05-30,0,4,4,0.0,159.84523512773333
2022-05-31,0,4,4,0.0,160.13160936492065
2022-06-01,0,4,4,0.0,158.70741568199244
2022-06-02,0,4,4,0.0,159.9546694869439
2022-06-03,0,4,4,0.0,158.49748770785558
2022-06-06,0,4,4,0.0,156.8608247385937
2022-06-07,0,4,4,0.0,156.19797864115716
2022-06-08,0,4,4,0.0,157.80710474686936
2022-06-09,0,4,4,0.0,157.91910975593245
2022-06-10,0,4,4,0.0,157.4988429474311
2022-06-13,0,4,4,0.0,155.23041772859486
2022-06-14,0,4,4,0.0,156.74110174807413
2022-06-15,0,4,4,0.0,157.63655804778188
2022-06-16,0,4,4,0.0,153.60287307807238
2022-06-17,0,4,4,0.0,152.78070590043095
2022-06-20,0,4,4,0.0,150.87228722091606
2022-06-21,0,4,4,0.0,154.4895480274886
2022-06-22,0,4,4,0.0,151.70051014459003
2022-06-23,0,4,4,0.0,154.09390866752642
2022-06-24,0,4,4,0.0,154.73628736439156
2022-06-27,0,4,4,0.0,154.47266264710203
2022-06-28,0,4,4,0.0,153.83404251162747
2022-06-29,0,4,4,0.0,152.89495502474813
2022-06-30,0,4,4,0.0,153.96943003066778
2022-07-01,0,4,4,0.0,155.02494808989726
2022-07-04,0,4,4,0.0,157.52043760329698
2022-07-05,0,4,4,0.0,158.28631543491142
2022-07-06,0,4,4,0.0,160.53898232169743
2022-07-07,0,4,4,0.0,162.46647853444736
2022-07-08,0,4,4,0.0,164.57778590214915
2022-07-11,0,4,4,0.0,166.15343608957133
2022-07-12,0,4,4,0.0,163.44175608530495
2022-07-13,0,4,4,0.0,161.8313195119037
2022-07-14,0,4,4,0.0,160.40444782651147
2022-07-15,0,4,4,0.0,159.20183298091968
2022-07-18,0,4,4,0.0,162.21730313951429
2022-07-19,0,4,4,0.0,163.16140561636573
2022-07-20,0,4,4,0.0,164.01715227342044
2022-07-21,0,4,4,0.0,166.53298752987828
2022-07-22,0,4,4,0.0,165.90936779236532
2022-07-25,0,4,4,0.0,164.50805216566437
2022-07-26,0,4,4,0.0,162.6416645750067
2022-07-27,0,4,4,0.0,163.67693475399508
2022-07-28,0,4,4,0.0,166.3140988948759
2022-07-29,0,4,4,0.0,165.7017268158811
2022-08-01,0,4,4,0.0,167.08368060564064
2022-08-02,0,4,4,0.0,168.3895858737206
2022-08-03,0,4,4,0.0,171.70409877780736
2022-08-04,0,4,4,0.0,171.87084136000362
2022-08-05,0,4,4,0.0,173.26699025305538
2022-08-08,0,4,4,0.0,174.77605688892874
2022-08-10,0,4,4,0.0,175.61205437122743
2022-08-11,0,4,4,0.0,177.22381028035917
2022-08-12,0,4,4,0.0,175.5213618537919
2022-08-16,2,2,4,50.0,189.4578486001447
2022-08-17,1,3,4,25.0,186.44269030344788
2022-08-18,1,3,4,25.0,185.09716682482136
2022-08-19,1,3,4,25.0,184.12639194231357
2022-08-22,0,4,4,0.0,183.07005111090433
2022-08-23,1,3,4,25.0,184.0649974602308
2022-08-24,0,4,4,0.0,183.6429928586246
2022-08-25,1,3,4,25.0,182.02979939796725
2022-08-26,0,4,4,0.0,184.03418189666644
2022-08-29,0,4,4,0.0,181.03518178909889
2022-08-30,0,4,4,0.0,183.56715208055948
2022-09-01,0,4,4,0.0,183.0366487489125
2022-09-02,1,3,4,25.0,183.5193469570336
2022-09-05,1,3,4,25.0,183.1282011722919
2022-09-06,1,3,4,25.0,182.99661783658019
2022-09-07,1,3,4,25.0,183.543279844731
2022-09-08,1,3,4,25.0,183.61073744014666
2022-09-09,0,4,4,0.0,182.61445465027904
2022-09-12,1,3,4,25.0,185.06249018550355
2022-09-13,1,3,4,25.0,185.07444622676232
2022-09-14,1,3,4,25.0,183.56145116396877
2022-09-15,0,4,4,0.0,182.2297510084411
2022-09-16,0,4,4,0.0,180.22796592068252
2022-09-19,0,4,4,0.0,178.1638309212354
2022-09-20,0,4,4,0.0,177.78374626303673
2022-09-21,0,4,4,0.0,175.94442735248842
2022-09-22,0,4,4,0.0,176.21857900303795
2022-09-23,0,4,4,0.0,172.71769766551787
2022-09-26,0,4,4,0.0,168.55122897793967
2022-09-27,0,4,4,0.0,167.64410205369848
2022-09-28,0,4,4,0.0,165.88242173597257
2022-09-29,0,4,4,0.0,166.6661971272708
2022-09-30,0,4,4,0.0,168.23806654056673
2022-10-03,0,4,4,0.0,166.00775582066376
2022-10-04,0,4,4,0.0,167.76358556059893
2022-10-06,0,4,4,0.0,168.90495659473342
2022-10-07,0,4,4,0.0,169.1447643955027
2022-10-10,0,4,4,0.0,169.27459154031607
2022-10-11,0,4,4,0.0,166.87970304515312
2022-10-12,0,4,4,0.0,166.87087108260206
2022-10-13,0,4,4,0.0,167.98140213771012
2022-10-14,0,4,4,0.0,167.90757303659942
2022-10-17,0,4,4,0.0,168.24613646115142
2022-10-18,0,4,4,0.0,169.95171890615984
2022-10-19,0,4,4,0.0,169.64461934663723
2022-10-20,1,3,4,25.0,173.52100469299586
2022-10-21,1,3,4,25.0,171.32839156666992
2022-10-24,1,3,4,25.0,173.03763270576803
2022-10-25,1,3,4,25.0,170.1940591859925
2022-10-27,1,3,4,25.0,170.69305218889085
2022-10-28,1,3,4,25.0,166.91462947040992
2022-10-31,1,3,4,25.0,166.83733468012653
2022-11-01,1,3,4,25.0,168.03892686312562
2022-11-02,1,3,4,25.0,168.7543220832632
2022-11-03,1,3,4,25.0,166.73150519592096
2022-11-04,1,3,4,25.0,165.14039373569221
2022-11-07,1,3,4,25.0,167.53263621899643
2022-11-09,1,3,4,25.0,169.08817225496279
2022-11-10,1,3,4,25.0,165.87750697562836
2022-11-11,1,3,4,25.0,168.15316142144417
2022-11-14,1,3,4,25.0,167.0037425402025
2022-11-15,1,3,4,25.0,166.94782162328417
2022-11-16,1,3,4,25.0,167.402862129859
2022-11-17,1,3,4,25.0,166.5373199402888
2022-11-18,1,3,4,25.0,166.03824178330328
2022-11-21,1,3,4,25.0,165.74294534678342
2022-11-22,1,3,4,25.0,166.5085562010431
2022-11-23,1,3,4,25.0,166.78706674881226
2022-11-24,1,3,4,25.0,166.81212710581974
2022-11-25,1,3,4,25.0,171.35122146515235
2022-11-28,1,3,4,25.0,175.08471073571326
2022-11-29,1,3,4,25.0,173.3497253255872
2022-11-30,2,2,4,50.0,177.43248042404747
2022-12-01,2,2,4,50.0,176.42833578531224
2022-12-02,2,2,4,50.0,176.52183361378806
2022-12-05,2,2,4,50.0,177.10334452753057
2022-12-06,2,2,4,50.0,176.33076464405943
2022-12-07,2,2,4,50.0,179.69416667941306
2022-12-08,2,2,4,50.0,180.48725389882978
2022-12-09,2,2,4,50.0,180.08254217655752
2022-12-12,2,2,4,50.0,178.90847196347755
2022-12-13,3,1,4,75.0,180.3767450277775
2022-12-14,3,1,4,75.0,181.15321772110983
2022-12-15,2,2,4,50.0,179.3526643317688
2022-12-16,3,1,4,75.0,179.24214166056512
2022-12-19,3,1,4,75.0,186.11546899406378
2022-12-20,3,1,4,75.0,184.32253351219003
2022-12-21,3,1,4,75.0,184.21294083071172
2022-12-22,2,2,4,50.0,180.4347703657627
2022-12-23,2,2,4,50.0,173.91730994244526
2022-12-26,2,2,4,50.0,178.98708688535754
2022-12-27,2,2,4,50.0,181.30519915683132
2022-12-28,3,1,4,75.0,180.3310967531557
2022-12-29,3,1,4,75.0,179.39006363508196
2022-12-30,3,1,4,75.0,180.30143014291204
2023-01-02,3,1,4,75.0,180.94105191711665
2023-01-03,3,1,4,75.0,180.73689331276773
2023-01-04,3,1,4,75.0,180.20819944789253
2023-01-05,3,1,4,75.0,179.67923320158295
2023-01-06,2,2,4,50.0,176.9652921419958
2023-01-09,3,1,4,75.0,177.61891898215717
2023-01-10,3,1,4,75.0,177.94224086255278
2023-01-11,3,1,4,75.0,177.94079364462226
2023-01-12,3,1,4,75.0,177.7485398685368
2023-01-13,3,1,4,75.0,177.89177318593542
2023-01-16,3,1,4,75.0,176.62449100282322
2023-01-17,3,1,4,75.0,176.34292840013586
2023-01-18,3,1,4,75.0,174.89572587872428
2023-01-19,3,1,4,75.0,174.17855334395037
2023-01-20,2,2,4,50.0,170.65340326948055
2023-01-23,2,2,4,50.0,169.45086201759062
2023-01-24,1,3,4,25.0,168.87708120750978
2023-01-25,1,3,4,25.0,166.75458628844714
2023-01-27,0,4,4,0.0,164.0666644918139
2023-01-30,0,4,4,0.0,160.4851048912371
2023-01-31,1,3,4,25.0,164.49993536163282
2023-02-01,1,3,4,25.0,161.86187589953343
2023-02-02,0,4,4,0.0,159.2994101691239
2023-02-03,0,4,4,0.0,156.7108203974141
2023-02-06,0,4,4,0.0,157.36998001216995
2023-02-07,0,4,4,0.0,155.24589849386098
2023-02-08,0,4,4,0.0,155.6837823292236
2023-02-09,0,4,4,0.0,156.61346792369858
2023-02-10,0,4,4,0.0,156.7006000283392
2023-02-13,0,4,4,0.0,154.92615831461248
2023-02-14,0,4,4,0.0,154.9542470560826
2023-02-15,0,4,4,0.0,156.4884332831557
2023-02-16,0,4,4,0.0,156.75455119150212
2023-02-17,0,4,4,0.0,154.31882297841025
2023-02-20,0,4,4,0.0,153.01854394432854
2023-02-21,0,4,4,0.0,151.81311336643915
2023-02-22,0,4,4,0.0,151.7016588634938
2023-02-23,0,4,4,0.0,150.74138598098295
2023-02-24,0,4,4,0.0,150.88607106500723
2023-02-27,0,4,4,0.0,148.40185137828348
2023-02-28,0,4,4,0.0,149.4274904296866
2023-03-01,0,4,4,0.0,150.20555308965785
2023-03-02,0,4,4,0.0,150.2921852567965
2023-03-03,0,4,4,0.0,149.61470908077925
2023-03-06,0,4,4,0.0,150.33740964577711
2023-03-08,0,4,4,0.0,149.92062952278224
2023-03-09,0,4,4,0.0,149.01697034645915
2023-03-10,0,4,4,0.0,148.49371896214188
2023-03-13,0,4,4,0.0,146.34554238530936
2023-03-14,0,4,4,0.0,144.1495143284532
2023-03-15,0,4,4,0.0,144.0633098083459
2023-03-16,0,4,4,0.0,143.88508080939118
2023-03-17,0,4,4,0.0,143.61922791950303
2023-03-20,0,4,4,0.0,142.34747486984386
2023-03-21,0,4,4,0.0,146.28167677240856
2023-03-22,0,4,4,0.0,146.19776650948936
2023-03-23,0,4,4,0.0,145.6068858071507
2023-03-24,0,4,4,0.0,140.77878879242905
2023-03-27,0,4,4,0.0,136.6895603329327
2023-03-28,0,4,4,0.0,135.48204858985375
2023-03-29,0,4,4,0.0,135.950614445793
2023-03-31,0,4,4,0.0,138.40051167326158
2023-04-03,0,4,4,0.0,141.90629988973666
2023-04-05,0,4,4,0.0,144.6110902927961
2023-04-06,0,4,4,0.0,144.69945188793085
2023-04-10,0,4,4,0.0,143.53435376361674
2023-04-11,0,4,4,0.0,145.30339837054538
2023-04-12,0,4,4,0.0,150.17905698105645
2023-04-13,0,4,4,0.0,150.5131405250144
2023-04-17,0,4,4,0.0,151.01506654352178
2023-04-18,0,4,4,0.0,151.12200856714082
2023-04-19,0,4,4,0.0,149.13570006822835
2023-04-20,0,4,4,0.0,149.48759981919872
2023-04-21,0,4,4,0.0,149.05219088495903
2023-04-24,0,4,4,0.0,148.59972504354772
2023-04-25,0,4,4,0.0,148.01501421394426
2023-04-26,0,4,4,0.0,147.65788276683648
2023-04-27,0,4,4,0.0,147.04223523677285
2023-04-28,0,4,4,0.0,148.09381261362805
2023-05-02,0,4,4,0.0,149.3883765904555
2023-05-03,0,4,4,0.0,150.11686969512058
2023-05-04,0,4,4,0.0,150.63894348431876
2023-05-05,0,4,4,0.0,150.7688135891474
2023-05-08,0,4,4,0.0,151.23267957912498
2023-05-09,0,4,4,0.0,152.20351738075078
2023-05-10,0,4,4,0.0,151.5290090649829
2023-05-11,0,4,4,0.0,151.6056381616788
2023-05-12,0,4,4,0.0,150.5071837361946
2023-05-15,0,4,4,0.0,152.51417804710695
2023-05-16,0,4,4,0.0,151.428464401183
2023-05-17,0,4,4,0.0,150.35388116876805
2023-05-18,0,4,4,0.0,150.03493218681047
2023-05-19,0,4,4,0.0,149.6164618425272
2023-05-22,0,4,4,0.0,149.71586592679637
2023-05-23,0,4,4,0.0,149.2588854317342
2023-05-24,0,4,4,0.0,148.649955352304
2023-05-25,0,4,4,0.0,148.34817996214497
2023-05-26,0,4,4,0.0,152.55919426024118
2023-05-29,0,4,4,0.0,153.81336634287393
2023-05-30,0,4,4,0.0,157.8442962576544
2023-05-31,1,3,4,25.0,159.03797978407124
2023-06-01,0,4,4,0.0,158.16634494299234
2023-06-02,1,3,4,25.0,159.0690435254361
2023-06-05,1,3,4,25.0,159.87619008954698
2023-06-06,3,1,4,75.0,163.0956973740348
2023-06-07,2,2,4,50.0,163.86300242578156
2023-06-08,1,3,4,25.0,162.1050161548421
2023-06-09,1,3,4,25.0,160.51236736504572
2023-06-12,1,3,4,25.0,161.2177169497783
2023-06-13,1,3,4,25.0,161.62736530770857
2023-06-14,1,3,4,25.0,159.19791114637744
2023-06-15,1,3,4,25.0,158.391507564863
2023-06-16,1,3,4,25.0,159.26648492797352
2023-06-19,0,4,4,0.0,158.10842777084315
2023-06-20,2,2,4,50.0,164.01666846009775
2023-06-21,2,2,4,50.0,163.5488475836928
2023-06-22,2,2,4,50.0,162.6907100367476
2023-06-23,2,2,4,50.0,161.20750942852723
2023-06-26,2,2,4,50.0,162.096632176348
2023-06-27,2,2,4,50.0,164.04202593119373
2023-06-28,3,1,4,75.0,165.80679565618658
2023-06-30,3,1,4,75.0,180.70153041622632
2023-07-03,3,1,4,75.0,180.5439707180425
2023-07-04,3,1,4,75.0,180.4104364795442
2023-07-05,3,1,4,75.0,181.6353046925177
2023-07-06,3,1,4,75.0,181.1738532575667
2023-07-07,3,1,4,75.0,180.01011743110533
2023-07-10,3,1,4,75.0,179.44316302066593
2023-07-11,3,1,4,75.0,182.57923055790192
2023-07-12,3,1,4,75.0,184.71870461770328
2023-07-13,3,1,4,75.0,184.69541733783996
2023-07-14,3,1,4,75.0,187.87889947859432
2023-07-17,3,1,4,75.0,188.03025706310302
2023-07-18,3,1,4,75.0,188.09811697453608
2023-07-19,3,1,4,75.0,188.02372451687384
2023-07-20,3,1,4,75.0,194.7415111623774
2023-07-21,3,1,4,75.0,193.5989656735519
2023-07-24,4,0,4,100.0,195.58985913372305
2023-07-25,4,0,4,100.0,196.97699123249984
2023-07-26,4,0,4,100.0,195.8586895305246
2023-07-27,4,0,4,100.0,195.0051938787194
2023-07-28,4,0,4,100.0,195.99722770907357
2023-07-31,4,0,4,100.0,196.74241751535192
2023-08-01,4,0,4,100.0,198.00572662025323
2023-08-02,4,0,4,100.0,194.0936414398512
2023-08-03,4,0,4,100.0,192.4444119509132
2023-08-04,4,0,4,100.0,192.4918442789649
2023-08-07,4,0,4,100.0,192.17148533066216
2023-08-08,4,0,4,100.0,192.7313293611057
2023-08-09,4,0,4,100.0,194.28373200880907
2023-08-10,4,0,4,100.0,195.90936454088376
2023-08-11,4,0,4,100.0,195.53117208369036
2023-08-14,4,0,4,100.0,192.9272987122802
2023-08-16,4,0,4,100.0,192.81673172969187
2023-08-17,4,0,4,100.0,191.9601461251926
2023-08-18,4,0,4,100.0,190.85862498824415
2023-08-21,3,1,4,75.0,189.16409089427913
2023-08-22,4,0,4,100.0,190.5621663239954
2023-08-23,4,0,4,100.0,191.46773632938326
2023-08-24,4,0,4,100.0,191.19443213480545
2023-08-25,4,0,4,100.0,190.10863502142217
2023-08-28,4,0,4,100.0,190.0182570937676
2023-08-29,4,0,4,100.0,190.5060241700182
2023-08-30,4,0,4,100.0,190.97761385193434
2023-08-31,4,0,4,100.0,191.0046194125077
2023-09-01,4,0,4,100.0,189.89058041285472
2023-09-04,4,0,4,100.0,191.52441203441188
2023-09-05,4,0,4,100.0,195.78939483613124
2023-09-06,4,0,4,100.0,196.29829055513875
2023-09-07,4,0,4,100.0,199.7134198364413
2023-09-08,4,0,4,100.0,200.979901263215
2023-09-11,4,0,4,100.0,206.41198882245905
2023-09-12,4,0,4,100.0,201.85143407937264
2023-09-13,4,0,4,100.0,202.02628141103486
2023-09-14,4,0,4,100.0,203.00662149217948
2023-09-15,4,0,4,100.0,203.64851775810075
2023-09-18,4,0,4,100.0,202.8545586971858
2023-09-20,4,0,4,100.0,203.03140329324455
2023-09-21,4,0,4,100.0,202.0896095659869
2023-09-22,4,0,4,100.0,202.25587431265603
2023-09-25,4,0,4,100.0,202.87705384366745
2023-09-26,4,0,4,100.0,202.88230743680785
2023-09-27,4,0,4,100.0,203.68890272949486
2023-09-28,4,0,4,100.0,203.0812969566814
2023-09-29,4,0,4,100.0,203.81176876951676
2023-10-03,4,0,4,100.0,205.8192072848727
2023-10-04,4,0,4,100.0,205.10318659461683
2023-10-05,4,0,4,100.0,205.22504444936587
2023-10-06,4,0,4,100.0,206.50485483164906
2023-10-09,4,0,4,100.0,205.4591455020105
2023-10-10,4,0,4,100.0,207.74979270776774
2023-10-11,4,0,4,100.0,209.35546122084472
2023-10-12,4,0,4,100.0,215.62809247396592
2023-10-13,4,0,4,100.0,222.92504795101334
2023-10-16,4,0,4,100.0,220.04146627438465
2023-10-17,4,0,4,100.0,219.6760393557955
2023-10-18,4,0,4,100.0,216.6225603548038
2023-10-19,4,0,4,100.0,214.87138131353905
2023-10-20,4,0,4,100.0,215.26242380584188
2023-10-23,4,0,4,100.0,210.2362020872831
2023-10-25,4,0,4,100.0,211.09800235700797
2023-10-26,4,0,4,100.0,208.06164220642813
2023-10-27,4,0,4,100.0,210.81263947684593
2023-10-30,4,0,4,100.0,210.17488530025176
2023-10-31,4,0,4,100.0,214.12455694023183
2023-11-01,4,0,4,100.0,212.79327343525668
2023-11-02,4,0,4,100.0,212.37444112034365
2023-11-03,4,0,4,100.0,215.59773120028981
2023-11-06,4,0,4,100.0,218.04643629111254
2023-11-07,4,0,4,100.0,219.83213721899492
2023-11-08,4,0,4,100.0,218.31131008569412
2023-11-09,4,0,4,100.0,219.87866491639946
2023-11-10,4,0,4,100.0,219.54994473856107
2023-11-12,4,0,4,100.0,221.2923351206025
2023-11-13,4,0,4,100.0,219.05117006962277
2023-11-15,4,0,4,100.0,220.1741842672964
2023-11-16,4,0,4,100.0,222.65593067253192
2023-11-17,4,0,4,100.0,226.54539032645738
2023-11-20,4,0,4,100.0,224.68504437188534
2023-11-21,4,0,4,100.0,223.72813166805145
2023-11-22,4,0,4,100.0,221.47355991208647
2023-11-23,4,0,4,100.0,224.18575970481044
2023-11-24,4,0,4,100.0,223.37733966012246
2023-11-28,4,0,4,100.0,224.44177842561234
2023-11-29,4,0,4,100.0,225.69803793932945
2023-11-30,4,0,4,100.0,228.73132742661332
2023-12-01,4,0,4,100.0,229.5514953090283
2023-12-04,4,0,4,100.0,232.71105664261393
2023-12-05,4,0,4,100.0,236.89437609922172
2023-12-06,4,0,4,100.0,236.8009487428389
2023-12-07,4,0,4,100.0,235.62861527916232
2023-12-08,4,0,4,100.0,233.0478480859825
2023-12-11,4,0,4,100.0,234.27655484138486
2023-12-12,4,0,4,100.0,234.39781388720752
2023-12-13,4,0,4,100.0,236.65458803566733
2023-12-14,4,0,4,100.0,235.81395766939895
2023-12-15,4,0,4,100.0,235.77765165870198
2023-12-18,4,0,4,100.0,240.75293272452822
2023-12-19,4,0,4,100.0,242.06027593407055
2023-12-20,4,0,4,100.0,241.8400522584324
2023-12-21,4,0,4,100.0,241.32408880112064
2023-12-22,4,0,4,100.0,244.78775107290045
2023-12-26,4,0,4,100.0,241.5701958762075
2023-12-27,4,0,4,100.0,240.38839763368287
2023-12-28,4,0,4,100.0,241.59745326276746
2023-12-29,4,0,4,100.0,243.33938314106294
2024-01-01,4,0,4,100.0,245.62092606617944
2024-01-02,4,0,4,100.0,247.06653844470284
2024-01-03,4,0,4,100.0,245.75901850693958
2024-01-04,4,0,4,100.0,249.78316542164833
2024-01-05,4,0,4,100.0,251.06624379552454
2024-01-08,4,0,4,100.0,249.90181190725082
2024-01-09,4,0,4,100.0,255.9008036298848
2024-01-10,4,0,4,100.0,254.3001909685792
2024-01-11,4,0,4,100.0,258.7354654949456
2024-01-12,4,0,4,100.0,263.29068001957273
2024-01-15,4,0,4,100.0,262.9909702801264
2024-01-16,4,0,4,100.0,258.49282973579255
2024-01-17,4,0,4,100.0,251.7667992362412
2024-01-18,4,0,4,100.0,256.00614779671673
2024-01-19,4,0,4,100.0,256.4037729806046
2024-01-20,4,0,4,100.0,257.5020498680271
2024-01-23,4,0,4,100.0,249.6264049607987
2024-01-24,4,0,4,100.0,253.80018832128295
2024-01-25,4,0,4,100.0,256.01467185037785
2024-01-29,4,0,4,100.0,260.3758510792399
2024-01-30,4,0,4,100.0,262.8717483002957
2024-01-31,4,0,4,100.0,266.59358144870873
2024-02-01,4,0,4,100.0,263.16984664705666
2024-02-02,4,0,4,100.0,263.9053196285674
2024-02-05,4,0,4,100.0,261.3098582760473
2024-02-06,4,0,4,100.0,265.94772128461
2024-02-07,4,0,4,100.0,265.2200741883891
2024-02-08,4,0,4,100.0,264.10450243450776
2024-02-09,4,0,4,100.0,261.77388156345586
2024-02-12,4,0,4,100.0,258.46720048482285
2024-02-13,4,0,4,100.0,260.3480772758224
2024-02-14,4,0,4,100.0,263.20879241681854
2024-02-15,4,0,4,100.0,264.2178780172934
2024-02-16,4,0,4,100.0,266.7366294843782
2024-02-19,4,0,4,100.0,267.42154455232685
2024-02-20,4,0,4,100.0,266.6147118939941
2024-02-21,4,0,4,100.0,270.0458316590318
2024-02-22,4,0,4,100.0,269.18371904593204
2024-02-23,4,0,4,100.0,269.9897829308876
2024-02-26,4,0,4,100.0,273.9721526078855
2024-02-27,4,0,4,100.0,279.7012754755437
2024-02-28,4,0,4,100.0,275.0153700171207
2024-02-29,4,0,4,100.0,273.1890324424416
2024-03-01,4,0,4,100.0,273.8799455624512
2024-03-02,4,0,4,100.0,273.3884083110915
2024-03-04,4,0,4,100.0,274.01239654160776
2024-03-05,4,0,4,100.0,272.97762285621
2024-03-06,4,0,4,100.0,269.67680064546835
2024-03-07,4,0,4,100.0,268.1941001078208
2024-03-11,4,0,4,100.0,270.1289358891559
2024-03-12,4,0,4,100.0,263.7730515628984
2024-03-13,4,0,4,100.0,248.14881830490933
2024-03-14,4,0,4,100.0,259.20384380386986
2024-03-15,4,0,4,100.0,256.9066450358604
2024-03-18,4,0,4,100.0,251.5297369934443
2024-03-19,4,0,4,100.0,245.68331722048006
2024-03-20,4,0,4,100.0,245.56943359086569
2024-03-21,4,0,4,100.0,247.72774969120164
2024-03-22,4,0,4,100.0,250.65212543596124
2024-03-26,4,0,4,100.0,251.09172580055912
2024-03-27,4,0,4,100.0,251.1342957109806
2024-03-28,4,0,4,100.0,251.69370653562032
2024-04-01,4,0,4,100.0,257.6985949541636
2024-04-02,4,0,4,100.0,258.7037230377343
2024-04-03,4,0,4,100.0,263.2666033535807
2024-04-04,4,0,4,100.0,267.0795389137713
2024-04-05,4,0,4,100.0,270.5184177959313
2024-04-08,4,0,4,100.0,266.9577182594593
2024-04-09,4,0,4,100.0,269.4149715450089
2024-04-10,4,0,4,100.0,272.90406726489334
2024-04-12,4,0,4,100.0,273.6038682845529
2024-04-15,4,0,4,100.0,271.0604900950989
2024-04-16,4,0,4,100.0,278.48936046318414
2024-04-18,4,0,4,100.0,277.33160928110954
2024-04-19,4,0,4,100.0,276.15871208745494
2024-04-22,4,0,4,100.0,280.4627093721772
2024-04-23,4,0,4,100.0,281.75749859156633
2024-04-24,4,0,4,100.0,288.2073248748466
2024-04-25,4,0,4,100.0,289.50970320170535
2024-04-26,4,0,4,100.0,291.3321027368153
2024-04-29,4,0,4,100.0,290.7968486332276
2024-04-30,4,0,4,100.0,292.45255259963255
2024-05-02,4,0,4,100.0,293.45611257318177
2024-05-03,4,0,4,100.0,293.7894675192513
2024-05-06,4,0,4,100.0,288.66235150650994
2024-05-07,4,0,4,100.0,283.96261888515454
2024-05-08,4,0,4,100.0,286.8614248418647
2024-05-09,4,0,4,100.0,281.45954573206825
2024-05-10,4,0,4,100.0,281.9230898768271
2024-05-13,4,0,4,100.0,279.5808012935058
2024-05-14,4,0,4,100.0,281.85097082898795
2024-05-15,4,0,4,100.0,281.63290683202115
2024-05-16,4,0,4,100.0,287.23469459145196
2024-05-17,4,0,4,100.0,286.4165826976276
2024-05-18,4,0,4,100.0,287.3059723556756
2024-05-21,4,0,4,100.0,286.0994995309094
2024-05-22,4,0,4,100.0,288.85766165337924
2024-05-23,4,0,4,100.0,292.23868046896337
2024-05-24,4,0,4,100.0,289.9914647398668
2024-05-27,4,0,4,100.0,292.48215815881815
2024-05-28,4,0,4,100.0,293.2959318335631
2024-05-29,4,0,4,100.0,292.61574168970867
2024-05-30,4,0,4,100.0,286.44123316128326
2024-05-31,4,0,4,100.0,288.00274506276577
2024-06-03,4,0,4,100.0,303.3908153839551
2024-06-04,4,0,4,100.0,276.1546438971443
2024-06-05,4,0,4,100.0,285.783677528214
2024-06-06,4,0,4,100.0,301.0704471496665
2024-06-07,4,0,4,100.0,300.46034900315607
2024-06-10,4,0,4,100.0,303.0184362326783
2024-06-11,4,0,4,100.0,308.17630949526
2024-06-12,4,0,4,100.0,319.7133365046569
2024-06-13,4,0,4,100.0,319.8271278039149
2024-06-14,4,0,4,100.0,325.4471094990964
2024-06-18,4,0,4,100.0,329.5318579217706
2024-06-19,4,0,4,100.0,324.96860522131607
2024-06-20,4,0,4,100.0,324.7062084528905
2024-06-21,4,0,4,100.0,325.5218320982457
2024-06-24,4,0,4,100.0,325.16723862896833
2024-06-25,4,0,4,100.0,331.08570371849396
2024-06-26,4,0,4,100.0,327.0653679042835
2024-06-27,4,0,4,100.0,324.0963064530999
2024-06-28,4,0,4,100.0,321.8786355745332
2024-07-01,4,0,4,100.0,329.5404233669013
2024-07-02,4,0,4,100.0,329.70924268772006
2024-07-03,4,0,4,100.0,331.5290620405357
2024-07-04,4,0,4,100.0,333.7768914355203
2024-07-05,4,0,4,100.0,335.68868332479394
2024-07-08,4,0,4,100.0,335.813807031502
2024-07-09,4,0,4,100.0,336.24917992235976
2024-07-10,4,0,4,100.0,334.27093541114476
2024-07-11,4,0,4,100.0,337.1376227535121
2024-07-12,4,0,4,100.0,338.0344524971044
2024-07-15,4,0,4,100.0,343.46975300923907
2024-07-16,4,0,4,100.0,344.23639780347094
2024-07-18,4,0,4,100.0,340.9115980078371
2024-07-19,4,0,4,100.0,328.9544239916616
2024-07-22,4,0,4,100.0,329.2936190773138
2024-07-23,4,0,4,100.0,324.4773726775304
2024-07-24,4,0,4,100.0,333.91710375369917
2024-07-25,4,0,4,100.0,334.96412100018006
2024-07-26,4,0,4,100.0,340.63227525433336
2024-07-29,4,0,4,100.0,342.2916298435022
2024-07-30,4,0,4,100.0,338.2765986026844
2024-07-31,4,0,4,100.0,338.85081947291985
2024-08-01,4,0,4,100.0,341.3727165896817
2024-08-02,4,0,4,100.0,337.4472642072352
2024-08-05,4,0,4,100.0,322.5782508146649
2024-08-06,4,0,4,100.0,319.0037788183072
2024-08-07,4,0,4,100.0,327.050120232431
2024-08-08,4,0,4,100.0,330.4157047761451
2024-08-09,4,0,4,100.0,338.042206678452
2024-08-12,4,0,4,100.0,339.2901366834227
2024-08-13,4,0,4,100.0,338.73289590476304
2024-08-14,4,0,4,100.0,341.23565552000105
2024-08-16,4,0,4,100.0,349.08245359043866
2024-08-19,4,0,4,100.0,354.4694849940448
2024-08-20,4,0,4,100.0,365.1132327623971
2024-08-21,4,0,4,100.0,375.4813359830272
2024-08-22,4,0,4,100.0,369.9846554590389
2024-08-23,4,0,4,100.0,367.6249470787004
2024-08-26,4,0,4,100.0,368.1701028470916
2024-08-27,4,0,4,100.0,368.62393928817056
2024-08-28,4,0,4,100.0,366.33967210164985
2024-08-29,4,0,4,100.0,360.6794190974387
2024-08-30,4,0,4,100.0,365.4086360734981
2024-09-02,4,0,4,100.0,369.77998783453506
2024-09-03,4,0,4,100.0,371.1216685553281
2024-09-04,4,0,4,100.0,370.91932921695013
2024-09-05,4,0,4,100.0,381.334915688343
2024-09-06,4,0,4,100.0,375.9932564867615
2024-09-09,4,0,4,100.0,371.05589783051363
2024-09-10,4,0,4,100.0,374.82749594704865
2024-09-11,4,0,4,100.0,375.0612112870148
2024-09-12,4,0,4,100.0,375.22749700126536
2024-09-13,4,0,4,100.0,376.82072496959194
2024-09-16,4,0,4,100.0,374.00440133098465
2024-09-17,4,0,4,100.0,375.4354754026623
2024-09-18,4,0,4,100.0,378.1450730263658
2024-09-19,4,0,4,100.0,370.44066373978546
2024-09-20,4,0,4,100.0,375.7767992865714
2024-09-23,4,0,4,100.0,379.71848268769594
2024-09-24,4,0,4,100.0,377.6037258219168
2024-09-25,4,0,4,100.0,377.54893030856357
2024-09-26,4,0,4,100.0,375.3602189499364
2024-09-27,4,0,4,100.0,370.13716576202734
2024-09-30,4,0,4,100.0,363.9769873421569
2024-10-01,4,0,4,100.0,373.57712708010865
2024-10-03,4,0,4,100.0,364.5587706888003
2024-10-04,4,0,4,100.0,361.5562871106303
2024-10-07,4,0,4,100.0,349.85769758727645
2024-10-08,4,0,4,100.0,351.82098113497216
2024-10-09,4,0,4,100.0,362.8660468644511
2024-10-10,4,0,4,100.0,361.5110958216111
2024-10-11,4,0,4,100.0,368.6631483484065
2024-10-14,4,0,4,100.0,368.41137844488054
2024-10-15,4,0,4,100.0,374.2397670607032
2024-10-16,4,0,4,100.0,399.4962830962305
2024-10-17,4,0,4,100.0,392.29667845179705
2024-10-18,4,0,4,100.0,389.0128846816835
2024-10-21,4,0,4,100.0,385.13826485805777
2024-10-22,4,0,4,100.0,369.59368446388487
2024-10-23,4,0,4,100.0,375.4737755685815
2024-10-24,4,0,4,100.0,372.76310111129175
2024-10-25,4,0,4,100.0,365.0489521823379
2024-10-28,4,0,4,100.0,371.53959294711507
2024-10-29,4,0,4,100.0,376.0886324764761
2024-10-30,4,0,4,100.0,382.3105503093121
2024-10-31,4,0,4,100.0,389.68683359300786
2024-11-01,4,0,4,100.0,394.5532090517823
2024-11-04,4,0,4,100.0,387.89082754535815
2024-11-05,4,0,4,100.0,393.87812730495017
2024-11-06,4,0,4,100.0,402.98720536401146
2024-11-07,4,0,4,100.0,402.79100119011036
2024-11-08,4,0,4,100.0,394.3218341157411
2024-11-11,4,0,4,100.0,390.46010347778457
2024-11-12,4,0,4,100.0,392.0808943485285
2024-11-13,4,0,4,100.0,377.74000575096755
2024-11-14,4,0,4,100.0,385.9194843147187
2024-11-18,4,0,4,100.0,380.9291140839981
2024-11-19,4,0,4,100.0,385.0316058935325
2024-11-21,4,0,4,100.0,385.63129768269204
2024-11-22,4,0,4,100.0,388.87983867391773
2024-11-25,4,0,4,100.0,394.33545788098803
2024-11-26,4,0,4,100.0,391.83054541141934
2024-11-27,4,0,4,100.0,396.3969031846666
2024-11-28,4,0,4,100.0,392.90044514848125
2024-11-29,4,0,4,100.0,391.7890135224983
2024-12-02,4,0,4,100.0,392.97523531567145
2024-12-03,4,0,4,100.0,393.75070397167826
2024-12-04,4,0,4,100.0,397.2892040503355
2024-12-05,4,0,4,100.0,399.2060591678991
2024-12-06,4,0,4,100.0,400.5900850714891
2024-12-09,4,0,4,100.0,407.7258169287169
2024-12-10,4,0,4,100.0,417.53259503516773
2024-12-11,4,0,4,100.0,417.11928638637403
2024-12-12,4,0,4,100.0,412.2723664793467
2024-12-13,4,0,4,100.0,413.0170518780319
2024-12-16,4,0,4,100.0,412.8141451679443
2024-12-17,4,0,4,100.0,409.06022068822966
2024-12-18,4,0,4,100.0,401.57376273148105
2024-12-19,4,0,4,100.0,400.13698466333426
2024-12-20,4,0,4,100.0,390.1589346270219
2024-12-23,4,0,4,100.0,387.7475802199237
2024-12-24,4,0,4,100.0,389.2630013248278
2024-12-26,4,0,4,100.0,388.7151582645522
2024-12-27,4,0,4,100.0,390.891631148343
2024-12-30,4,0,4,100.0,399.55107079958975
2024-12-31,4,0,4,100.0,398.5741149690971
2025-01-01,4,0,4,100.0,403.06783489289126
2025-01-02,4,0,4,100.0,407.6514093462567
2025-01-03,4,0,4,100.0,403.21085254913066
2025-01-06,3,1,4,75.0,387.5745578428634
2025-01-07,3,1,4,75.0,389.75600519923455
2025-01-08,3,1,4,75.0,380.99588586440404
2025-01-09,3,1,4,75.0,368.4972249945516
2025-01-10,3,1,4,75.0,364.5258815829175
2025-01-13,2,2,4,50.0,352.61876840052463
2025-01-14,2,2,4,50.0,355.0112304121441
2025-01-15,3,1,4,75.0,371.1580007635951
2025-01-16,3,1,4,75.0,375.34889250627657
2025-01-17,3,1,4,75.0,370.88146456979393
2025-01-20,3,1,4,75.0,372.9935935328505
2025-01-21,3,1,4,75.0,363.84463481443873
2025-01-22,2,2,4,50.0,359.3012025395623
2025-01-23,3,1,4,75.0,360.60086664399165
2025-01-24,2,2,4,50.0,349.0357176074936
2025-01-27,0,4,4,0.0,326.92929072297676
2025-01-28,0,4,4,0.0,316.5679830808994
2025-01-29,0,4,4,0.0,325.9609284133861
2025-01-30,0,4,4,0.0,321.1783477077215
2025-01-31,0,4,4,0.0,330.527343654488
2025-02-01,0,4,4,0.0,331.61666478388526
2025-02-03,0,4,4,0.0,322.34107406469394
2025-02-04,0,4,4,0.0,331.55370500476835
2025-02-05,1,3,4,25.0,346.47415761660255
2025-02-06,0,4,4,0.0,338.87198500154216
2025-02-07,0,4,4,0.0,336.58581420827403
2025-02-10,0,4,4,0.0,327.2441253293225
2025-02-11,0,4,4,0.0,314.6180370675576
2025-02-12,0,4,4,0.0,317.57621300617694
2025-02-13,0,4,4,0.0,316.96352550949297
2025-02-14,0,4,4,0.0,308.04349041388946
2025-02-17,0,4,4,0.0,305.986344789795
2025-02-18,0,4,4,0.0,304.10178393858865
2025-02-19,0,4,4,0.0,309.6183430398951
2025-02-20,0,4,4,0.0,314.751648265799
2025-02-21,0,4,4,0.0,312.5208295376296
2025-02-24,0,4,4,0.0,312.15495607828666
2025-02-25,0,4,4,0.0,312.23982882280256
2025-02-27,0,4,4,0.0,307.78704983407926
2025-02-28,0,4,4,0.0,299.8959487808484
2025-03-03,0,4,4,0.0,301.1430601350664
2025-03-04,0,4,4,0.0,301.2863665881315
2025-03-05,0,4,4,0.0,307.2009224972173
2025-03-06,0,4,4,0.0,310.89546373942517
2025-03-07,0,4,4,0.0,309.74473737980975
2025-03-10,0,4,4,0.0,301.0672909988304
2025-03-11,0,4,4,0.0,301.6887432548118
2025-03-12,0,4,4,0.0,303.6994190370326
2025-03-13,0,4,4,0.0,300.16120992281003
2025-03-17,0,4,4,0.0,302.352729159353
2025-03-18,0,4,4,0.0,307.27937238994485
2025-03-19,0,4,4,0.0,320.5268167495812
2025-03-20,0,4,4,0.0,320.0627634876045
2025-03-21,0,4,4,0.0,328.31597241447696
2025-03-24,0,4,4,0.0,337.2428323974349
2025-03-25,0,4,4,0.0,336.348017894394
2025-03-26,0,4,4,0.0,330.272454057944
2025-03-27,0,4,4,0.0,333.76680490471125
2025-03-28,0,4,4,0.0,329.63953084851886
2025-04-01,0,4,4,0.0,328.68414349591563
2025-04-02,0,4,4,0.0,335.4525000854552
2025-04-03,0,4,4,0.0,336.5109244634406
2025-04-04,0,4,4,0.0,328.11855840471037
2025-04-07,0,4,4,0.0,314.17690741183264
2025-04-08,0,4,4,0.0,317.68316827721907
2025-04-09,0,4,4,0.0,311.65748416533114
2025-04-11,0,4,4,0.0,319.50957200096076
2025-04-15,0,4,4,0.0,329.053135790588
2025-04-16,0,4,4,0.0,330.09038704659577
2025-04-17,1,3,4,25.0,333.2952096345671
2025-04-21,1,3,4,25.0,348.98899788318795
2025-04-22,2,2,4,50.0,359.85958152055025
2025-04-23,2,2,4,50.0,364.426071765099
2025-04-24,2,2,4,50.0,361.53493686326647
2025-04-25,1,3,4,25.0,348.5516427191483
2025-04-28,1,3,4,25.0,349.3910759902244
2025-04-29,1,3,4,25.0,351.1258650709676
2025-04-30,1,3,4,25.0,346.38553282140344
2025-05-02,1,3,4,25.0,345.1269079399898
2025-05-05,2,2,4,50.0,351.4123098441604
2025-05-06,1,3,4,25.0,338.7142575986801
2025-05-07,2,2,4,50.0,347.12973216412485
2025-05-08,1,3,4,25.0,340.4488799185001
2025-05-09,1,3,4,25.0,336.950275959857
2025-05-12,2,2,4,50.0,358.87412359774873
2025-05-13,2,2,4,50.0,362.7040895744154
2025-05-14,2,2,4,50.0,366.8331942776637
2025-05-15,2,2,4,50.0,371.0429527496518
2025-05-16,2,2,4,50.0,380.4596441625452
2025-05-19,4,0,4,100.0,390.5845693117116
2025-05-20,3,1,4,75.0,387.02942417276176
2025-05-21,3,1,4,75.0,389.2389980774972
2025-05-22,3,1,4,75.0,385.0638406612921
2025-05-23,4,0,4,100.0,389.34225296553166
2025-05-26,4,0,4,100.0,391.7995338154884
2025-05-27,4,0,4,100.0,393.5876387517416
2025-05-28,4,0,4,100.0,393.39730165587076
2025-05-29,4,0,4,100.0,390.3549858973624
2025-05-30,4,0,4,100.0,394.42779750891697
2025-06-02,4,0,4,100.0,395.87667927718525
2025-06-03,3,1,4,75.0,391.50269221727314
2025-06-04,3,1,4,75.0,393.40367762100607
2025-06-05,4,0,4,100.0,397.20040717475615
2025-06-06,4,0,4,100.0,416.2947701009675
2025-06-09,4,0,4,100.0,429.29213804329163
2025-06-10,4,0,4,100.0,421.20470302722686
2025-06-11,4,0,4,100.0,416.9951528789724
2025-06-12,4,0,4,100.0,411.2938126847022
2025-06-13,4,0,4,100.0,405.3456263100143
2025-06-16,4,0,4,100.0,410.3557588526622
2025-06-17,4,0,4,100.0,414.2132441827657
2025-06-18,4,0,4,100.0,405.97017210742666
2025-06-19,4,0,4,100.0,400.01977052863714
2025-06-20,4,0,4,100.0,409.3061274281791
2025-06-23,4,0,4,100.0,410.166367529677
2025-06-24,4,0,4,100.0,416.96777718106574
2025-06-25,4,0,4,100.0,421.3813133779207
2025-06-26,4,0,4,100.0,420.5519634362588
2025-06-27,4,0,4,100.0,417.7601771537084
2025-06-30,4,0,4,100.0,428.4756880626695
2025-07-01,4,0,4,100.0,426.6086160093568
2025-07-02,4,0,4,100.0,423.3856677769244
2025-07-03,4,0,4,100.0,427.7989132468633
2025-07-04,4,0,4,100.0,425.63602689212223
2025-07-07,4,0,4,100.0,426.17484457077575
2025-07-08,4,0,4,100.0,432.84144244911727
2025-07-09,4,0,4,100.0,435.7275181672825
2025-07-10,4,0,4,100.0,447.5344330452611
2025-07-11,4,0,4,100.0,443.3961605868979
2025-07-14,4,0,4,100.0,445.32145103845113
2025-07-15,4,0,4,100.0,458.66938392907895
2025-07-16,4,0,4,100.0,463.7986824995186
2025-07-17,4,0,4,100.0,463.27075729135714
2025-07-18,4,0,4,100.0,464.281735346616
2025-07-21,4,0,4,100.0,474.02939729889783
2025-07-22,4,0,4,100.0,474.47527988364965
2025-07-23,4,0,4,100.0,473.2852429652545
2025-07-24,4,0,4,100.0,467.4235402444695
2025-07-25,4,0,4,100.0,456.44482899564593
2025-07-28,4,0,4,100.0,455.4478013103632
2025-07-29,4,0,4,100.0,458.16444998839404
2025-07-30,4,0,4,100.0,464.35719877610035
2025-07-31,4,0,4,100.0,457.5253825034012
2025-08-01,4,0,4,100.0,449.64627955423214
2025-08-04,4,0,4,100.0,457.7495372133737
2025-08-05,4,0,4,100.0,456.3685304601268
2025-08-06,4,0,4,100.0,455.89528450230404
2025-08-07,4,0,4,100.0,458.0931613079702
2025-08-08,4,0,4,100.0,452.3310395827151
2025-08-11,4,0,4,100.0,452.5225854125591
2025-08-12,4,0,4,100.0,451.37076167142436
2025-08-13,4,0,4,100.0,452.2101255116131
2025-08-14,4,0,4,100.0,452.89440530200187
2025-08-18,4,0,4,100.0,466.93561081260606
2025-08-19,4,0,4,100.0,477.77544582425355
2025-08-20,4,0,4,100.0,475.4633082191435
2025-08-21,4,0,4,100.0,475.3219055246501
2025-08-22,4,0,4,100.0,475.9664057073973
2025-08-25,4,0,4,100.0,470.78136789657236
2025-08-26,4,0,4,100.0,461.5528904981593
2025-08-28,4,0,4,100.0,448.97548027897284
2025-08-29,4,0,4,100.0,443.60987939389895
2025-09-01,4,0,4,100.0,449.2247444467867
2025-09-02,4,0,4,100.0,446.0851901310163
2025-09-03,4,0,4,100.0,455.78665599454064
2025-09-04,4,0,4,100.0,453.6613893961078
2025-09-05,4,0,4,100.0,449.95671296633964
2025-09-08,4,0,4,100.0,457.8048073977544
2025-09-09,4,0,4,100.0,456.881623321972
2025-09-10,4,0,4,100.0,464.5563919974296
2025-09-11,4,0,4,100.0,463.2039496773523
2025-09-12,4,0,4,100.0,463.69309777556856
2025-09-15,4,0,4,100.0,461.7978080042737
2025-09-16,4,0,4,100.0,463.0296567327557
2025-09-17,4,0,4,100.0,463.40146924023486
2025-09-18,4,0,4,100.0,464.0347287028443
2025-09-19,4,0,4,100.0,463.51211667709487
2025-09-22,4,0,4,100.0,465.418308126615
2025-09-23,4,0,4,100.0,465.2646492790213
2025-09-24,4,0,4,100.0,464.89368362472084
2025-09-25,4,0,4,100.0,462.04304002754446
2025-09-26,4,0,4,100.0,450.8542893513234
2025-09-29,4,0,4,100.0,452.59143497553725
2025-09-30,4,0,4,100.0,452.1693719080697
2025-10-01,4,0,4,100.0,455.25276600933876
2025-10-03,4,0,4,100.0,459.8836422770608
2025-10-06,4,0,4,100.0,460.46060950740025
2025-10-07,4,0,4,100.0,459.7543719365769
2025-10-08,4,0,4,100.0,452.9298448992244
2025-10-09,4,0,4,100.0,449.5904940277754
2025-10-10,4,0,4,100.0,457.33531497578116
2025-10-13,4,0,4,100.0,472.42261540856276
2025-10-14,4,0,4,100.0,468.60617571502263
2025-10-15,4,0,4,100.0,477.76262757725647
2025-10-16,4,0,4,100.0,476.85392047990246
2025-10-17,4,0,4,100.0,480.3818035786339
2025-10-20,4,0,4,100.0,480.13840773072997
2025-10-21,4,0,4,100.0,483.30110845719423
2025-10-23,4,0,4,100.0,472.79662343413366
2025-10-24,4,0,4,100.0,468.6322956859037
2025-10-27,4,0,4,100.0,464.34121322781846
2025-10-28,4,0,4,100.0,462.42894681896746
2025-10-29,4,0,4,100.0,444.8279315214838
2025-10-30,4,0,4,100.0,442.7835350551133
2025-10-31,4,0,4,100.0,441.32613931424703
2025-11-03,4,0,4,100.0,441.17733746438023
2025-11-04,4,0,4,100.0,442.1472760604868
2025-11-06,4,0,4,100.0,438.80406167861946
2025-11-07,4,0,4,100.0,437.13117412848976
2025-11-10,4,0,4,100.0,441.7147316821077
2025-11-11,2,2,4,50.0,433.8541200779581
2025-11-12,2,2,4,50.0,433.7236367562314
2025-11-13,3,1,4,75.0,437.87101126544184
2025-11-14,2,2,4,50.0,430.19227013976825
2025-11-17,3,1,4,75.0,433.1066579037433
2025-11-18,2,2,4,50.0,431.2691961794484
2025-11-19,2,2,4,50.0,431.7584499260072
2025-11-20,3,1,4,75.0,433.1883645508876
2025-11-21,2,2,4,50.0,430.9022162891059
2025-11-24,2,2,4,50.0,426.881020291899
2025-11-25,2,2,4,50.0,424.90701136430965
2025-11-26,2,2,4,50.0,427.6405885632165
2025-11-27,2,2,4,50.0,428.48990987182844
2025-11-28,2,2,4,50.0,428.7132842187941
2025-12-01,2,2,4,50.0,426.49631314729425
2025-12-02,2,2,4,50.0,420.7056779871689
2025-12-03,2,2,4,50.0,416.16818137415805
2025-12-04,2,2,4,50.0,419.64302863876287
2025-12-05,2,2,4,50.0,414.236591962211
2025-12-08,2,2,4,50.0,411.60235004490613
2025-12-09,2,2,4,50.0,414.84115033093804
2025-12-10,2,2,4,50.0,414.77608147930897
2025-12-11,2,2,4,50.0,421.855204416938
2025-12-12,3,1,4,75.0,431.2296643744849
2025-12-15,3,1,4,75.0,425.8539717543504
2025-12-16,3,1,4,75.0,427.76819374354744
2025-12-17,3,1,4,75.0,424.9598183187481
2025-12-18,3,1,4,75.0,442.82007161595163
2025-12-19,3,1,5,75.0,433.6200032172278
2025-12-22,3,1,5,75.0,435.2774341392884
2025-12-23,3,1,5,75.0,438.2118578175537
2025-12-24,3,1,5,75.0,435.62985704419157
2025-12-26,3,1,5,75.0,432.63968568798094
2025-12-29,3,1,5,75.0,435.11536872179147
2025-12-30,3,1,5,75.0,436.799128045919
2025-12-31,3,1,5,75.0,440.16350180548517
2026-01-01,3,1,5,75.0,441.00717682430417
2026-01-02,3,1,5,75.0,444.0202211124909
2026-01-05,3,1,5,75.0,448.38790048652396
2026-01-06,3,1,5,75.0,445.96772955234314
2026-01-07,3,1,5,75.0,447.6176011102497
2026-01-08,3,1,5,75.0,440.7434090299224
2026-01-09,2,2,5,50.0,431.24911700601115
2026-01-12,2,2,5,50.0,425.503375630853
2026-01-13,2,2,5,50.0,433.4223200782224
2026-01-14,2,2,5,50.0,433.7817116627832
2026-01-16,3,1,5,75.0,433.7817116627832
2026-01-19,2,2,5,50.0,432.35661550520905
2026-01-20,2,2,5,50.0,419.47421385157327
2026-01-21,2,2,5,50.0,413.30577701229964
2026-01-22,2,2,5,50.0,412.0629402619877
2026-01-23,2,2,5,50.0,404.021583696751
2026-01-27,1,3,5,25.0,398.258821478047
2026-01-28,2,2,5,50.0,409.6606038582031
2026-01-29,1,3,5,25.0,413.6704179209377
2026-01-30,1,3,5,25.0,415.5182741144481
2026-02-01,1,3,5,25.0,412.8654180169878
2026-02-02,1,3,5,25.0,418.77093515784446
2026-02-03,3,1,5,75.0,440.1074482054943
2026-02-04,3,1,5,75.0,444.0640089446128
2026-02-05,3,1,5,75.0,445.48569957492435
2026-02-06,3,1,5,75.0,442.316598088843
2026-02-09,3,1,5,75.0,442.664928664843
2026-02-10,3,1,5,75.0,449.4293300626206
2026-02-11,3,1,5,75.0,456.59991410387175
2026-02-12,3,1,5,75.0,459.5687381199734
2026-02-13,3,1,5,75.0,449.84917018361904
2026-02-16,3,1,5,75.0,453.8846131025913
2026-02-17,3,1,5,75.0,456.9709967430817
2026-02-18,3,1,5,75.0,462.52887204705024
2026-02-19,3,1,5,75.0,452.3636788573219
2026-02-20,3,1,5,75.0,456.39371832491474
2026-02-23,3,1,5,75.0,463.96785659250514
2026-02-24,3,1,5,75.0,460.5362601784814
2026-02-25,3,1,5,75.0,459.26157188547904
2026-02-26,3,1,5,75.0,455.3884180652509
2026-02-27,3,1,5,75.0,446.70044288113087
2026-03-02,2,2,5,50.0,438.2343975113047
2026-03-04,2,2,5,50.0,425.33447193521897
2026-03-05,2,2,5,50.0,432.34736489399637
2026-03-06,2,2,5,50.0,431.44695367988703
2026-03-09,1,3,5,25.0,418.01532783529984
2026-03-10,2,2,5,50.0,442.65543712581524
2026-03-11,2,2,5,50.0,438.6050485562357
2026-03-12,2,2,5,50.0,433.7829098276111
2026-03-13,1,3,5,25.0,419.80157322098376
2026-03-16,1,3,5,25.0,422.57180215360177
2026-03-17,2,2,5,50.0,427.6470233432275
2026-03-18,2,2,5,50.0,438.1074446245855
2026-03-19,2,2,5,50.0,421.3158019521908
2026-03-20,1,3,5,25.0,419.2673246056394
2026-03-23,1,3,5,25.0,401.2769344158391
2026-03-24,1,3,5,25.0,413.70115956819893
2026-03-25,2,2,5,50.0,427.06503752104607
2026-03-27,1,3,5,25.0,414.2226285453492
2026-03-30,1,3,5,25.0,403.4194369964332
2026-04-01,2,2,5,50.0,419.18054603611085
2026-04-02,1,3,5,25.0,416.3223503033284
2026-04-06,1,3,5,25.0,423.07875289046814
2026-04-07,1,3,5,25.0,421.5075058151597
2026-04-08,2,2,5,50.0,445.9439224864475
2026-04-09,2,2,5,50.0,446.57787788933206
2026-04-10,2,2,5,50.0,463.6704011107908
2026-04-13,2,2,5,50.0,456.8242361773664
2026-04-15,2,2,5,50.0,469.19887764001055
2026-04-16,2,2,5,50.0,471.88391159246896
2026-04-17,3,1,5,75.0,487.6316364745616
2026-04-20,3,1,5,75.0,483.98972453225514
2026-04-21,3,1,5,75.0,496.72287417660857
2026-04-22,3,1,5,75.0,492.1585657232466
2026-04-23,3,1,5,75.0,484.97260651852014
2026-04-24,3,1,5,75.0,471.04034693141347
2026-04-27,3,1,5,75.0,477.16637230210176
2026-04-28,3,1,5,75.0,480.0581869497254
2026-04-29,3,1,5,75.0,477.02970846527097
2026-04-30,3,1,5,75.0,471.0643081272617
2026-05-04,3,1,5,75.0,476.033848399605
2026-05-05,3,1,5,75.0,483.1225189663928
2026-05-06,3,1,5,75.0,489.0398549164666
2026-05-07,3,1,5,75.0,493.8910415473119
2026-05-08,3,1,5,75.0,490.7589069913759
2026-05-11,3,1,5,75.0,482.79070480014815
2026-05-12,2,2,5,50.0,473.62010348839385
2026-05-13,2,2,5,50.0,476.8467413404421
2026-05-14,2,2,5,50.0,484.02300987557163
2026-05-15,3,1,5,75.0,479.627261063489
2026-05-18,2,2,5,50.0,467.52087381301425
2026-05-19,2,2,5,50.0,471.22196074038226
2026-05-20,2,2,5,50.0,474.91881225853376
2026-05-21,3,1,5,75.0,475.61371295451255
2026-05-22,3,1,5,75.0,477.30591092217776
2026-05-25,3,1,5,75.0,483.9742510754328
2026-05-26,3,1,5,75.0,481.7000393156591
2026-05-27,3,1,5,75.0,484.7007350702176
2026-05-29,2,2,5,50.0,489.3672415683894
2026-06-01,2,2,5,50.0,475.20687373041994
2026-06-02,2,2,5,50.0,474.60795444545766
2026-06-03,2,2,5,50.0,471.5163986032561
2026-06-04,2,2,5,50.0,476.23122167432797
2026-06-05,2,2,5,50.0,475.4708562697372
2026-06-08,2,2,5,50.0,466.3729385814801
2026-06-09,2,2,5,50.0,474.26263159819024
2026-06-10,2,2,5,50.0,473.44077674435596
2026-06-11,2,2,5,50.0,464.3383902185695
2026-06-12,2,2,5,50.0,476.21298369985067
2026-06-15,3,1,5,75.0,493.90165962661865
2026-06-22,3,1,5,75.0,507.37309583285094
2026-06-23,3,1,5,75.0,507.282112839046
2026-06-24,3,1,5,75.0,501.80973006486636
2026-06-25,3,1,5,75.0,496.93614287616714
2026-06-29,2,2,5,50.0,497.83738576579435
2026-06-30,3,1,5,75.0,499.80847187359797
2026-07-01,3,1,5,75.0,509.0048129084287
2026-07-02,3,1,5,75.0,513.7634818356114
2026-07-03,3,1,5,75.0,517.223242948604
2026-07-06,3,1,5,75.0,514.147590068689
2026-07-07,3,1,5,75.0,509.2764369107242
2026-07-08,3,1,5,75.0,496.7578555387497
2026-07-09,3,1,5,75.0,507.249383043568
2026-07-10,3,1,5,75.0,510.0279708883758
2026-07-13,3,1,5,75.0,516.0991429406439
2026-07-14,3,1,5,75.0,506.67183357970265
2026-07-15,3,1,5,75.0,507.7706920901594
2026-07-16,2,2,5,50.0,493.1487845734757
2026-07-17,3,1,5,75.0,502.3035217336888
2026-07-20,3,1,5,75.0,495.8318085211424
2026-07-21,2,2,5,50.0,485.270929781484
2026-07-22,2,2,5,50.0,479.03294394870557
2026-07-23,2,2,5,50.0,472.2933490823159
2026-07-24,2,2,5,50.0,473.16293236503464
2026-07-27,2,2,5,50.0,478.8419772456316
2026-07-28,2,2,5,50.0,477.3986841393291
2026-07-29,2,2,5,50.0,482.5061248081591
2026-07-30,2,2,5,50.0,477.6506190707184
2026-07-31,3,1,5,75.0,483.11785632209563
2026-08-03,3,1,5,75.0,484.26135632003513
2026-08-04,2,2,5,50.0,481.757310113617
2026-08-05,3,2,5,60.0,484.8827527429639
2026-08-06,3,2,5,60.0,483.25901608738843
2026-08-07,3,2,5,60.0,481.0716924571589
2026-08-10,2,3,5,40.0,480.8276960995501
2026-08-11,2,3,5,40.0,478.6406304716464
2026-08-12,3,2,5,60.0,483.0137765039375
2026-08-13,3,2,5,60.0,483.18343839109315
2026-08-14,3,2,5,60.0,478.8889773987394
2026-08-17,3,2,5,60.0,485.045104243042
2026-08-18,3,2,5,60.0,479.7042854038798
2026-08-19,3,2,5,60.0,488.138441145547
2026-08-20,4,1,5,80.0,490.8546611167986
2026-08-21,4,1,5,80.0,493.94924817266707
2026-08-24,4,1,5,80.0,491.11949793841694
2026-08-25,4,1,5,80.0,494.851037585435
