Date,Above,Below,Total,Percentage
2014-01-01,0,0,0,0.0
2014-01-02,0,0,0,0.0
2014-01-03,0,0,0,0.0
2014-01-06,0,0,0,0.0
2014-01-07,0,0,0,0.0
2014-01-08,0,0,0,0.0
2014-01-09,0,0,0,0.0
2014-01-10,0,0,0,0.0
2014-01-13,0,0,0,0.0
2014-01-14,0,0,0,0.0
2014-01-15,0,0,0,0.0
2014-01-16,0,0,0,0.0
2014-01-17,0,0,0,0.0
2014-01-20,0,0,0,0.0
2014-01-21,0,0,0,0.0
2014-01-22,0,0,0,0.0
2014-01-23,0,0,0,0.0
2014-01-24,0,0,0,0.0
2014-01-27,0,0,0,0.0
2014-01-28,0,0,0,0.0
2014-01-29,0,0,0,0.0
2014-01-30,0,0,0,0.0
2014-01-31,0,0,0,0.0
2014-02-03,0,0,0,0.0
2014-02-04,0,0,0,0.0
2014-02-05,0,0,0,0.0
2014-02-06,0,0,0,0.0
2014-02-07,0,0,0,0.0
2014-02-10,0,0,0,0.0
2014-02-11,0,0,0,0.0
2014-02-12,0,0,0,0.0
2014-02-13,0,0,0,0.0
2014-02-14,0,0,0,0.0
2014-02-17,0,0,0,0.0
2014-02-18,0,0,0,0.0
2014-02-19,0,0,0,0.0
2014-02-20,0,0,0,0.0
2014-02-21,0,0,0,0.0
2014-02-24,0,0,0,0.0
2014-02-25,0,0,0,0.0
2014-02-26,0,0,0,0.0
2014-02-28,0,0,0,0.0
2014-03-03,0,0,0,0.0
2014-03-04,0,0,0,0.0
2014-03-05,0,0,0,0.0
2014-03-06,0,0,0,0.0
2014-03-07,0,0,0,0.0
2014-03-10,0,0,0,0.0
2014-03-11,0,0,0,0.0
2014-03-12,0,0,0,0.0
2014-03-13,0,0,0,0.0
2014-03-14,0,0,0,0.0
2014-03-18,0,0,0,0.0
2014-03-19,0,0,0,0.0
2014-03-20,0,0,0,0.0
2014-03-21,0,0,0,0.0
2014-03-24,0,0,0,0.0
2014-03-25,0,0,0,0.0
2014-03-26,0,0,0,0.0
2014-03-27,0,0,0,0.0
2014-03-28,0,0,0,0.0
2014-03-31,0,0,0,0.0
2014-04-01,0,0,0,0.0
2014-04-02,0,0,0,0.0
2014-04-03,0,0,0,0.0
2014-04-04,0,0,0,0.0
2014-04-07,0,0,0,0.0
2014-04-09,0,0,0,0.0
2014-04-10,0,0,0,0.0
2014-04-11,0,0,0,0.0
2014-04-15,0,0,0,0.0
2014-04-16,0,0,0,0.0
2014-04-17,0,0,0,0.0
2014-04-21,0,0,0,0.0
2014-04-22,0,0,0,0.0
2014-04-23,0,0,0,0.0
2014-04-24,0,0,0,0.0
2014-04-25,0,0,0,0.0
2014-04-28,0,0,0,0.0
2014-04-29,0,0,0,0.0
2014-04-30,0,0,0,0.0
2014-05-02,0,0,0,0.0
2014-05-05,0,0,0,0.0
2014-05-06,0,0,0,0.0
2014-05-07,0,0,0,0.0
2014-05-08,0,0,0,0.0
2014-05-09,0,0,0,0.0
2014-05-12,0,0,0,0.0
2014-05-13,0,0,0,0.0
2014-05-14,0,0,0,0.0
2014-05-15,0,0,0,0.0
2014-05-16,0,0,0,0.0
2014-05-19,0,0,0,0.0
2014-05-20,0,0,0,0.0
2014-05-21,0,0,0,0.0
2014-05-22,0,0,0,0.0
2014-05-23,0,0,0,0.0
2014-05-26,0,0,0,0.0
2014-05-27,0,0,0,0.0
2014-05-28,0,0,0,0.0
2014-05-29,0,0,0,0.0
2014-05-30,0,0,0,0.0
2014-06-02,0,0,0,0.0
2014-06-03,0,0,0,0.0
2014-06-04,0,0,0,0.0
2014-06-05,0,0,0,0.0
2014-06-06,0,0,0,0.0
2014-06-09,0,0,0,0.0
2014-06-10,0,0,0,0.0
2014-06-11,0,0,0,0.0
2014-06-12,0,0,0,0.0
2014-06-13,0,0,0,0.0
2014-06-16,0,0,0,0.0
2014-06-17,0,0,0,0.0
2014-06-18,0,0,0,0.0
2014-06-19,0,0,0,0.0
2014-06-20,0,0,0,0.0
2014-06-23,0,0,0,0.0
2014-06-24,0,0,0,0.0
2014-06-25,0,0,0,0.0
2014-06-26,0,0,0,0.0
2014-06-27,0,0,0,0.0
2014-06-30,0,0,0,0.0
2014-07-01,0,0,0,0.0
2014-07-02,0,0,0,0.0
2014-07-03,0,0,0,0.0
2014-07-04,0,0,0,0.0
2014-07-07,0,0,0,0.0
2014-07-08,0,0,0,0.0
2014-07-09,0,0,0,0.0
2014-07-10,0,0,0,0.0
2014-07-11,0,0,0,0.0
2014-07-14,0,0,0,0.0
2014-07-15,0,0,0,0.0
2014-07-16,0,0,0,0.0
2014-07-17,0,0,0,0.0
2014-07-18,0,0,0,0.0
2014-07-21,0,0,0,0.0
2014-07-22,0,0,0,0.0
2014-07-23,0,0,0,0.0
2014-07-24,0,0,0,0.0
2014-07-25,0,0,0,0.0
2014-07-28,0,0,0,0.0
2014-07-30,0,0,0,0.0
2014-07-31,0,0,0,0.0
2014-08-01,0,0,0,0.0
2014-08-04,0,0,0,0.0
2014-08-05,0,0,0,0.0
2014-08-06,0,0,0,0.0
2014-08-07,13,0,13,100.0
2014-08-08,13,0,13,100.0
2014-08-11,13,0,13,100.0
2014-08-12,13,0,13,100.0
2014-08-13,13,0,13,100.0
2014-08-14,13,0,13,100.0
2014-08-18,13,0,13,100.0
2014-08-19,13,0,13,100.0
2014-08-20,13,0,13,100.0
2014-08-21,13,0,13,100.0
2014-08-22,13,0,13,100.0
2014-08-25,13,0,13,100.0
2014-08-26,13,0,13,100.0
2014-08-27,13,0,13,100.0
2014-08-28,13,0,13,100.0
2014-09-01,13,0,13,100.0
2014-09-02,13,0,13,100.0
2014-09-03,13,0,13,100.0
2014-09-04,13,0,13,100.0
2014-09-05,13,0,13,100.0
2014-09-08,13,0,13,100.0
2014-09-09,13,0,13,100.0
2014-09-10,13,0,13,100.0
2014-09-11,13,0,13,100.0
2014-09-12,13,0,13,100.0
2014-09-15,13,0,13,100.0
2014-09-16,13,0,13,100.0
2014-09-17,13,0,13,100.0
2014-09-18,13,0,13,100.0
2014-09-19,13,0,13,100.0
2014-09-22,13,0,13,100.0
2014-09-23,12,1,13,92.3076923076923
2014-09-24,12,1,13,92.3076923076923
2014-09-25,12,1,13,92.3076923076923
2014-09-26,12,1,13,92.3076923076923
2014-09-29,12,1,13,92.3076923076923
2014-09-30,12,1,13,92.3076923076923
2014-10-01,12,1,13,92.3076923076923
2014-10-07,12,1,13,92.3076923076923
2014-10-08,12,1,13,92.3076923076923
2014-10-09,12,1,13,92.3076923076923
2014-10-10,12,1,13,92.3076923076923
2014-10-13,12,1,13,92.3076923076923
2014-10-14,12,1,13,92.3076923076923
2014-10-15,12,1,13,92.3076923076923
2014-10-16,12,1,13,92.3076923076923
2014-10-17,12,1,13,92.3076923076923
2014-10-20,13,0,13,100.0
2014-10-21,13,0,13,100.0
2014-10-22,13,0,13,100.0
2014-10-27,13,0,13,100.0
2014-10-28,13,0,13,100.0
2014-10-29,13,0,13,100.0
2014-10-30,13,0,13,100.0
2014-10-31,13,0,13,100.0
2014-11-03,13,0,13,100.0
2014-11-05,13,0,13,100.0
2014-11-07,13,0,13,100.0
2014-11-10,13,0,13,100.0
2014-11-11,13,0,13,100.0
2014-11-12,13,0,13,100.0
2014-11-13,13,0,13,100.0
2014-11-14,13,0,13,100.0
2014-11-17,13,0,13,100.0
2014-11-18,13,0,13,100.0
2014-11-19,13,0,13,100.0
2014-11-20,13,0,13,100.0
2014-11-21,13,0,13,100.0
2014-11-24,13,0,13,100.0
2014-11-25,13,0,13,100.0
2014-11-26,13,0,13,100.0
2014-11-27,13,0,13,100.0
2014-11-28,13,0,13,100.0
2014-12-01,13,0,13,100.0
2014-12-02,13,0,13,100.0
2014-12-03,13,0,13,100.0
2014-12-04,13,0,13,100.0
2014-12-05,13,0,13,100.0
2014-12-08,13,0,13,100.0
2014-12-09,13,0,13,100.0
2014-12-10,13,0,13,100.0
2014-12-11,13,0,13,100.0
2014-12-12,13,0,13,100.0
2014-12-15,13,0,13,100.0
2014-12-16,13,0,13,100.0
2014-12-17,13,0,13,100.0
2014-12-18,13,0,13,100.0
2014-12-19,13,0,13,100.0
2014-12-22,13,0,13,100.0
2014-12-23,13,0,13,100.0
2014-12-24,13,0,13,100.0
2014-12-26,13,0,13,100.0
2014-12-29,13,0,13,100.0
2014-12-30,13,0,13,100.0
2014-12-31,13,0,13,100.0
2015-01-01,13,0,13,100.0
2015-01-02,13,0,13,100.0
2015-01-05,13,0,13,100.0
2015-01-06,13,0,13,100.0
2015-01-07,13,0,13,100.0
2015-01-08,13,0,13,100.0
2015-01-09,13,0,13,100.0
2015-01-12,13,0,13,100.0
2015-01-13,13,0,13,100.0
2015-01-14,13,0,13,100.0
2015-01-15,13,0,13,100.0
2015-01-16,13,0,13,100.0
2015-01-19,13,0,13,100.0
2015-01-20,13,0,13,100.0
2015-01-21,13,0,13,100.0
2015-01-22,13,0,13,100.0
2015-01-23,13,0,13,100.0
2015-01-27,13,0,13,100.0
2015-01-28,13,0,13,100.0
2015-01-29,13,0,13,100.0
2015-01-30,13,0,13,100.0
2015-02-02,13,0,13,100.0
2015-02-03,13,0,13,100.0
2015-02-04,13,0,13,100.0
2015-02-05,13,0,13,100.0
2015-02-06,13,0,13,100.0
2015-02-09,13,0,13,100.0
2015-02-10,13,0,13,100.0
2015-02-11,13,0,13,100.0
2015-02-12,13,0,13,100.0
2015-02-13,12,1,13,92.3076923076923
2015-02-16,13,0,13,100.0
2015-02-18,12,1,13,92.3076923076923
2015-02-19,12,1,13,92.3076923076923
2015-02-20,13,0,13,100.0
2015-02-23,12,1,13,92.3076923076923
2015-02-24,12,1,13,92.3076923076923
2015-02-25,12,1,13,92.3076923076923
2015-02-26,13,0,13,100.0
2015-02-27,13,0,13,100.0
2015-03-02,13,0,13,100.0
2015-03-03,13,0,13,100.0
2015-03-04,13,0,13,100.0
2015-03-05,13,0,13,100.0
2015-03-09,13,0,13,100.0
2015-03-10,13,0,13,100.0
2015-03-11,13,0,13,100.0
2015-03-12,13,0,13,100.0
2015-03-13,12,1,13,92.3076923076923
2015-03-16,12,1,13,92.3076923076923
2015-03-17,13,0,13,100.0
2015-03-18,13,0,13,100.0
2015-03-19,13,0,13,100.0
2015-03-20,12,1,13,92.3076923076923
2015-03-23,11,2,13,84.61538461538461
2015-03-24,11,2,13,84.61538461538461
2015-03-25,11,2,13,84.61538461538461
2015-03-26,10,3,13,76.92307692307693
2015-03-27,10,3,13,76.92307692307693
2015-03-30,10,3,13,76.92307692307693
2015-03-31,10,3,13,76.92307692307693
2015-04-01,12,1,13,92.3076923076923
2015-04-06,12,1,13,92.3076923076923
2015-04-07,11,2,13,84.61538461538461
2015-04-08,11,2,13,84.61538461538461
2015-04-09,12,1,13,92.3076923076923
2015-04-10,12,1,13,92.3076923076923
2015-04-13,12,1,13,92.3076923076923
2015-04-15,11,2,13,84.61538461538461
2015-04-16,11,2,13,84.61538461538461
2015-04-17,10,3,13,76.92307692307693
2015-04-20,10,3,13,76.92307692307693
2015-04-21,10,3,13,76.92307692307693
2015-04-22,11,2,13,84.61538461538461
2015-04-23,9,4,13,69.23076923076923
2015-04-24,10,3,13,76.92307692307693
2015-04-27,8,5,13,61.53846153846154
2015-04-28,9,4,13,69.23076923076923
2015-04-29,9,4,13,69.23076923076923
2015-04-30,9,4,13,69.23076923076923
2015-05-04,10,3,13,76.92307692307693
2015-05-05,10,3,13,76.92307692307693
2015-05-06,9,4,13,69.23076923076923
2015-05-07,7,6,13,53.84615384615385
2015-05-08,7,6,13,53.84615384615385
2015-05-11,7,6,13,53.84615384615385
2015-05-12,7,6,13,53.84615384615385
2015-05-13,7,6,13,53.84615384615385
2015-05-14,9,4,13,69.23076923076923
2015-05-15,9,4,13,69.23076923076923
2015-05-18,9,4,13,69.23076923076923
2015-05-19,9,4,13,69.23076923076923
2015-05-20,9,4,13,69.23076923076923
2015-05-21,10,3,13,76.92307692307693
2015-05-22,10,3,13,76.92307692307693
2015-05-25,9,4,13,69.23076923076923
2015-05-26,9,4,13,69.23076923076923
2015-05-27,9,4,13,69.23076923076923
2015-05-28,9,4,13,69.23076923076923
2015-05-29,9,4,13,69.23076923076923
2015-06-01,8,5,13,61.53846153846154
2015-06-02,6,7,13,46.15384615384615
2015-06-03,6,7,13,46.15384615384615
2015-06-04,6,7,13,46.15384615384615
2015-06-05,7,6,13,53.84615384615385
2015-06-08,6,7,13,46.15384615384615
2015-06-09,6,7,13,46.15384615384615
2015-06-10,6,7,13,46.15384615384615
2015-06-11,6,7,13,46.15384615384615
2015-06-12,6,7,13,46.15384615384615
2015-06-15,6,7,13,46.15384615384615
2015-06-16,6,7,13,46.15384615384615
2015-06-17,7,6,13,53.84615384615385
2015-06-18,7,6,13,53.84615384615385
2015-06-19,7,6,13,53.84615384615385
2015-06-22,8,5,13,61.53846153846154
2015-06-23,8,5,13,61.53846153846154
2015-06-24,8,5,13,61.53846153846154
2015-06-25,8,5,13,61.53846153846154
2015-06-26,7,6,13,53.84615384615385
2015-06-29,7,6,13,53.84615384615385
2015-06-30,8,5,13,61.53846153846154
2015-07-01,8,5,13,61.53846153846154
2015-07-02,8,5,13,61.53846153846154
2015-07-03,8,5,13,61.53846153846154
2015-07-06,8,5,13,61.53846153846154
2015-07-07,8,5,13,61.53846153846154
2015-07-08,8,5,13,61.53846153846154
2015-07-09,8,5,13,61.53846153846154
2015-07-10,8,5,13,61.53846153846154
2015-07-13,8,5,13,61.53846153846154
2015-07-14,8,5,13,61.53846153846154
2015-07-15,8,5,13,61.53846153846154
2015-07-16,8,5,13,61.53846153846154
2015-07-17,8,5,13,61.53846153846154
2015-07-20,8,5,13,61.53846153846154
2015-07-21,8,5,13,61.53846153846154
2015-07-22,8,5,13,61.53846153846154
2015-07-23,8,5,13,61.53846153846154
2015-07-24,8,5,13,61.53846153846154
2015-07-27,7,6,13,53.84615384615385
2015-07-28,7,6,13,53.84615384615385
2015-07-29,7,6,13,53.84615384615385
2015-07-30,7,6,13,53.84615384615385
2015-07-31,8,5,13,61.53846153846154
2015-08-03,7,6,13,53.84615384615385
2015-08-04,8,5,13,61.53846153846154
2015-08-05,8,5,13,61.53846153846154
2015-08-06,8,5,13,61.53846153846154
2015-08-07,7,6,13,53.84615384615385
2015-08-10,8,5,13,61.53846153846154
2015-08-11,7,6,13,53.84615384615385
2015-08-12,7,6,13,53.84615384615385
2015-08-13,7,6,13,53.84615384615385
2015-08-14,7,6,13,53.84615384615385
2015-08-17,7,6,13,53.84615384615385
2015-08-18,8,5,13,61.53846153846154
2015-08-19,7,6,13,53.84615384615385
2015-08-20,6,7,13,46.15384615384615
2015-08-21,6,7,13,46.15384615384615
2015-08-24,4,9,13,30.76923076923077
2015-08-25,4,9,13,30.76923076923077
2015-08-26,3,10,13,23.076923076923077
2015-08-27,5,8,13,38.46153846153847
2015-08-28,4,9,13,30.76923076923077
2015-08-31,4,9,13,30.76923076923077
2015-09-01,3,10,13,23.076923076923077
2015-09-02,3,10,13,23.076923076923077
2015-09-03,3,10,13,23.076923076923077
2015-09-04,3,10,13,23.076923076923077
2015-09-07,3,10,13,23.076923076923077
2015-09-08,3,10,13,23.076923076923077
2015-09-09,3,10,13,23.076923076923077
2015-09-10,3,10,13,23.076923076923077
2015-09-11,3,10,13,23.076923076923077
2015-09-14,3,10,13,23.076923076923077
2015-09-15,3,10,13,23.076923076923077
2015-09-16,4,9,13,30.76923076923077
2015-09-18,4,9,13,30.76923076923077
2015-09-21,5,8,13,38.46153846153847
2015-09-22,4,9,13,30.76923076923077
2015-09-23,4,9,13,30.76923076923077
2015-09-24,4,9,13,30.76923076923077
2015-09-28,4,9,13,30.76923076923077
2015-09-29,5,8,13,38.46153846153847
2015-09-30,5,8,13,38.46153846153847
2015-10-01,5,8,13,38.46153846153847
2015-10-05,5,8,13,38.46153846153847
2015-10-06,5,8,13,38.46153846153847
2015-10-07,5,8,13,38.46153846153847
2015-10-08,5,8,13,38.46153846153847
2015-10-09,5,8,13,38.46153846153847
2015-10-12,6,7,13,46.15384615384615
2015-10-13,6,7,13,46.15384615384615
2015-10-14,6,7,13,46.15384615384615
2015-10-15,6,7,13,46.15384615384615
2015-10-16,6,7,13,46.15384615384615
2015-10-19,5,8,13,38.46153846153847
2015-10-20,5,8,13,38.46153846153847
2015-10-21,4,9,13,30.76923076923077
2015-10-23,4,9,13,30.76923076923077
2015-10-26,5,8,13,38.46153846153847
2015-10-27,4,9,13,30.76923076923077
2015-10-28,5,8,13,38.46153846153847
2015-10-29,5,8,13,38.46153846153847
2015-10-30,6,7,13,46.15384615384615
2015-11-02,6,7,13,46.15384615384615
2015-11-03,6,7,13,46.15384615384615
2015-11-04,5,8,13,38.46153846153847
2015-11-05,5,8,13,38.46153846153847
2015-11-06,5,8,13,38.46153846153847
2015-11-09,5,8,13,38.46153846153847
2015-11-10,4,9,13,30.76923076923077
2015-11-13,5,8,13,38.46153846153847
2015-11-16,5,8,13,38.46153846153847
2015-11-17,5,8,13,38.46153846153847
2015-11-18,4,9,13,30.76923076923077
2015-11-19,5,8,13,38.46153846153847
2015-11-20,6,7,13,46.15384615384615
2015-11-23,6,7,13,46.15384615384615
2015-11-24,6,7,13,46.15384615384615
2015-11-26,6,7,13,46.15384615384615
2015-11-27,6,7,13,46.15384615384615
2015-11-30,6,7,13,46.15384615384615
2015-12-01,7,6,13,53.84615384615385
2015-12-02,7,6,13,53.84615384615385
2015-12-03,6,7,13,46.15384615384615
2015-12-04,6,7,13,46.15384615384615
2015-12-07,6,7,13,46.15384615384615
2015-12-08,6,7,13,46.15384615384615
2015-12-09,5,8,13,38.46153846153847
2015-12-10,7,6,13,53.84615384615385
2015-12-11,4,9,13,30.76923076923077
2015-12-14,5,8,13,38.46153846153847
2015-12-15,6,7,13,46.15384615384615
2015-12-16,6,7,13,46.15384615384615
2015-12-17,7,6,13,53.84615384615385
2015-12-18,6,7,13,46.15384615384615
2015-12-21,6,7,13,46.15384615384615
2015-12-22,6,7,13,46.15384615384615
2015-12-23,6,7,13,46.15384615384615
2015-12-24,6,7,13,46.15384615384615
2015-12-28,6,7,13,46.15384615384615
2015-12-29,6,7,13,46.15384615384615
2015-12-30,6,7,13,46.15384615384615
2015-12-31,6,7,13,46.15384615384615
2016-01-01,6,7,13,46.15384615384615
2016-01-04,6,7,13,46.15384615384615
2016-01-05,6,7,13,46.15384615384615
2016-01-06,6,7,13,46.15384615384615
2016-01-07,6,7,13,46.15384615384615
2016-01-08,7,6,13,53.84615384615385
2016-01-11,7,6,13,53.84615384615385
2016-01-12,6,7,13,46.15384615384615
2016-01-13,7,6,13,53.84615384615385
2016-01-14,6,7,13,46.15384615384615
2016-01-15,4,9,13,30.76923076923077
2016-01-18,3,10,13,23.076923076923077
2016-01-19,3,10,13,23.076923076923077
2016-01-20,3,10,13,23.076923076923077
2016-01-21,3,10,13,23.076923076923077
2016-01-22,4,9,13,30.76923076923077
2016-01-25,5,8,13,38.46153846153847
2016-01-27,4,9,13,30.76923076923077
2016-01-28,4,9,13,30.76923076923077
2016-01-29,6,7,13,46.15384615384615
2016-02-01,7,6,13,53.84615384615385
2016-02-02,5,8,13,38.46153846153847
2016-02-03,4,9,13,30.76923076923077
2016-02-04,4,9,13,30.76923076923077
2016-02-05,6,7,13,46.15384615384615
2016-02-08,4,9,13,30.76923076923077
2016-02-09,4,9,13,30.76923076923077
2016-02-10,4,9,13,30.76923076923077
2016-02-11,3,10,13,23.076923076923077
2016-02-12,3,10,13,23.076923076923077
2016-02-15,3,10,13,23.076923076923077
2016-02-16,3,10,13,23.076923076923077
2016-02-17,3,10,13,23.076923076923077
2016-02-18,3,10,13,23.076923076923077
2016-02-19,3,10,13,23.076923076923077
2016-02-22,3,10,13,23.076923076923077
2016-02-23,3,10,13,23.076923076923077
2016-02-24,2,11,13,15.384615384615385
2016-02-25,2,11,13,15.384615384615385
2016-02-26,2,11,13,15.384615384615385
2016-02-29,2,11,13,15.384615384615385
2016-03-01,2,11,13,15.384615384615385
2016-03-02,3,10,13,23.076923076923077
2016-03-03,3,10,13,23.076923076923077
2016-03-04,3,10,13,23.076923076923077
2016-03-08,3,10,13,23.076923076923077
2016-03-09,4,9,13,30.76923076923077
2016-03-10,4,9,13,30.76923076923077
2016-03-11,4,9,13,30.76923076923077
2016-03-14,3,10,13,23.076923076923077
2016-03-15,3,10,13,23.076923076923077
2016-03-16,3,10,13,23.076923076923077
2016-03-17,3,10,13,23.076923076923077
2016-03-18,5,8,13,38.46153846153847
2016-03-21,5,8,13,38.46153846153847
2016-03-22,5,8,13,38.46153846153847
2016-03-23,5,8,13,38.46153846153847
2016-03-28,4,9,13,30.76923076923077
2016-03-29,5,8,13,38.46153846153847
2016-03-30,6,7,13,46.15384615384615
2016-03-31,7,6,13,53.84615384615385
2016-04-01,7,6,13,53.84615384615385
2016-04-04,7,6,13,53.84615384615385
2016-04-05,6,7,13,46.15384615384615
2016-04-06,6,7,13,46.15384615384615
2016-04-07,5,8,13,38.46153846153847
2016-04-08,6,7,13,46.15384615384615
2016-04-11,5,8,13,38.46153846153847
2016-04-12,6,7,13,46.15384615384615
2016-04-13,8,5,13,61.53846153846154
2016-04-18,8,5,13,61.53846153846154
2016-04-20,8,5,13,61.53846153846154
2016-04-21,8,5,13,61.53846153846154
2016-04-22,8,5,13,61.53846153846154
2016-04-25,7,6,13,53.84615384615385
2016-04-26,8,5,13,61.53846153846154
2016-04-27,7,6,13,53.84615384615385
2016-04-28,7,6,13,53.84615384615385
2016-04-29,8,5,13,61.53846153846154
2016-05-02,8,5,13,61.53846153846154
2016-05-03,8,5,13,61.53846153846154
2016-05-04,7,6,13,53.84615384615385
2016-05-05,7,6,13,53.84615384615385
2016-05-06,7,6,13,53.84615384615385
2016-05-09,8,5,13,61.53846153846154
2016-05-10,8,5,13,61.53846153846154
2016-05-11,8,5,13,61.53846153846154
2016-05-12,9,4,13,69.23076923076923
2016-05-13,8,5,13,61.53846153846154
2016-05-16,8,5,13,61.53846153846154
2016-05-17,8,5,13,61.53846153846154
2016-05-18,8,5,13,61.53846153846154
2016-05-19,8,5,13,61.53846153846154
2016-05-20,7,6,13,53.84615384615385
2016-05-23,7,6,13,53.84615384615385
2016-05-24,7,6,13,53.84615384615385
2016-05-25,7,6,13,53.84615384615385
2016-05-26,7,6,13,53.84615384615385
2016-05-27,7,6,13,53.84615384615385
2016-05-30,9,4,13,69.23076923076923
2016-05-31,8,5,13,61.53846153846154
2016-06-01,8,5,13,61.53846153846154
2016-06-02,9,4,13,69.23076923076923
2016-06-03,9,4,13,69.23076923076923
2016-06-06,9,4,13,69.23076923076923
2016-06-07,11,2,13,84.61538461538461
2016-06-08,11,2,13,84.61538461538461
2016-06-09,11,2,13,84.61538461538461
2016-06-10,9,4,13,69.23076923076923
2016-06-13,8,5,13,61.53846153846154
2016-06-14,10,3,13,76.92307692307693
2016-06-15,11,2,13,84.61538461538461
2016-06-16,10,3,13,76.92307692307693
2016-06-17,10,3,13,76.92307692307693
2016-06-20,10,3,13,76.92307692307693
2016-06-21,10,3,13,76.92307692307693
2016-06-22,10,3,13,76.92307692307693
2016-06-23,11,2,13,84.61538461538461
2016-06-24,10,3,13,76.92307692307693
2016-06-27,10,3,13,76.92307692307693
2016-06-28,10,3,13,76.92307692307693
2016-06-29,10,3,13,76.92307692307693
2016-06-30,11,2,13,84.61538461538461
2016-07-01,11,2,13,84.61538461538461
2016-07-04,12,1,13,92.3076923076923
2016-07-05,12,1,13,92.3076923076923
2016-07-07,12,1,13,92.3076923076923
2016-07-08,12,1,13,92.3076923076923
2016-07-11,13,0,13,100.0
2016-07-12,13,0,13,100.0
2016-07-13,13,0,13,100.0
2016-07-14,13,0,13,100.0
2016-07-15,13,0,13,100.0
2016-07-18,13,0,13,100.0
2016-07-19,13,0,13,100.0
2016-07-20,13,0,13,100.0
2016-07-21,13,0,13,100.0
2016-07-22,13,0,13,100.0
2016-07-25,13,0,13,100.0
2016-07-26,13,0,13,100.0
2016-07-27,13,0,13,100.0
2016-07-28,13,0,13,100.0
2016-07-29,13,0,13,100.0
2016-08-01,13,0,13,100.0
2016-08-02,13,0,13,100.0
2016-08-03,13,0,13,100.0
2016-08-04,13,0,13,100.0
2016-08-05,13,0,13,100.0
2016-08-08,13,0,13,100.0
2016-08-09,13,0,13,100.0
2016-08-10,13,0,13,100.0
2016-08-11,13,0,13,100.0
2016-08-12,13,0,13,100.0
2016-08-16,13,0,13,100.0
2016-08-17,13,0,13,100.0
2016-08-18,13,0,13,100.0
2016-08-19,13,0,13,100.0
2016-08-22,13,0,13,100.0
2016-08-23,13,0,13,100.0
2016-08-24,13,0,13,100.0
2016-08-25,13,0,13,100.0
2016-08-26,13,0,13,100.0
2016-08-29,13,0,13,100.0
2016-08-30,13,0,13,100.0
2016-08-31,13,0,13,100.0
2016-09-01,13,0,13,100.0
2016-09-02,13,0,13,100.0
2016-09-06,13,0,13,100.0
2016-09-07,13,0,13,100.0
2016-09-08,13,0,13,100.0
2016-09-09,13,0,13,100.0
2016-09-12,13,0,13,100.0
2016-09-14,13,0,13,100.0
2016-09-15,13,0,13,100.0
2016-09-16,13,0,13,100.0
2016-09-19,13,0,13,100.0
2016-09-20,13,0,13,100.0
2016-09-21,13,0,13,100.0
2016-09-22,13,0,13,100.0
2016-09-23,13,0,13,100.0
2016-09-26,13,0,13,100.0
2016-09-27,13,0,13,100.0
2016-09-28,13,0,13,100.0
2016-09-29,13,0,13,100.0
2016-09-30,13,0,13,100.0
2016-10-03,13,0,13,100.0
2016-10-04,13,0,13,100.0
2016-10-05,13,0,13,100.0
2016-10-06,13,0,13,100.0
2016-10-07,13,0,13,100.0
2016-10-10,13,0,13,100.0
2016-10-13,13,0,13,100.0
2016-10-14,13,0,13,100.0
2016-10-17,13,0,13,100.0
2016-10-18,13,0,13,100.0
2016-10-19,13,0,13,100.0
2016-10-20,13,0,13,100.0
2016-10-21,13,0,13,100.0
2016-10-24,13,0,13,100.0
2016-10-25,13,0,13,100.0
2016-10-26,12,1,13,92.3076923076923
2016-10-27,12,1,13,92.3076923076923
2016-10-28,12,1,13,92.3076923076923
2016-11-01,11,2,13,84.61538461538461
2016-11-02,11,2,13,84.61538461538461
2016-11-03,11,2,13,84.61538461538461
2016-11-04,11,2,13,84.61538461538461
2016-11-07,11,2,13,84.61538461538461
2016-11-08,11,2,13,84.61538461538461
2016-11-09,11,2,13,84.61538461538461
2016-11-10,12,1,13,92.3076923076923
2016-11-11,12,1,13,92.3076923076923
2016-11-15,8,5,13,61.53846153846154
2016-11-16,11,2,13,84.61538461538461
2016-11-17,11,2,13,84.61538461538461
2016-11-18,11,2,13,84.61538461538461
2016-11-21,10,3,13,76.92307692307693
2016-11-22,11,2,13,84.61538461538461
2016-11-23,11,2,13,84.61538461538461
2016-11-24,10,3,13,76.92307692307693
2016-11-25,11,2,13,84.61538461538461
2016-11-28,11,2,13,84.61538461538461
2016-11-29,11,2,13,84.61538461538461
2016-11-30,11,2,13,84.61538461538461
2016-12-01,11,2,13,84.61538461538461
2016-12-02,9,4,13,69.23076923076923
2016-12-05,9,4,13,69.23076923076923
2016-12-06,9,4,13,69.23076923076923
2016-12-07,9,4,13,69.23076923076923
2016-12-08,10,3,13,76.92307692307693
2016-12-09,10,3,13,76.92307692307693
2016-12-12,8,5,13,61.53846153846154
2016-12-13,8,5,13,61.53846153846154
2016-12-14,8,5,13,61.53846153846154
2016-12-15,7,6,13,53.84615384615385
2016-12-16,7,6,13,53.84615384615385
2016-12-19,6,7,13,46.15384615384615
2016-12-20,7,6,13,53.84615384615385
2016-12-21,6,7,13,46.15384615384615
2016-12-22,6,7,13,46.15384615384615
2016-12-23,7,6,13,53.84615384615385
2016-12-26,6,7,13,46.15384615384615
2016-12-27,7,6,13,53.84615384615385
2016-12-28,7,6,13,53.84615384615385
2016-12-29,8,5,13,61.53846153846154
2016-12-30,7,6,13,53.84615384615385
2017-01-02,8,5,13,61.53846153846154
2017-01-03,9,4,13,69.23076923076923
2017-01-04,6,7,13,46.15384615384615
2017-01-05,8,5,13,61.53846153846154
2017-01-06,8,5,13,61.53846153846154
2017-01-09,8,5,13,61.53846153846154
2017-01-10,9,4,13,69.23076923076923
2017-01-11,9,4,13,69.23076923076923
2017-01-12,9,4,13,69.23076923076923
2017-01-13,9,4,13,69.23076923076923
2017-01-16,9,4,13,69.23076923076923
2017-01-17,9,4,13,69.23076923076923
2017-01-18,10,3,13,76.92307692307693
2017-01-19,10,3,13,76.92307692307693
2017-01-20,8,5,13,61.53846153846154
2017-01-23,9,4,13,69.23076923076923
2017-01-24,10,3,13,76.92307692307693
2017-01-25,11,2,13,84.61538461538461
2017-01-27,11,2,13,84.61538461538461
2017-01-30,11,2,13,84.61538461538461
2017-01-31,11,2,13,84.61538461538461
2017-02-01,11,2,13,84.61538461538461
2017-02-02,11,2,13,84.61538461538461
2017-02-03,11,2,13,84.61538461538461
2017-02-06,11,2,13,84.61538461538461
2017-02-07,11,2,13,84.61538461538461
2017-02-08,11,2,13,84.61538461538461
2017-02-09,11,2,13,84.61538461538461
2017-02-10,11,2,13,84.61538461538461
2017-02-13,11,2,13,84.61538461538461
2017-02-14,10,3,13,76.92307692307693
2017-02-15,10,3,13,76.92307692307693
2017-02-16,11,2,13,84.61538461538461
2017-02-17,11,2,13,84.61538461538461
2017-02-20,11,2,13,84.61538461538461
2017-02-21,11,2,13,84.61538461538461
2017-02-22,12,1,13,92.3076923076923
2017-02-23,12,1,13,92.3076923076923
2017-02-27,10,3,13,76.92307692307693
2017-02-28,10,3,13,76.92307692307693
2017-03-01,10,3,13,76.92307692307693
2017-03-02,10,3,13,76.92307692307693
2017-03-03,10,3,13,76.92307692307693
2017-03-06,11,2,13,84.61538461538461
2017-03-07,10,3,13,76.92307692307693
2017-03-08,10,3,13,76.92307692307693
2017-03-09,11,2,13,84.61538461538461
2017-03-10,11,2,13,84.61538461538461
2017-03-14,10,3,13,76.92307692307693
2017-03-15,11,2,13,84.61538461538461
2017-03-16,10,3,13,76.92307692307693
2017-03-17,11,2,13,84.61538461538461
2017-03-20,10,3,13,76.92307692307693
2017-03-21,10,3,13,76.92307692307693
2017-03-22,10,3,13,76.92307692307693
2017-03-23,10,3,13,76.92307692307693
2017-03-24,10,3,13,76.92307692307693
2017-03-27,10,3,13,76.92307692307693
2017-03-28,11,2,13,84.61538461538461
2017-03-29,11,2,13,84.61538461538461
2017-03-30,10,3,13,76.92307692307693
2017-03-31,11,2,13,84.61538461538461
2017-04-03,11,2,13,84.61538461538461
2017-04-05,11,2,13,84.61538461538461
2017-04-06,11,2,13,84.61538461538461
2017-04-07,11,2,13,84.61538461538461
2017-04-10,12,1,13,92.3076923076923
2017-04-11,13,0,13,100.0
2017-04-12,12,1,13,92.3076923076923
2017-04-13,11,2,13,84.61538461538461
2017-04-17,12,1,13,92.3076923076923
2017-04-18,12,1,13,92.3076923076923
2017-04-19,11,2,13,84.61538461538461
2017-04-20,12,1,13,92.3076923076923
2017-04-21,11,2,13,84.61538461538461
2017-04-24,11,2,13,84.61538461538461
2017-04-25,13,0,13,100.0
2017-04-26,12,1,13,92.3076923076923
2017-04-27,11,2,13,84.61538461538461
2017-04-28,11,2,13,84.61538461538461
2017-05-02,11,2,13,84.61538461538461
2017-05-03,11,2,13,84.61538461538461
2017-05-04,12,1,13,92.3076923076923
2017-05-05,11,2,13,84.61538461538461
2017-05-08,11,2,13,84.61538461538461
2017-05-09,12,1,13,92.3076923076923
2017-05-10,13,1,14,92.85714285714286
2017-05-11,13,1,14,92.85714285714286
2017-05-12,12,2,14,85.71428571428571
2017-05-15,12,2,14,85.71428571428571
2017-05-16,11,3,14,78.57142857142857
2017-05-17,12,2,14,85.71428571428571
2017-05-18,11,3,14,78.57142857142857
2017-05-19,12,2,14,85.71428571428571
2017-05-22,12,2,14,85.71428571428571
2017-05-23,11,3,14,78.57142857142857
2017-05-24,11,3,14,78.57142857142857
2017-05-25,11,3,14,78.57142857142857
2017-05-26,12,2,14,85.71428571428571
2017-05-29,11,3,14,78.57142857142857
2017-05-30,12,2,14,85.71428571428571
2017-05-31,12,2,14,85.71428571428571
2017-06-01,14,0,14,100.0
2017-06-02,13,1,14,92.85714285714286
2017-06-05,12,2,14,85.71428571428571
2017-06-06,11,3,14,78.57142857142857
2017-06-07,12,2,14,85.71428571428571
2017-06-08,12,2,14,85.71428571428571
2017-06-09,12,2,14,85.71428571428571
2017-06-12,13,1,14,92.85714285714286
2017-06-13,13,1,14,92.85714285714286
2017-06-14,12,2,14,85.71428571428571
2017-06-15,13,1,14,92.85714285714286
2017-06-16,13,1,14,92.85714285714286
2017-06-19,13,1,14,92.85714285714286
2017-06-20,13,1,14,92.85714285714286
2017-06-21,13,1,14,92.85714285714286
2017-06-22,12,2,14,85.71428571428571
2017-06-23,12,2,14,85.71428571428571
2017-06-27,11,3,14,78.57142857142857
2017-06-28,12,2,14,85.71428571428571
2017-06-29,12,2,14,85.71428571428571
2017-06-30,13,1,14,92.85714285714286
2017-07-03,13,1,14,92.85714285714286
2017-07-04,13,1,14,92.85714285714286
2017-07-05,13,1,14,92.85714285714286
2017-07-06,13,1,14,92.85714285714286
2017-07-07,13,1,14,92.85714285714286
2017-07-10,13,1,14,92.85714285714286
2017-07-11,13,1,14,92.85714285714286
2017-07-12,13,1,14,92.85714285714286
2017-07-13,13,1,14,92.85714285714286
2017-07-14,13,1,14,92.85714285714286
2017-07-17,13,1,14,92.85714285714286
2017-07-18,12,2,14,85.71428571428571
2017-07-19,12,2,14,85.71428571428571
2017-07-20,12,2,14,85.71428571428571
2017-07-21,12,2,14,85.71428571428571
2017-07-24,12,2,14,85.71428571428571
2017-07-25,13,1,14,92.85714285714286
2017-07-26,13,1,14,92.85714285714286
2017-07-27,13,1,14,92.85714285714286
2017-07-28,12,2,14,85.71428571428571
2017-07-31,13,1,14,92.85714285714286
2017-08-01,13,1,14,92.85714285714286
2017-08-02,13,1,14,92.85714285714286
2017-08-03,13,1,14,92.85714285714286
2017-08-04,13,1,14,92.85714285714286
2017-08-07,14,0,14,100.0
2017-08-08,13,1,14,92.85714285714286
2017-08-09,12,2,14,85.71428571428571
2017-08-10,11,3,14,78.57142857142857
2017-08-11,12,2,14,85.71428571428571
2017-08-14,13,1,14,92.85714285714286
2017-08-16,13,1,14,92.85714285714286
2017-08-17,13,1,14,92.85714285714286
2017-08-18,13,1,14,92.85714285714286
2017-08-21,10,4,14,71.42857142857143
2017-08-22,10,4,14,71.42857142857143
2017-08-23,12,2,14,85.71428571428571
2017-08-24,12,2,14,85.71428571428571
2017-08-28,13,1,14,92.85714285714286
2017-08-29,13,1,14,92.85714285714286
2017-08-30,13,1,14,92.85714285714286
2017-08-31,13,1,14,92.85714285714286
2017-09-01,13,1,14,92.85714285714286
2017-09-04,12,2,14,85.71428571428571
2017-09-05,12,2,14,85.71428571428571
2017-09-06,11,3,14,78.57142857142857
2017-09-07,11,3,14,78.57142857142857
2017-09-08,11,3,14,78.57142857142857
2017-09-11,11,3,14,78.57142857142857
2017-09-12,12,3,15,80.0
2017-09-13,13,2,15,86.66666666666667
2017-09-14,13,2,15,86.66666666666667
2017-09-15,13,2,15,86.66666666666667
2017-09-18,13,2,15,86.66666666666667
2017-09-19,14,1,15,93.33333333333333
2017-09-20,14,1,15,93.33333333333333
2017-09-21,13,2,15,86.66666666666667
2017-09-22,11,4,15,73.33333333333333
2017-09-25,10,5,15,66.66666666666666
2017-09-26,10,5,15,66.66666666666666
2017-09-27,9,6,15,60.0
2017-09-28,9,6,15,60.0
2017-09-29,9,6,15,60.0
2017-10-03,11,4,15,73.33333333333333
2017-10-04,11,4,15,73.33333333333333
2017-10-05,11,4,15,73.33333333333333
2017-10-06,11,4,15,73.33333333333333
2017-10-09,11,4,15,73.33333333333333
2017-10-10,11,4,15,73.33333333333333
2017-10-11,9,6,15,60.0
2017-10-12,10,5,15,66.66666666666666
2017-10-13,11,4,15,73.33333333333333
2017-10-16,10,5,15,66.66666666666666
2017-10-17,10,5,15,66.66666666666666
2017-10-18,8,7,15,53.333333333333336
2017-10-19,8,7,15,53.333333333333336
2017-10-23,8,7,15,53.333333333333336
2017-10-24,7,8,15,46.666666666666664
2017-10-25,10,5,15,66.66666666666666
2017-10-26,10,5,15,66.66666666666666
2017-10-27,11,4,15,73.33333333333333
2017-10-30,12,3,15,80.0
2017-10-31,13,2,15,86.66666666666667
2017-11-01,12,3,15,80.0
2017-11-02,12,3,15,80.0
2017-11-03,12,3,15,80.0
2017-11-06,11,4,15,73.33333333333333
2017-11-07,11,4,15,73.33333333333333
2017-11-08,11,4,15,73.33333333333333
2017-11-09,11,4,15,73.33333333333333
2017-11-10,10,5,15,66.66666666666666
2017-11-13,10,5,15,66.66666666666666
2017-11-14,10,5,15,66.66666666666666
2017-11-15,10,5,15,66.66666666666666
2017-11-16,10,5,15,66.66666666666666
2017-11-17,10,5,15,66.66666666666666
2017-11-20,10,5,15,66.66666666666666
2017-11-21,10,5,15,66.66666666666666
2017-11-22,10,5,15,66.66666666666666
2017-11-23,10,5,15,66.66666666666666
2017-11-24,10,5,15,66.66666666666666
2017-11-27,10,5,15,66.66666666666666
2017-11-28,10,5,15,66.66666666666666
2017-11-29,10,5,15,66.66666666666666
2017-11-30,10,5,15,66.66666666666666
2017-12-01,10,5,15,66.66666666666666
2017-12-04,10,5,15,66.66666666666666
2017-12-05,10,5,15,66.66666666666666
2017-12-06,9,6,15,60.0
2017-12-07,9,6,15,60.0
2017-12-08,10,5,15,66.66666666666666
2017-12-11,10,5,15,66.66666666666666
2017-12-12,9,6,15,60.0
2017-12-13,9,6,15,60.0
2017-12-14,9,6,15,60.0
2017-12-15,9,6,15,60.0
2017-12-18,10,5,15,66.66666666666666
2017-12-19,10,5,15,66.66666666666666
2017-12-20,10,5,15,66.66666666666666
2017-12-21,10,5,15,66.66666666666666
2017-12-22,10,5,15,66.66666666666666
2017-12-26,10,5,15,66.66666666666666
2017-12-27,10,5,15,66.66666666666666
2017-12-28,10,5,15,66.66666666666666
2017-12-29,10,5,15,66.66666666666666
2018-01-01,10,5,15,66.66666666666666
2018-01-02,10,5,15,66.66666666666666
2018-01-03,10,5,15,66.66666666666666
2018-01-04,10,5,15,66.66666666666666
2018-01-05,10,5,15,66.66666666666666
2018-01-08,11,4,15,73.33333333333333
2018-01-09,11,4,15,73.33333333333333
2018-01-10,11,4,15,73.33333333333333
2018-01-11,10,5,15,66.66666666666666
2018-01-12,10,5,15,66.66666666666666
2018-01-15,11,4,15,73.33333333333333
2018-01-16,10,5,15,66.66666666666666
2018-01-17,10,5,15,66.66666666666666
2018-01-18,10,5,15,66.66666666666666
2018-01-19,10,5,15,66.66666666666666
2018-01-22,10,5,15,66.66666666666666
2018-01-23,10,5,15,66.66666666666666
2018-01-24,10,5,15,66.66666666666666
2018-01-25,10,5,15,66.66666666666666
2018-01-29,10,5,15,66.66666666666666
2018-01-30,9,6,15,60.0
2018-01-31,8,7,15,53.333333333333336
2018-02-01,10,5,15,66.66666666666666
2018-02-02,9,6,15,60.0
2018-02-05,9,6,15,60.0
2018-02-06,8,7,15,53.333333333333336
2018-02-07,8,7,15,53.333333333333336
2018-02-08,10,5,15,66.66666666666666
2018-02-09,9,6,15,60.0
2018-02-12,8,7,15,53.333333333333336
2018-02-14,8,7,15,53.333333333333336
2018-02-15,8,7,15,53.333333333333336
2018-02-16,8,7,15,53.333333333333336
2018-02-19,7,8,15,46.666666666666664
2018-02-20,7,8,15,46.666666666666664
2018-02-21,7,8,15,46.666666666666664
2018-02-22,7,8,15,46.666666666666664
2018-02-23,7,8,15,46.666666666666664
2018-02-26,9,6,15,60.0
2018-02-27,8,7,15,53.333333333333336
2018-02-28,7,8,15,46.666666666666664
2018-03-01,7,8,15,46.666666666666664
2018-03-05,6,9,15,40.0
2018-03-06,5,10,15,33.33333333333333
2018-03-07,4,11,15,26.666666666666668
2018-03-08,4,11,15,26.666666666666668
2018-03-09,5,10,15,33.33333333333333
2018-03-12,5,10,15,33.33333333333333
2018-03-13,7,8,15,46.666666666666664
2018-03-14,8,7,15,53.333333333333336
2018-03-15,7,8,15,46.666666666666664
2018-03-16,5,10,15,33.33333333333333
2018-03-19,4,11,15,26.666666666666668
2018-03-20,5,10,15,33.33333333333333
2018-03-21,6,9,15,40.0
2018-03-22,5,10,15,33.33333333333333
2018-03-23,5,10,15,33.33333333333333
2018-03-26,6,9,15,40.0
2018-03-27,6,9,15,40.0
2018-03-28,6,9,15,40.0
2018-04-02,6,9,15,40.0
2018-04-03,6,9,15,40.0
2018-04-04,6,9,15,40.0
2018-04-05,6,9,15,40.0
2018-04-06,6,9,15,40.0
2018-04-09,6,9,15,40.0
2018-04-10,7,8,15,46.666666666666664
2018-04-11,7,8,15,46.666666666666664
2018-04-12,7,8,15,46.666666666666664
2018-04-13,7,8,15,46.666666666666664
2018-04-16,8,7,15,53.333333333333336
2018-04-17,7,8,15,46.666666666666664
2018-04-18,6,9,15,40.0
2018-04-19,6,9,15,40.0
2018-04-20,6,9,15,40.0
2018-04-23,6,9,15,40.0
2018-04-24,8,7,15,53.333333333333336
2018-04-25,7,8,15,46.666666666666664
2018-04-26,8,7,15,53.333333333333336
2018-04-27,9,6,15,60.0
2018-04-30,8,7,15,53.333333333333336
2018-05-02,8,7,15,53.333333333333336
2018-05-03,9,6,15,60.0
2018-05-04,8,7,15,53.333333333333336
2018-05-07,9,7,16,56.25
2018-05-08,10,6,16,62.5
2018-05-09,9,7,16,56.25
2018-05-10,10,7,17,58.82352941176471
2018-05-11,10,7,17,58.82352941176471
2018-05-14,10,7,17,58.82352941176471
2018-05-15,9,8,17,52.94117647058824
2018-05-16,8,9,17,47.05882352941176
2018-05-17,8,9,17,47.05882352941176
2018-05-18,8,9,17,47.05882352941176
2018-05-21,7,10,17,41.17647058823529
2018-05-22,7,10,17,41.17647058823529
2018-05-23,7,10,17,41.17647058823529
2018-05-24,7,10,17,41.17647058823529
2018-05-25,8,9,17,47.05882352941176
2018-05-28,9,8,17,52.94117647058824
2018-05-29,9,8,17,52.94117647058824
2018-05-30,9,8,17,52.94117647058824
2018-05-31,9,8,17,52.94117647058824
2018-06-01,8,9,17,47.05882352941176
2018-06-04,8,9,17,47.05882352941176
2018-06-05,6,11,17,35.294117647058826
2018-06-06,7,10,17,41.17647058823529
2018-06-07,9,8,17,52.94117647058824
2018-06-08,9,8,17,52.94117647058824
2018-06-11,9,8,17,52.94117647058824
2018-06-12,10,7,17,58.82352941176471
2018-06-13,10,7,17,58.82352941176471
2018-06-14,9,8,17,52.94117647058824
2018-06-15,6,11,17,35.294117647058826
2018-06-18,6,11,17,35.294117647058826
2018-06-19,6,11,17,35.294117647058826
2018-06-20,6,11,17,35.294117647058826
2018-06-21,6,11,17,35.294117647058826
2018-06-22,7,10,17,41.17647058823529
2018-06-25,8,10,18,44.44444444444444
2018-06-26,8,10,18,44.44444444444444
2018-06-27,7,11,18,38.88888888888889
2018-06-28,6,12,18,33.33333333333333
2018-06-29,6,12,18,33.33333333333333
2018-07-02,6,12,18,33.33333333333333
2018-07-03,6,12,18,33.33333333333333
2018-07-04,6,12,18,33.33333333333333
2018-07-05,6,12,18,33.33333333333333
2018-07-06,6,12,18,33.33333333333333
2018-07-09,6,12,18,33.33333333333333
2018-07-10,7,11,18,38.88888888888889
2018-07-11,7,11,18,38.88888888888889
2018-07-12,7,11,18,38.88888888888889
2018-07-13,6,12,18,33.33333333333333
2018-07-16,6,12,18,33.33333333333333
2018-07-17,7,11,18,38.88888888888889
2018-07-18,7,11,18,38.88888888888889
2018-07-19,7,11,18,38.88888888888889
2018-07-20,7,11,18,38.88888888888889
2018-07-23,8,10,18,44.44444444444444
2018-07-24,8,10,18,44.44444444444444
2018-07-25,8,10,18,44.44444444444444
2018-07-26,11,7,18,61.111111111111114
2018-07-27,12,6,18,66.66666666666666
2018-07-30,13,5,18,72.22222222222221
2018-07-31,13,5,18,72.22222222222221
2018-08-01,12,6,18,66.66666666666666
2018-08-02,11,7,18,61.111111111111114
2018-08-03,14,4,18,77.77777777777779
2018-08-06,15,3,18,83.33333333333334
2018-08-07,15,3,18,83.33333333333334
2018-08-08,14,4,18,77.77777777777779
2018-08-09,14,4,18,77.77777777777779
2018-08-10,13,5,18,72.22222222222221
2018-08-13,12,6,18,66.66666666666666
2018-08-14,12,6,18,66.66666666666666
2018-08-16,11,7,18,61.111111111111114
2018-08-17,11,7,18,61.111111111111114
2018-08-20,11,7,18,61.111111111111114
2018-08-21,11,7,18,61.111111111111114
2018-08-23,10,8,18,55.55555555555556
2018-08-24,10,8,18,55.55555555555556
2018-08-27,11,7,18,61.111111111111114
2018-08-28,10,8,18,55.55555555555556
2018-08-29,10,8,18,55.55555555555556
2018-08-30,11,7,18,61.111111111111114
2018-08-31,10,8,18,55.55555555555556
2018-09-03,10,8,18,55.55555555555556
2018-09-04,9,9,18,50.0
2018-09-05,10,8,18,55.55555555555556
2018-09-06,9,9,18,50.0
2018-09-07,9,9,18,50.0
2018-09-10,9,9,18,50.0
2018-09-11,9,9,18,50.0
2018-09-12,9,9,18,50.0
2018-09-14,9,9,18,50.0
2018-09-17,9,9,18,50.0
2018-09-18,8,10,18,44.44444444444444
2018-09-19,7,11,18,38.88888888888889
2018-09-21,7,11,18,38.88888888888889
2018-09-24,6,12,18,33.33333333333333
2018-09-25,7,11,18,38.88888888888889
2018-09-26,6,12,18,33.33333333333333
2018-09-27,7,11,18,38.88888888888889
2018-09-28,6,12,18,33.33333333333333
2018-10-01,7,11,18,38.88888888888889
2018-10-03,5,13,18,27.77777777777778
2018-10-04,4,14,18,22.22222222222222
2018-10-05,2,16,18,11.11111111111111
2018-10-08,2,16,18,11.11111111111111
2018-10-09,1,17,18,5.555555555555555
2018-10-10,6,12,18,33.33333333333333
2018-10-11,3,15,18,16.666666666666664
2018-10-12,5,13,18,27.77777777777778
2018-10-15,5,13,18,27.77777777777778
2018-10-16,5,13,18,27.77777777777778
2018-10-17,4,14,18,22.22222222222222
2018-10-19,5,13,18,27.77777777777778
2018-10-22,4,14,18,22.22222222222222
2018-10-23,3,15,18,16.666666666666664
2018-10-24,5,13,18,27.77777777777778
2018-10-25,4,14,18,22.22222222222222
2018-10-26,3,15,18,16.666666666666664
2018-10-29,5,13,18,27.77777777777778
2018-10-30,6,12,18,33.33333333333333
2018-10-31,7,11,18,38.88888888888889
2018-11-01,7,11,18,38.88888888888889
2018-11-02,8,10,18,44.44444444444444
2018-11-05,7,11,18,38.88888888888889
2018-11-06,8,10,18,44.44444444444444
2018-11-07,8,10,18,44.44444444444444
2018-11-09,8,10,18,44.44444444444444
2018-11-12,8,10,18,44.44444444444444
2018-11-13,8,10,18,44.44444444444444
2018-11-14,8,10,18,44.44444444444444
2018-11-15,8,10,18,44.44444444444444
2018-11-16,9,9,18,50.0
2018-11-19,9,9,18,50.0
2018-11-20,9,9,18,50.0
2018-11-21,10,8,18,55.55555555555556
2018-11-22,9,9,18,50.0
2018-11-26,9,9,18,50.0
2018-11-27,10,8,18,55.55555555555556
2018-11-28,8,10,18,44.44444444444444
2018-11-29,10,8,18,55.55555555555556
2018-11-30,10,8,18,55.55555555555556
2018-12-03,10,8,18,55.55555555555556
2018-12-04,10,8,18,55.55555555555556
2018-12-05,10,8,18,55.55555555555556
2018-12-06,8,10,18,44.44444444444444
2018-12-07,9,9,18,50.0
2018-12-10,7,11,18,38.88888888888889
2018-12-11,9,9,18,50.0
2018-12-12,9,9,18,50.0
2018-12-13,10,8,18,55.55555555555556
2018-12-14,10,8,18,55.55555555555556
2018-12-17,10,8,18,55.55555555555556
2018-12-18,10,8,18,55.55555555555556
2018-12-19,10,8,18,55.55555555555556
2018-12-20,11,7,18,61.111111111111114
2018-12-21,10,8,18,55.55555555555556
2018-12-24,11,7,18,61.111111111111114
2018-12-26,11,7,18,61.111111111111114
2018-12-27,11,7,18,61.111111111111114
2018-12-28,12,6,18,66.66666666666666
2018-12-31,12,6,18,66.66666666666666
2019-01-01,12,6,18,66.66666666666666
2019-01-02,11,7,18,61.111111111111114
2019-01-03,11,7,18,61.111111111111114
2019-01-04,12,6,18,66.66666666666666
2019-01-07,11,7,18,61.111111111111114
2019-01-08,10,8,18,55.55555555555556
2019-01-09,12,6,18,66.66666666666666
2019-01-10,10,8,18,55.55555555555556
2019-01-11,10,8,18,55.55555555555556
2019-01-14,10,8,18,55.55555555555556
2019-01-15,11,7,18,61.111111111111114
2019-01-16,10,8,18,55.55555555555556
2019-01-17,11,7,18,61.111111111111114
2019-01-18,11,7,18,61.111111111111114
2019-01-21,11,7,18,61.111111111111114
2019-01-22,11,7,18,61.111111111111114
2019-01-23,11,7,18,61.111111111111114
2019-01-24,11,7,18,61.111111111111114
2019-01-25,11,7,18,61.111111111111114
2019-01-28,10,8,18,55.55555555555556
2019-01-29,11,7,18,61.111111111111114
2019-01-30,9,9,18,50.0
2019-01-31,11,7,18,61.111111111111114
2019-02-01,11,7,18,61.111111111111114
2019-02-04,10,8,18,55.55555555555556
2019-02-05,10,8,18,55.55555555555556
2019-02-06,11,7,18,61.111111111111114
2019-02-07,11,7,18,61.111111111111114
2019-02-08,11,7,18,61.111111111111114
2019-02-11,10,8,18,55.55555555555556
2019-02-12,9,9,18,50.0
2019-02-14,9,9,18,50.0
2019-02-15,9,9,18,50.0
2019-02-18,9,9,18,50.0
2019-02-19,9,9,18,50.0
2019-02-20,9,9,18,50.0
2019-02-21,10,8,18,55.55555555555556
2019-02-22,9,9,18,50.0
2019-02-25,9,9,18,50.0
2019-02-26,9,9,18,50.0
2019-02-27,9,9,18,50.0
2019-02-28,10,8,18,55.55555555555556
2019-03-01,10,8,18,55.55555555555556
2019-03-05,11,7,18,61.111111111111114
2019-03-06,11,7,18,61.111111111111114
2019-03-07,12,6,18,66.66666666666666
2019-03-08,11,7,18,61.111111111111114
2019-03-11,15,3,18,83.33333333333334
2019-03-12,15,3,18,83.33333333333334
2019-03-13,14,4,18,77.77777777777779
2019-03-14,14,4,18,77.77777777777779
2019-03-15,14,4,18,77.77777777777779
2019-03-18,14,4,18,77.77777777777779
2019-03-19,14,4,18,77.77777777777779
2019-03-20,13,5,18,72.22222222222221
2019-03-22,13,5,18,72.22222222222221
2019-03-25,13,5,18,72.22222222222221
2019-03-26,13,5,18,72.22222222222221
2019-03-27,16,2,18,88.88888888888889
2019-03-28,16,2,18,88.88888888888889
2019-04-01,15,3,18,83.33333333333334
2019-04-02,14,4,18,77.77777777777779
2019-04-03,14,4,18,77.77777777777779
2019-04-04,15,3,18,83.33333333333334
2019-04-05,16,2,18,88.88888888888889
2019-04-08,16,2,18,88.88888888888889
2019-04-09,16,2,18,88.88888888888889
2019-04-10,15,3,18,83.33333333333334
2019-04-11,16,2,18,88.88888888888889
2019-04-12,17,1,18,94.44444444444444
2019-04-15,17,1,18,94.44444444444444
2019-04-16,17,1,18,94.44444444444444
2019-04-18,17,1,18,94.44444444444444
2019-04-22,15,3,18,83.33333333333334
2019-04-23,14,4,18,77.77777777777779
2019-04-24,15,3,18,83.33333333333334
2019-04-25,15,3,18,83.33333333333334
2019-04-26,15,3,18,83.33333333333334
2019-04-30,16,2,18,88.88888888888889
2019-05-02,16,2,18,88.88888888888889
2019-05-03,16,2,18,88.88888888888889
2019-05-06,15,3,18,83.33333333333334
2019-05-07,14,4,18,77.77777777777779
2019-05-08,14,4,18,77.77777777777779
2019-05-09,15,3,18,83.33333333333334
2019-05-10,14,4,18,77.77777777777779
2019-05-13,13,5,18,72.22222222222221
2019-05-14,13,5,18,72.22222222222221
2019-05-15,12,6,18,66.66666666666666
2019-05-16,13,5,18,72.22222222222221
2019-05-17,14,4,18,77.77777777777779
2019-05-20,15,3,18,83.33333333333334
2019-05-21,16,2,18,88.88888888888889
2019-05-22,16,2,18,88.88888888888889
2019-05-23,16,2,18,88.88888888888889
2019-05-24,16,2,18,88.88888888888889
2019-05-27,16,2,18,88.88888888888889
2019-05-28,16,2,18,88.88888888888889
2019-05-29,16,2,18,88.88888888888889
2019-05-30,16,2,18,88.88888888888889
2019-05-31,16,2,18,88.88888888888889
2019-06-03,17,1,18,94.44444444444444
2019-06-04,17,1,18,94.44444444444444
2019-06-06,16,2,18,88.88888888888889
2019-06-07,16,2,18,88.88888888888889
2019-06-10,16,2,18,88.88888888888889
2019-06-11,16,2,18,88.88888888888889
2019-06-12,16,2,18,88.88888888888889
2019-06-13,16,2,18,88.88888888888889
2019-06-14,16,2,18,88.88888888888889
2019-06-17,16,2,18,88.88888888888889
2019-06-18,16,2,18,88.88888888888889
2019-06-19,16,2,18,88.88888888888889
2019-06-20,16,2,18,88.88888888888889
2019-06-21,16,2,18,88.88888888888889
2019-06-24,16,2,18,88.88888888888889
2019-06-25,17,1,18,94.44444444444444
2019-06-26,17,1,18,94.44444444444444
2019-06-27,17,1,18,94.44444444444444
2019-06-28,17,1,18,94.44444444444444
2019-07-01,17,1,18,94.44444444444444
2019-07-02,17,1,18,94.44444444444444
2019-07-03,17,1,18,94.44444444444444
2019-07-04,17,1,18,94.44444444444444
2019-07-05,17,1,18,94.44444444444444
2019-07-08,17,1,18,94.44444444444444
2019-07-09,17,1,18,94.44444444444444
2019-07-10,17,1,18,94.44444444444444
2019-07-11,16,2,18,88.88888888888889
2019-07-12,16,2,18,88.88888888888889
2019-07-15,16,2,18,88.88888888888889
2019-07-16,16,2,18,88.88888888888889
2019-07-17,16,2,18,88.88888888888889
2019-07-18,16,2,18,88.88888888888889
2019-07-19,16,2,18,88.88888888888889
2019-07-22,15,3,18,83.33333333333334
2019-07-23,15,3,18,83.33333333333334
2019-07-24,15,3,18,83.33333333333334
2019-07-25,14,4,18,77.77777777777779
2019-07-26,15,3,18,83.33333333333334
2019-07-29,15,3,18,83.33333333333334
2019-07-30,14,4,18,77.77777777777779
2019-07-31,14,4,18,77.77777777777779
2019-08-01,13,5,18,72.22222222222221
2019-08-02,14,4,18,77.77777777777779
2019-08-05,11,7,18,61.111111111111114
2019-08-06,12,6,18,66.66666666666666
2019-08-07,12,6,18,66.66666666666666
2019-08-08,12,6,18,66.66666666666666
2019-08-09,13,5,18,72.22222222222221
2019-08-13,11,7,18,61.111111111111114
2019-08-14,12,6,18,66.66666666666666
2019-08-16,12,6,18,66.66666666666666
2019-08-19,12,6,18,66.66666666666666
2019-08-20,11,7,18,61.111111111111114
2019-08-21,11,7,18,61.111111111111114
2019-08-22,9,9,18,50.0
2019-08-23,9,9,18,50.0
2019-08-26,12,6,18,66.66666666666666
2019-08-27,12,6,18,66.66666666666666
2019-08-28,12,6,18,66.66666666666666
2019-08-29,12,6,18,66.66666666666666
2019-08-30,12,6,18,66.66666666666666
2019-09-03,11,7,18,61.111111111111114
2019-09-04,12,6,18,66.66666666666666
2019-09-05,11,7,18,61.111111111111114
2019-09-06,12,6,18,66.66666666666666
2019-09-09,12,6,18,66.66666666666666
2019-09-11,12,6,18,66.66666666666666
2019-09-12,13,5,18,72.22222222222221
2019-09-13,12,6,18,66.66666666666666
2019-09-16,12,6,18,66.66666666666666
2019-09-17,11,7,18,61.111111111111114
2019-09-18,10,8,18,55.55555555555556
2019-09-19,8,10,18,44.44444444444444
2019-09-20,12,6,18,66.66666666666666
2019-09-23,14,4,18,77.77777777777779
2019-09-24,12,6,18,66.66666666666666
2019-09-25,12,6,18,66.66666666666666
2019-09-26,13,5,18,72.22222222222221
2019-09-27,12,6,18,66.66666666666666
2019-09-30,11,7,18,61.111111111111114
2019-10-01,11,7,18,61.111111111111114
2019-10-03,12,6,18,66.66666666666666
2019-10-04,11,7,18,61.111111111111114
2019-10-07,11,7,18,61.111111111111114
2019-10-09,12,6,18,66.66666666666666
2019-10-10,11,7,18,61.111111111111114
2019-10-11,11,7,18,61.111111111111114
2019-10-14,11,7,18,61.111111111111114
2019-10-15,11,7,18,61.111111111111114
2019-10-16,11,7,18,61.111111111111114
2019-10-17,11,7,18,61.111111111111114
2019-10-18,12,6,18,66.66666666666666
2019-10-22,12,6,18,66.66666666666666
2019-10-23,12,6,18,66.66666666666666
2019-10-24,11,7,18,61.111111111111114
2019-10-25,12,6,18,66.66666666666666
2019-10-27,12,6,18,66.66666666666666
2019-10-29,13,5,18,72.22222222222221
2019-10-30,14,4,18,77.77777777777779
2019-10-31,15,3,18,83.33333333333334
2019-11-01,15,3,18,83.33333333333334
2019-11-04,16,2,18,88.88888888888889
2019-11-05,14,4,18,77.77777777777779
2019-11-06,14,4,18,77.77777777777779
2019-11-07,16,2,18,88.88888888888889
2019-11-08,15,3,18,83.33333333333334
2019-11-11,16,2,18,88.88888888888889
2019-11-13,13,5,18,72.22222222222221
2019-11-14,12,6,18,66.66666666666666
2019-11-15,13,5,18,72.22222222222221
2019-11-18,15,3,18,83.33333333333334
2019-11-19,16,2,18,88.88888888888889
2019-11-20,16,2,18,88.88888888888889
2019-11-21,15,3,18,83.33333333333334
2019-11-22,16,2,18,88.88888888888889
2019-11-25,15,3,18,83.33333333333334
2019-11-26,15,3,18,83.33333333333334
2019-11-27,15,3,18,83.33333333333334
2019-11-28,15,3,18,83.33333333333334
2019-11-29,15,3,18,83.33333333333334
2019-12-02,15,3,18,83.33333333333334
2019-12-03,15,3,18,83.33333333333334
2019-12-04,15,3,18,83.33333333333334
2019-12-05,14,4,18,77.77777777777779
2019-12-06,12,6,18,66.66666666666666
2019-12-09,14,4,18,77.77777777777779
2019-12-10,12,6,18,66.66666666666666
2019-12-11,13,5,18,72.22222222222221
2019-12-12,14,4,18,77.77777777777779
2019-12-13,15,3,18,83.33333333333334
2019-12-16,15,3,18,83.33333333333334
2019-12-17,15,3,18,83.33333333333334
2019-12-18,14,4,18,77.77777777777779
2019-12-19,14,4,18,77.77777777777779
2019-12-20,14,4,18,77.77777777777779
2019-12-23,14,4,18,77.77777777777779
2019-12-24,14,4,18,77.77777777777779
2019-12-26,14,4,18,77.77777777777779
2019-12-27,15,3,18,83.33333333333334
2019-12-30,15,3,18,83.33333333333334
2019-12-31,16,2,18,88.88888888888889
2020-01-01,16,2,18,88.88888888888889
2020-01-02,16,2,18,88.88888888888889
2020-01-03,16,2,18,88.88888888888889
2020-01-06,13,5,18,72.22222222222221
2020-01-07,14,4,18,77.77777777777779
2020-01-08,14,4,18,77.77777777777779
2020-01-09,16,2,18,88.88888888888889
2020-01-10,15,3,18,83.33333333333334
2020-01-13,16,2,18,88.88888888888889
2020-01-14,15,3,18,83.33333333333334
2020-01-15,16,2,18,88.88888888888889
2020-01-16,16,2,18,88.88888888888889
2020-01-17,16,2,18,88.88888888888889
2020-01-20,12,6,18,66.66666666666666
2020-01-21,13,5,18,72.22222222222221
2020-01-22,12,6,18,66.66666666666666
2020-01-23,14,4,18,77.77777777777779
2020-01-24,16,2,18,88.88888888888889
2020-01-27,14,4,18,77.77777777777779
2020-01-28,14,4,18,77.77777777777779
2020-01-29,15,3,18,83.33333333333334
2020-01-30,13,5,18,72.22222222222221
2020-01-31,14,4,18,77.77777777777779
2020-02-03,10,8,18,55.55555555555556
2020-02-04,13,5,18,72.22222222222221
2020-02-05,14,4,18,77.77777777777779
2020-02-06,17,1,18,94.44444444444444
2020-02-07,17,1,18,94.44444444444444
2020-02-10,17,1,18,94.44444444444444
2020-02-11,17,1,18,94.44444444444444
2020-02-12,16,2,18,88.88888888888889
2020-02-13,16,2,18,88.88888888888889
2020-02-14,16,2,18,88.88888888888889
2020-02-17,15,3,18,83.33333333333334
2020-02-18,16,2,18,88.88888888888889
2020-02-19,16,2,18,88.88888888888889
2020-02-20,16,2,18,88.88888888888889
2020-02-24,15,3,18,83.33333333333334
2020-02-25,14,4,18,77.77777777777779
2020-02-26,12,6,18,66.66666666666666
2020-02-27,14,4,18,77.77777777777779
2020-02-28,11,7,18,61.111111111111114
2020-03-02,11,7,18,61.111111111111114
2020-03-03,11,7,18,61.111111111111114
2020-03-04,11,7,18,61.111111111111114
2020-03-05,10,8,18,55.55555555555556
2020-03-06,9,9,18,50.0
2020-03-09,3,15,18,16.666666666666664
2020-03-11,3,15,18,16.666666666666664
2020-03-12,1,17,18,5.555555555555555
2020-03-13,2,16,18,11.11111111111111
2020-03-16,1,17,18,5.555555555555555
2020-03-17,0,18,18,0.0
2020-03-18,0,18,18,0.0
2020-03-19,0,18,18,0.0
2020-03-20,0,18,18,0.0
2020-03-23,0,18,18,0.0
2020-03-24,0,18,18,0.0
2020-03-25,0,18,18,0.0
2020-03-26,0,18,18,0.0
2020-03-27,0,18,18,0.0
2020-03-30,0,18,18,0.0
2020-03-31,0,18,18,0.0
2020-04-01,0,18,18,0.0
2020-04-03,0,18,18,0.0
2020-04-07,1,17,18,5.555555555555555
2020-04-08,1,17,18,5.555555555555555
2020-04-09,1,17,18,5.555555555555555
2020-04-13,1,17,18,5.555555555555555
2020-04-15,1,17,18,5.555555555555555
2020-04-16,1,17,18,5.555555555555555
2020-04-17,1,17,18,5.555555555555555
2020-04-20,1,17,18,5.555555555555555
2020-04-21,1,17,18,5.555555555555555
2020-04-22,1,17,18,5.555555555555555
2020-04-23,1,17,18,5.555555555555555
2020-04-24,1,17,18,5.555555555555555
2020-04-27,1,17,18,5.555555555555555
2020-04-28,1,17,18,5.555555555555555
2020-04-29,1,17,18,5.555555555555555
2020-04-30,2,16,18,11.11111111111111
2020-05-04,1,17,18,5.555555555555555
2020-05-05,1,17,18,5.555555555555555
2020-05-06,1,17,18,5.555555555555555
2020-05-07,1,17,18,5.555555555555555
2020-05-08,1,17,18,5.555555555555555
2020-05-11,2,16,18,11.11111111111111
2020-05-12,2,16,18,11.11111111111111
2020-05-13,2,16,18,11.11111111111111
2020-05-14,1,17,18,5.555555555555555
2020-05-15,1,17,18,5.555555555555555
2020-05-18,1,17,18,5.555555555555555
2020-05-19,1,17,18,5.555555555555555
2020-05-20,1,17,18,5.555555555555555
2020-05-21,1,17,18,5.555555555555555
2020-05-22,1,17,18,5.555555555555555
2020-05-26,1,17,18,5.555555555555555
2020-05-27,1,17,18,5.555555555555555
2020-05-28,2,16,18,11.11111111111111
2020-05-29,2,16,18,11.11111111111111
2020-06-01,2,16,18,11.11111111111111
2020-06-02,2,16,18,11.11111111111111
2020-06-03,2,16,18,11.11111111111111
2020-06-04,2,16,18,11.11111111111111
2020-06-05,2,16,18,11.11111111111111
2020-06-08,2,16,18,11.11111111111111
2020-06-09,2,16,18,11.11111111111111
2020-06-10,2,16,18,11.11111111111111
2020-06-11,2,16,18,11.11111111111111
2020-06-12,2,16,18,11.11111111111111
2020-06-15,2,16,18,11.11111111111111
2020-06-16,2,16,18,11.11111111111111
2020-06-17,2,16,18,11.11111111111111
2020-06-18,2,16,18,11.11111111111111
2020-06-19,2,16,18,11.11111111111111
2020-06-22,2,16,18,11.11111111111111
2020-06-23,2,16,18,11.11111111111111
2020-06-24,2,16,18,11.11111111111111
2020-06-25,2,16,18,11.11111111111111
2020-06-26,1,17,18,5.555555555555555
2020-06-29,1,17,18,5.555555555555555
2020-06-30,2,16,18,11.11111111111111
2020-07-01,2,16,18,11.11111111111111
2020-07-02,3,15,18,16.666666666666664
2020-07-03,4,14,18,22.22222222222222
2020-07-06,5,13,18,27.77777777777778
2020-07-07,5,13,18,27.77777777777778
2020-07-08,4,14,18,22.22222222222222
2020-07-09,5,13,18,27.77777777777778
2020-07-10,4,14,18,22.22222222222222
2020-07-13,5,13,18,27.77777777777778
2020-07-14,4,14,18,22.22222222222222
2020-07-15,4,14,18,22.22222222222222
2020-07-16,4,14,18,22.22222222222222
2020-07-17,6,12,18,33.33333333333333
2020-07-20,5,13,18,27.77777777777778
2020-07-21,7,11,18,38.88888888888889
2020-07-22,7,11,18,38.88888888888889
2020-07-23,7,11,18,38.88888888888889
2020-07-24,7,11,18,38.88888888888889
2020-07-27,6,12,18,33.33333333333333
2020-07-28,6,12,18,33.33333333333333
2020-07-29,6,12,18,33.33333333333333
2020-07-30,6,12,18,33.33333333333333
2020-07-31,6,12,18,33.33333333333333
2020-08-03,5,13,18,27.77777777777778
2020-08-04,6,12,18,33.33333333333333
2020-08-05,6,12,18,33.33333333333333
2020-08-06,6,12,18,33.33333333333333
2020-08-07,7,11,18,38.88888888888889
2020-08-10,7,11,18,38.88888888888889
2020-08-11,7,11,18,38.88888888888889
2020-08-12,6,12,18,33.33333333333333
2020-08-13,7,11,18,38.88888888888889
2020-08-14,5,13,18,27.77777777777778
2020-08-17,5,13,18,27.77777777777778
2020-08-18,7,11,18,38.88888888888889
2020-08-19,9,9,18,50.0
2020-08-20,7,11,18,38.88888888888889
2020-08-21,8,10,18,44.44444444444444
2020-08-24,8,10,18,44.44444444444444
2020-08-25,9,9,18,50.0
2020-08-26,9,9,18,50.0
2020-08-27,8,10,18,44.44444444444444
2020-08-28,11,7,18,61.111111111111114
2020-08-31,5,13,18,27.77777777777778
2020-09-01,7,11,18,38.88888888888889
2020-09-02,10,8,18,55.55555555555556
2020-09-03,10,8,18,55.55555555555556
2020-09-04,6,12,18,33.33333333333333
2020-09-07,6,12,18,33.33333333333333
2020-09-08,7,11,18,38.88888888888889
2020-09-09,6,12,18,33.33333333333333
2020-09-10,7,11,18,38.88888888888889
2020-09-11,7,11,18,38.88888888888889
2020-09-14,7,11,18,38.88888888888889
2020-09-15,7,11,18,38.88888888888889
2020-09-16,9,9,18,50.0
2020-09-17,7,11,18,38.88888888888889
2020-09-18,7,11,18,38.88888888888889
2020-09-21,6,12,18,33.33333333333333
2020-09-22,4,14,18,22.22222222222222
2020-09-23,4,14,18,22.22222222222222
2020-09-24,4,14,18,22.22222222222222
2020-09-25,4,14,18,22.22222222222222
2020-09-28,5,13,18,27.77777777777778
2020-09-29,4,14,18,22.22222222222222
2020-09-30,6,12,18,33.33333333333333
2020-10-01,7,11,18,38.88888888888889
2020-10-05,6,12,18,33.33333333333333
2020-10-06,7,11,18,38.88888888888889
2020-10-07,8,10,18,44.44444444444444
2020-10-08,7,11,18,38.88888888888889
2020-10-09,8,10,18,44.44444444444444
2020-10-12,8,10,18,44.44444444444444
2020-10-13,5,13,18,27.77777777777778
2020-10-14,8,10,18,44.44444444444444
2020-10-15,5,13,18,27.77777777777778
2020-10-16,5,13,18,27.77777777777778
2020-10-19,8,10,18,44.44444444444444
2020-10-20,8,11,19,42.10526315789473
2020-10-21,10,9,19,52.63157894736842
2020-10-22,11,8,19,57.89473684210527
2020-10-23,10,9,19,52.63157894736842
2020-10-26,11,8,19,57.89473684210527
2020-10-27,11,8,19,57.89473684210527
2020-10-28,11,8,19,57.89473684210527
2020-10-29,10,9,19,52.63157894736842
2020-10-30,10,9,19,52.63157894736842
2020-11-02,12,7,19,63.1578947368421
2020-11-03,12,7,19,63.1578947368421
2020-11-04,12,7,19,63.1578947368421
2020-11-05,15,4,19,78.94736842105263
2020-11-06,16,3,19,84.21052631578947
2020-11-09,17,2,19,89.47368421052632
2020-11-10,19,0,19,100.0
2020-11-11,19,0,19,100.0
2020-11-12,19,0,19,100.0
2020-11-13,19,0,19,100.0
2020-11-14,19,0,19,100.0
2020-11-17,19,0,19,100.0
2020-11-18,19,0,19,100.0
2020-11-19,19,0,19,100.0
2020-11-20,19,0,19,100.0
2020-11-23,19,0,19,100.0
2020-11-24,19,0,19,100.0
2020-11-25,19,0,19,100.0
2020-11-26,19,0,19,100.0
2020-11-27,19,0,19,100.0
2020-12-01,19,0,19,100.0
2020-12-02,19,0,19,100.0
2020-12-03,19,0,19,100.0
2020-12-04,19,0,19,100.0
2020-12-07,19,0,19,100.0
2020-12-08,19,0,19,100.0
2020-12-09,19,0,19,100.0
2020-12-10,19,0,19,100.0
2020-12-11,19,0,19,100.0
2020-12-14,19,0,19,100.0
2020-12-15,19,0,19,100.0
2020-12-16,19,0,19,100.0
2020-12-17,19,0,19,100.0
2020-12-18,19,0,19,100.0
2020-12-21,19,0,19,100.0
2020-12-22,19,0,19,100.0
2020-12-23,19,0,19,100.0
2020-12-24,19,0,19,100.0
2020-12-28,19,0,19,100.0
2020-12-29,19,0,19,100.0
2020-12-30,19,0,19,100.0
2020-12-31,19,0,19,100.0
2021-01-01,19,0,19,100.0
2021-01-04,19,0,19,100.0
2021-01-05,19,0,19,100.0
2021-01-06,19,0,19,100.0
2021-01-07,19,0,19,100.0
2021-01-08,19,0,19,100.0
2021-01-11,19,0,19,100.0
2021-01-12,19,0,19,100.0
2021-01-13,19,0,19,100.0
2021-01-14,19,0,19,100.0
2021-01-15,19,0,19,100.0
2021-01-18,19,0,19,100.0
2021-01-19,19,0,19,100.0
2021-01-20,19,0,19,100.0
2021-01-21,19,0,19,100.0
2021-01-22,19,0,19,100.0
2021-01-25,19,0,19,100.0
2021-01-27,19,0,19,100.0
2021-01-28,19,0,19,100.0
2021-01-29,17,2,19,89.47368421052632
2021-02-01,19,0,19,100.0
2021-02-02,19,0,19,100.0
2021-02-03,19,0,19,100.0
2021-02-04,19,0,19,100.0
2021-02-05,19,0,19,100.0
2021-02-08,19,0,19,100.0
2021-02-09,19,0,19,100.0
2021-02-10,19,0,19,100.0
2021-02-11,19,0,19,100.0
2021-02-12,19,0,19,100.0
2021-02-15,19,0,19,100.0
2021-02-16,19,0,19,100.0
2021-02-17,19,0,19,100.0
2021-02-18,19,0,19,100.0
2021-02-19,19,0,19,100.0
2021-02-22,19,0,19,100.0
2021-02-23,19,0,19,100.0
2021-02-24,19,0,19,100.0
2021-02-25,19,0,19,100.0
2021-02-26,19,0,19,100.0
2021-03-01,19,0,19,100.0
2021-03-02,19,0,19,100.0
2021-03-03,19,0,19,100.0
2021-03-04,19,0,19,100.0
2021-03-05,19,0,19,100.0
2021-03-08,19,0,19,100.0
2021-03-09,19,0,19,100.0
2021-03-10,19,0,19,100.0
2021-03-12,19,0,19,100.0
2021-03-15,18,1,19,94.73684210526315
2021-03-16,18,1,19,94.73684210526315
2021-03-17,18,1,19,94.73684210526315
2021-03-18,18,1,19,94.73684210526315
2021-03-19,18,1,19,94.73684210526315
2021-03-22,18,1,19,94.73684210526315
2021-03-23,18,1,19,94.73684210526315
2021-03-24,18,1,19,94.73684210526315
2021-03-25,16,3,19,84.21052631578947
2021-03-26,18,1,19,94.73684210526315
2021-03-30,18,1,19,94.73684210526315
2021-03-31,18,1,19,94.73684210526315
2021-04-01,18,1,19,94.73684210526315
2021-04-05,17,2,19,89.47368421052632
2021-04-06,18,1,19,94.73684210526315
2021-04-07,19,0,19,100.0
2021-04-08,19,0,19,100.0
2021-04-09,19,0,19,100.0
2021-04-12,16,3,19,84.21052631578947
2021-04-13,17,2,19,89.47368421052632
2021-04-15,18,1,19,94.73684210526315
2021-04-16,17,2,19,89.47368421052632
2021-04-19,16,3,19,84.21052631578947
2021-04-20,18,1,19,94.73684210526315
2021-04-22,18,1,19,94.73684210526315
2021-04-23,19,0,19,100.0
2021-04-26,18,1,19,94.73684210526315
2021-04-27,18,1,19,94.73684210526315
2021-04-28,18,1,19,94.73684210526315
2021-04-29,18,1,19,94.73684210526315
2021-04-30,18,1,19,94.73684210526315
2021-05-03,18,1,19,94.73684210526315
2021-05-04,18,1,19,94.73684210526315
2021-05-05,18,1,19,94.73684210526315
2021-05-06,18,1,19,94.73684210526315
2021-05-07,19,0,19,100.0
2021-05-10,19,0,19,100.0
2021-05-11,19,0,19,100.0
2021-05-12,18,1,19,94.73684210526315
2021-05-14,18,1,19,94.73684210526315
2021-05-17,19,0,19,100.0
2021-05-18,19,0,19,100.0
2021-05-19,19,0,19,100.0
2021-05-20,19,0,19,100.0
2021-05-21,19,0,19,100.0
2021-05-24,19,0,19,100.0
2021-05-25,19,0,19,100.0
2021-05-26,19,0,19,100.0
2021-05-27,19,0,19,100.0
2021-05-28,19,0,19,100.0
2021-05-31,19,0,19,100.0
2021-06-01,19,0,19,100.0
2021-06-02,19,0,19,100.0
2021-06-03,19,0,19,100.0
2021-06-04,19,0,19,100.0
2021-06-07,19,0,19,100.0
2021-06-08,19,0,19,100.0
2021-06-09,19,0,19,100.0
2021-06-10,19,0,19,100.0
2021-06-11,19,0,19,100.0
2021-06-14,19,0,19,100.0
2021-06-15,19,0,19,100.0
2021-06-16,19,0,19,100.0
2021-06-17,19,0,19,100.0
2021-06-18,19,0,19,100.0
2021-06-21,19,0,19,100.0
2021-06-22,19,0,19,100.0
2021-06-23,19,0,19,100.0
2021-06-24,19,0,19,100.0
2021-06-25,18,1,19,94.73684210526315
2021-06-28,18,1,19,94.73684210526315
2021-06-29,18,1,19,94.73684210526315
2021-06-30,18,1,19,94.73684210526315
2021-07-01,18,1,19,94.73684210526315
2021-07-02,18,1,19,94.73684210526315
2021-07-05,18,1,19,94.73684210526315
2021-07-06,19,0,19,100.0
2021-07-07,19,0,19,100.0
2021-07-08,18,1,19,94.73684210526315
2021-07-09,18,1,19,94.73684210526315
2021-07-12,18,1,19,94.73684210526315
2021-07-13,18,1,19,94.73684210526315
2021-07-14,18,1,19,94.73684210526315
2021-07-15,18,1,19,94.73684210526315
2021-07-16,18,1,19,94.73684210526315
2021-07-19,18,1,19,94.73684210526315
2021-07-20,17,2,19,89.47368421052632
2021-07-22,16,3,19,84.21052631578947
2021-07-23,17,2,19,89.47368421052632
2021-07-26,17,2,19,89.47368421052632
2021-07-27,18,1,19,94.73684210526315
2021-07-28,16,3,19,84.21052631578947
2021-07-29,16,3,19,84.21052631578947
2021-07-30,16,3,19,84.21052631578947
2021-08-02,16,3,19,84.21052631578947
2021-08-03,16,3,19,84.21052631578947
2021-08-04,17,2,19,89.47368421052632
2021-08-05,16,3,19,84.21052631578947
2021-08-06,17,2,19,89.47368421052632
2021-08-09,15,4,19,78.94736842105263
2021-08-10,16,3,19,84.21052631578947
2021-08-11,15,4,19,78.94736842105263
2021-08-12,17,2,19,89.47368421052632
2021-08-13,16,3,19,84.21052631578947
2021-08-16,15,4,19,78.94736842105263
2021-08-17,15,4,19,78.94736842105263
2021-08-18,16,3,19,84.21052631578947
2021-08-20,15,4,19,78.94736842105263
2021-08-23,15,4,19,78.94736842105263
2021-08-24,16,3,19,84.21052631578947
2021-08-25,16,3,19,84.21052631578947
2021-08-26,16,3,19,84.21052631578947
2021-08-27,17,2,19,89.47368421052632
2021-08-30,17,2,19,89.47368421052632
2021-08-31,17,2,19,89.47368421052632
2021-09-01,17,2,19,89.47368421052632
2021-09-02,17,2,19,89.47368421052632
2021-09-03,17,2,19,89.47368421052632
2021-09-06,17,2,19,89.47368421052632
2021-09-07,18,1,19,94.73684210526315
2021-09-08,17,2,19,89.47368421052632
2021-09-09,18,1,19,94.73684210526315
2021-09-13,18,1,19,94.73684210526315
2021-09-14,18,1,19,94.73684210526315
2021-09-15,18,1,19,94.73684210526315
2021-09-16,19,0,19,100.0
2021-09-17,19,0,19,100.0
2021-09-20,18,1,19,94.73684210526315
2021-09-21,18,1,19,94.73684210526315
2021-09-22,19,0,19,100.0
2021-09-23,19,0,19,100.0
2021-09-24,19,0,19,100.0
2021-09-27,19,0,19,100.0
2021-09-28,18,1,19,94.73684210526315
2021-09-29,18,1,19,94.73684210526315
2021-09-30,18,1,19,94.73684210526315
2021-10-01,18,1,19,94.73684210526315
2021-10-04,19,0,19,100.0
2021-10-05,19,0,19,100.0
2021-10-06,18,1,19,94.73684210526315
2021-10-07,19,0,19,100.0
2021-10-08,18,1,19,94.73684210526315
2021-10-11,19,0,19,100.0
2021-10-12,18,1,19,94.73684210526315
2021-10-13,19,0,19,100.0
2021-10-14,19,0,19,100.0
2021-10-18,19,0,19,100.0
2021-10-19,19,0,19,100.0
2021-10-20,19,0,19,100.0
2021-10-21,19,0,19,100.0
2021-10-22,17,2,19,89.47368421052632
2021-10-25,17,2,19,89.47368421052632
2021-10-26,17,2,19,89.47368421052632
2021-10-27,17,2,19,89.47368421052632
2021-10-28,16,3,19,84.21052631578947
2021-10-29,16,3,19,84.21052631578947
2021-11-01,17,2,19,89.47368421052632
2021-11-02,17,2,19,89.47368421052632
2021-11-03,17,2,19,89.47368421052632
2021-11-04,19,0,19,100.0
2021-11-08,19,0,19,100.0
2021-11-09,19,0,19,100.0
2021-11-10,19,0,19,100.0
2021-11-11,18,1,19,94.73684210526315
2021-11-12,18,1,19,94.73684210526315
2021-11-15,17,2,19,89.47368421052632
2021-11-16,16,3,19,84.21052631578947
2021-11-17,16,3,19,84.21052631578947
2021-11-18,15,4,19,78.94736842105263
2021-11-22,12,7,19,63.1578947368421
2021-11-23,13,6,19,68.42105263157895
2021-11-24,12,7,19,63.1578947368421
2021-11-25,14,5,19,73.68421052631578
2021-11-26,10,9,19,52.63157894736842
2021-11-29,10,9,19,52.63157894736842
2021-11-30,11,8,19,57.89473684210527
2021-12-01,11,8,19,57.89473684210527
2021-12-02,14,5,19,73.68421052631578
2021-12-03,12,7,19,63.1578947368421
2021-12-06,10,9,19,52.63157894736842
2021-12-07,14,5,19,73.68421052631578
2021-12-08,13,6,19,68.42105263157895
2021-12-09,12,7,19,63.1578947368421
2021-12-10,12,7,19,63.1578947368421
2021-12-13,11,8,19,57.89473684210527
2021-12-14,9,10,19,47.368421052631575
2021-12-15,9,10,19,47.368421052631575
2021-12-16,8,11,19,42.10526315789473
2021-12-17,7,12,19,36.84210526315789
2021-12-20,6,13,19,31.57894736842105
2021-12-21,6,13,19,31.57894736842105
2021-12-22,7,12,19,36.84210526315789
2021-12-23,7,12,19,36.84210526315789
2021-12-24,7,12,19,36.84210526315789
2021-12-27,7,12,19,36.84210526315789
2021-12-28,7,12,19,36.84210526315789
2021-12-29,7,12,19,36.84210526315789
2021-12-30,7,12,19,36.84210526315789
2021-12-31,7,12,19,36.84210526315789
2022-01-03,9,10,19,47.368421052631575
2022-01-04,10,9,19,52.63157894736842
2022-01-05,11,8,19,57.89473684210527
2022-01-06,11,8,19,57.89473684210527
2022-01-07,11,8,19,57.89473684210527
2022-01-10,12,7,19,63.1578947368421
2022-01-11,12,7,19,63.1578947368421
2022-01-12,12,7,19,63.1578947368421
2022-01-13,12,7,19,63.1578947368421
2022-01-14,11,8,19,57.89473684210527
2022-01-17,12,7,19,63.1578947368421
2022-01-18,12,7,19,63.1578947368421
2022-01-19,11,8,19,57.89473684210527
2022-01-20,10,9,19,52.63157894736842
2022-01-21,9,10,19,47.368421052631575
2022-01-24,7,12,19,36.84210526315789
2022-01-25,10,9,19,52.63157894736842
2022-01-27,9,10,19,47.368421052631575
2022-01-28,9,10,19,47.368421052631575
2022-01-31,9,10,19,47.368421052631575
2022-02-01,10,9,19,52.63157894736842
2022-02-02,13,6,19,68.42105263157895
2022-02-03,10,9,19,52.63157894736842
2022-02-04,10,9,19,52.63157894736842
2022-02-07,8,11,19,42.10526315789473
2022-02-08,8,11,19,42.10526315789473
2022-02-09,8,11,19,42.10526315789473
2022-02-10,10,9,19,52.63157894736842
2022-02-11,9,10,19,47.368421052631575
2022-02-14,6,13,19,31.57894736842105
2022-02-15,7,12,19,36.84210526315789
2022-02-16,7,12,19,36.84210526315789
2022-02-17,7,12,19,36.84210526315789
2022-02-18,8,11,19,42.10526315789473
2022-02-21,9,10,19,47.368421052631575
2022-02-22,7,12,19,36.84210526315789
2022-02-23,8,11,19,42.10526315789473
2022-02-24,3,16,19,15.789473684210526
2022-02-25,7,12,19,36.84210526315789
2022-02-28,6,13,19,31.57894736842105
2022-03-02,5,14,19,26.31578947368421
2022-03-03,4,15,19,21.052631578947366
2022-03-04,2,17,19,10.526315789473683
2022-03-07,2,17,19,10.526315789473683
2022-03-08,2,17,19,10.526315789473683
2022-03-09,2,17,19,10.526315789473683
2022-03-10,3,16,19,15.789473684210526
2022-03-11,3,16,19,15.789473684210526
2022-03-14,3,16,19,15.789473684210526
2022-03-15,3,16,19,15.789473684210526
2022-03-16,4,15,19,21.052631578947366
2022-03-17,5,14,19,26.31578947368421
2022-03-21,4,15,19,21.052631578947366
2022-03-22,5,14,19,26.31578947368421
2022-03-23,5,14,19,26.31578947368421
2022-03-24,5,14,19,26.31578947368421
2022-03-25,5,14,19,26.31578947368421
2022-03-28,5,14,19,26.31578947368421
2022-03-29,5,14,19,26.31578947368421
2022-03-30,7,12,19,36.84210526315789
2022-03-31,7,12,19,36.84210526315789
2022-04-01,7,12,19,36.84210526315789
2022-04-04,9,10,19,47.368421052631575
2022-04-05,9,10,19,47.368421052631575
2022-04-06,9,10,19,47.368421052631575
2022-04-07,8,11,19,42.10526315789473
2022-04-08,9,10,19,47.368421052631575
2022-04-11,8,11,19,42.10526315789473
2022-04-12,8,11,19,42.10526315789473
2022-04-13,7,12,19,36.84210526315789
2022-04-18,8,11,19,42.10526315789473
2022-04-19,7,12,19,36.84210526315789
2022-04-20,5,14,19,26.31578947368421
2022-04-21,7,12,19,36.84210526315789
2022-04-22,7,12,19,36.84210526315789
2022-04-25,5,14,19,26.31578947368421
2022-04-26,7,12,19,36.84210526315789
2022-04-27,6,13,19,31.57894736842105
2022-04-28,6,13,19,31.57894736842105
2022-04-29,4,15,19,21.052631578947366
2022-05-02,4,15,19,21.052631578947366
2022-05-04,3,16,19,15.789473684210526
2022-05-05,3,16,19,15.789473684210526
2022-05-06,3,16,19,15.789473684210526
2022-05-09,2,17,19,10.526315789473683
2022-05-10,2,17,19,10.526315789473683
2022-05-11,2,17,19,10.526315789473683
2022-05-12,2,17,19,10.526315789473683
2022-05-13,2,17,19,10.526315789473683
2022-05-16,2,17,19,10.526315789473683
2022-05-17,2,17,19,10.526315789473683
2022-05-18,2,17,19,10.526315789473683
2022-05-19,2,17,19,10.526315789473683
2022-05-20,2,17,19,10.526315789473683
2022-05-23,2,17,19,10.526315789473683
2022-05-24,3,16,19,15.789473684210526
2022-05-25,3,16,19,15.789473684210526
2022-05-26,3,16,19,15.789473684210526
2022-05-27,3,16,19,15.789473684210526
2022-05-30,5,14,19,26.31578947368421
2022-05-31,4,15,19,21.052631578947366
2022-06-01,4,15,19,21.052631578947366
2022-06-02,3,16,19,15.789473684210526
2022-06-03,3,16,19,15.789473684210526
2022-06-06,3,16,19,15.789473684210526
2022-06-07,2,17,19,10.526315789473683
2022-06-08,2,17,19,10.526315789473683
2022-06-09,3,16,19,15.789473684210526
2022-06-10,3,16,19,15.789473684210526
2022-06-13,1,18,19,5.263157894736842
2022-06-14,1,18,19,5.263157894736842
2022-06-15,2,17,19,10.526315789473683
2022-06-16,0,19,19,0.0
2022-06-17,1,18,19,5.263157894736842
2022-06-20,0,19,19,0.0
2022-06-21,0,19,19,0.0
2022-06-22,0,19,19,0.0
2022-06-23,1,18,19,5.263157894736842
2022-06-24,1,18,19,5.263157894736842
2022-06-27,1,18,19,5.263157894736842
2022-06-28,1,18,19,5.263157894736842
2022-06-29,1,18,19,5.263157894736842
2022-06-30,1,18,19,5.263157894736842
2022-07-01,2,17,19,10.526315789473683
2022-07-04,2,17,19,10.526315789473683
2022-07-05,2,17,19,10.526315789473683
2022-07-06,4,15,19,21.052631578947366
2022-07-07,5,14,19,26.31578947368421
2022-07-08,5,14,19,26.31578947368421
2022-07-11,6,13,19,31.57894736842105
2022-07-12,3,16,19,15.789473684210526
2022-07-13,4,15,19,21.052631578947366
2022-07-14,3,16,19,15.789473684210526
2022-07-15,4,15,19,21.052631578947366
2022-07-18,5,14,19,26.31578947368421
2022-07-19,7,12,19,36.84210526315789
2022-07-20,7,12,19,36.84210526315789
2022-07-21,8,11,19,42.10526315789473
2022-07-22,10,9,19,52.63157894736842
2022-07-25,8,11,19,42.10526315789473
2022-07-26,6,13,19,31.57894736842105
2022-07-27,9,10,19,47.368421052631575
2022-07-28,11,8,19,57.89473684210527
2022-07-29,13,6,19,68.42105263157895
2022-08-01,15,4,19,78.94736842105263
2022-08-02,14,5,19,73.68421052631578
2022-08-03,14,5,19,73.68421052631578
2022-08-04,12,7,19,63.1578947368421
2022-08-05,12,7,19,63.1578947368421
2022-08-08,15,4,19,78.94736842105263
2022-08-10,14,5,19,73.68421052631578
2022-08-11,15,4,19,78.94736842105263
2022-08-12,15,4,19,78.94736842105263
2022-08-16,15,4,19,78.94736842105263
2022-08-17,16,3,19,84.21052631578947
2022-08-18,16,3,19,84.21052631578947
2022-08-19,15,4,19,78.94736842105263
2022-08-22,15,4,19,78.94736842105263
2022-08-23,15,4,19,78.94736842105263
2022-08-24,15,4,19,78.94736842105263
2022-08-25,15,4,19,78.94736842105263
2022-08-26,15,4,19,78.94736842105263
2022-08-29,15,4,19,78.94736842105263
2022-08-30,15,4,19,78.94736842105263
2022-09-01,15,4,19,78.94736842105263
2022-09-02,15,4,19,78.94736842105263
2022-09-05,15,4,19,78.94736842105263
2022-09-06,15,4,19,78.94736842105263
2022-09-07,15,4,19,78.94736842105263
2022-09-08,16,3,19,84.21052631578947
2022-09-09,15,4,19,78.94736842105263
2022-09-12,15,4,19,78.94736842105263
2022-09-13,16,3,19,84.21052631578947
2022-09-14,15,4,19,78.94736842105263
2022-09-15,15,4,19,78.94736842105263
2022-09-16,15,4,19,78.94736842105263
2022-09-19,15,4,19,78.94736842105263
2022-09-20,15,4,19,78.94736842105263
2022-09-21,15,4,19,78.94736842105263
2022-09-22,15,4,19,78.94736842105263
2022-09-23,13,6,19,68.42105263157895
2022-09-26,12,7,19,63.1578947368421
2022-09-27,10,9,19,52.63157894736842
2022-09-28,9,10,19,47.368421052631575
2022-09-29,9,10,19,47.368421052631575
2022-09-30,11,8,19,57.89473684210527
2022-10-03,9,10,19,47.368421052631575
2022-10-04,12,7,19,63.1578947368421
2022-10-06,12,7,19,63.1578947368421
2022-10-07,12,7,19,63.1578947368421
2022-10-10,9,10,19,47.368421052631575
2022-10-11,9,10,19,47.368421052631575
2022-10-12,9,10,19,47.368421052631575
2022-10-13,9,10,19,47.368421052631575
2022-10-14,11,8,19,57.89473684210527
2022-10-17,11,8,19,57.89473684210527
2022-10-18,13,6,19,68.42105263157895
2022-10-19,12,7,19,63.1578947368421
2022-10-20,12,7,19,63.1578947368421
2022-10-21,12,7,19,63.1578947368421
2022-10-24,12,7,19,63.1578947368421
2022-10-25,12,7,19,63.1578947368421
2022-10-27,14,5,19,73.68421052631578
2022-10-28,13,6,19,68.42105263157895
2022-10-31,13,6,19,68.42105263157895
2022-11-01,12,7,19,63.1578947368421
2022-11-02,11,8,19,57.89473684210527
2022-11-03,12,7,19,63.1578947368421
2022-11-04,13,6,19,68.42105263157895
2022-11-07,13,6,19,68.42105263157895
2022-11-09,13,6,19,68.42105263157895
2022-11-10,13,6,19,68.42105263157895
2022-11-11,13,6,19,68.42105263157895
2022-11-14,13,6,19,68.42105263157895
2022-11-15,13,6,19,68.42105263157895
2022-11-16,13,6,19,68.42105263157895
2022-11-17,12,7,19,63.1578947368421
2022-11-18,13,6,19,68.42105263157895
2022-11-21,12,7,19,63.1578947368421
2022-11-22,12,7,19,63.1578947368421
2022-11-23,12,7,19,63.1578947368421
2022-11-24,14,5,19,73.68421052631578
2022-11-25,14,5,19,73.68421052631578
2022-11-28,14,5,19,73.68421052631578
2022-11-29,14,5,19,73.68421052631578
2022-11-30,14,5,19,73.68421052631578
2022-12-01,15,4,19,78.94736842105263
2022-12-02,16,3,19,84.21052631578947
2022-12-05,15,4,19,78.94736842105263
2022-12-06,15,4,19,78.94736842105263
2022-12-07,14,5,19,73.68421052631578
2022-12-08,14,5,19,73.68421052631578
2022-12-09,14,5,19,73.68421052631578
2022-12-12,14,5,19,73.68421052631578
2022-12-13,14,5,19,73.68421052631578
2022-12-14,14,5,19,73.68421052631578
2022-12-15,14,5,19,73.68421052631578
2022-12-16,14,5,19,73.68421052631578
2022-12-19,15,4,19,78.94736842105263
2022-12-20,14,5,19,73.68421052631578
2022-12-21,13,6,19,68.42105263157895
2022-12-22,14,5,19,73.68421052631578
2022-12-23,11,8,19,57.89473684210527
2022-12-26,13,6,19,68.42105263157895
2022-12-27,12,7,19,63.1578947368421
2022-12-28,13,6,19,68.42105263157895
2022-12-29,12,7,19,63.1578947368421
2022-12-30,13,6,19,68.42105263157895
2023-01-02,13,6,19,68.42105263157895
2023-01-03,14,5,19,73.68421052631578
2023-01-04,13,6,19,68.42105263157895
2023-01-05,11,8,19,57.89473684210527
2023-01-06,11,8,19,57.89473684210527
2023-01-09,11,8,19,57.89473684210527
2023-01-10,11,8,19,57.89473684210527
2023-01-11,11,8,19,57.89473684210527
2023-01-12,11,8,19,57.89473684210527
2023-01-13,12,7,19,63.1578947368421
2023-01-16,11,8,19,57.89473684210527
2023-01-17,11,8,19,57.89473684210527
2023-01-18,10,9,19,52.63157894736842
2023-01-19,10,9,19,52.63157894736842
2023-01-20,10,9,19,52.63157894736842
2023-01-23,11,8,19,57.89473684210527
2023-01-24,11,8,19,57.89473684210527
2023-01-25,11,8,19,57.89473684210527
2023-01-27,8,11,19,42.10526315789473
2023-01-30,9,10,19,47.368421052631575
2023-01-31,10,9,19,52.63157894736842
2023-02-01,8,11,19,42.10526315789473
2023-02-02,8,11,19,42.10526315789473
2023-02-03,9,10,19,47.368421052631575
2023-02-06,9,10,19,47.368421052631575
2023-02-07,8,11,19,42.10526315789473
2023-02-08,9,10,19,47.368421052631575
2023-02-09,8,11,19,42.10526315789473
2023-02-10,8,11,19,42.10526315789473
2023-02-13,7,12,19,36.84210526315789
2023-02-14,8,11,19,42.10526315789473
2023-02-15,8,11,19,42.10526315789473
2023-02-16,7,12,19,36.84210526315789
2023-02-17,6,13,19,31.57894736842105
2023-02-20,6,13,19,31.57894736842105
2023-02-21,6,13,19,31.57894736842105
2023-02-22,6,13,19,31.57894736842105
2023-02-23,6,13,19,31.57894736842105
2023-02-24,5,14,19,26.31578947368421
2023-02-27,6,13,19,31.57894736842105
2023-02-28,6,13,19,31.57894736842105
2023-03-01,6,13,19,31.57894736842105
2023-03-02,6,13,19,31.57894736842105
2023-03-03,7,12,19,36.84210526315789
2023-03-06,7,12,19,36.84210526315789
2023-03-08,8,11,19,42.10526315789473
2023-03-09,8,11,19,42.10526315789473
2023-03-10,6,13,19,31.57894736842105
2023-03-13,5,14,19,26.31578947368421
2023-03-14,5,14,19,26.31578947368421
2023-03-15,5,14,19,26.31578947368421
2023-03-16,5,14,19,26.31578947368421
2023-03-17,5,14,19,26.31578947368421
2023-03-20,5,14,19,26.31578947368421
2023-03-21,6,13,19,31.57894736842105
2023-03-22,6,13,19,31.57894736842105
2023-03-23,6,13,19,31.57894736842105
2023-03-24,5,14,19,26.31578947368421
2023-03-27,4,15,19,21.052631578947366
2023-03-28,6,13,19,31.57894736842105
2023-03-29,5,14,19,26.31578947368421
2023-03-31,6,13,19,31.57894736842105
2023-04-03,7,12,19,36.84210526315789
2023-04-05,7,12,19,36.84210526315789
2023-04-06,7,12,19,36.84210526315789
2023-04-10,7,12,19,36.84210526315789
2023-04-11,8,11,19,42.10526315789473
2023-04-12,8,11,19,42.10526315789473
2023-04-13,8,11,19,42.10526315789473
2023-04-17,9,10,19,47.368421052631575
2023-04-18,9,10,19,47.368421052631575
2023-04-19,9,10,19,47.368421052631575
2023-04-20,9,10,19,47.368421052631575
2023-04-21,9,10,19,47.368421052631575
2023-04-24,10,9,19,52.63157894736842
2023-04-25,9,10,19,47.368421052631575
2023-04-26,9,10,19,47.368421052631575
2023-04-27,9,10,19,47.368421052631575
2023-04-28,10,9,19,52.63157894736842
2023-05-02,11,8,19,57.89473684210527
2023-05-03,9,10,19,47.368421052631575
2023-05-04,11,8,19,57.89473684210527
2023-05-05,10,9,19,52.63157894736842
2023-05-08,12,7,19,63.1578947368421
2023-05-09,12,7,19,63.1578947368421
2023-05-10,13,6,19,68.42105263157895
2023-05-11,13,6,19,68.42105263157895
2023-05-12,13,6,19,68.42105263157895
2023-05-15,13,6,19,68.42105263157895
2023-05-16,14,5,19,73.68421052631578
2023-05-17,13,6,19,68.42105263157895
2023-05-18,13,6,19,68.42105263157895
2023-05-19,13,6,19,68.42105263157895
2023-05-22,13,6,19,68.42105263157895
2023-05-23,13,6,19,68.42105263157895
2023-05-24,13,6,19,68.42105263157895
2023-05-25,13,6,19,68.42105263157895
2023-05-26,13,6,19,68.42105263157895
2023-05-29,15,4,19,78.94736842105263
2023-05-30,15,4,19,78.94736842105263
2023-05-31,16,3,19,84.21052631578947
2023-06-01,16,3,19,84.21052631578947
2023-06-02,15,4,19,78.94736842105263
2023-06-05,17,2,19,89.47368421052632
2023-06-06,17,2,19,89.47368421052632
2023-06-07,17,2,19,89.47368421052632
2023-06-08,17,2,19,89.47368421052632
2023-06-09,17,2,19,89.47368421052632
2023-06-12,17,2,19,89.47368421052632
2023-06-13,17,2,19,89.47368421052632
2023-06-14,17,2,19,89.47368421052632
2023-06-15,16,3,19,84.21052631578947
2023-06-16,19,0,19,100.0
2023-06-19,18,1,19,94.73684210526315
2023-06-20,18,1,19,94.73684210526315
2023-06-21,19,0,19,100.0
2023-06-22,18,1,19,94.73684210526315
2023-06-23,17,2,19,89.47368421052632
2023-06-26,17,2,19,89.47368421052632
2023-06-27,19,0,19,100.0
2023-06-28,18,1,19,94.73684210526315
2023-06-30,19,0,19,100.0
2023-07-03,19,0,19,100.0
2023-07-04,19,0,19,100.0
2023-07-05,19,0,19,100.0
2023-07-06,19,0,19,100.0
2023-07-07,19,0,19,100.0
2023-07-10,19,0,19,100.0
2023-07-11,19,0,19,100.0
2023-07-12,19,0,19,100.0
2023-07-13,19,0,19,100.0
2023-07-14,19,0,19,100.0
2023-07-17,19,0,19,100.0
2023-07-18,19,0,19,100.0
2023-07-19,19,0,19,100.0
2023-07-20,19,0,19,100.0
2023-07-21,19,0,19,100.0
2023-07-24,19,0,19,100.0
2023-07-25,19,0,19,100.0
2023-07-26,19,0,19,100.0
2023-07-27,19,0,19,100.0
2023-07-28,19,0,19,100.0
2023-07-31,19,0,19,100.0
2023-08-01,19,0,19,100.0
2023-08-02,18,1,19,94.73684210526315
2023-08-03,18,1,19,94.73684210526315
2023-08-04,18,1,19,94.73684210526315
2023-08-07,18,1,19,94.73684210526315
2023-08-08,18,1,19,94.73684210526315
2023-08-09,18,1,19,94.73684210526315
2023-08-10,18,1,19,94.73684210526315
2023-08-11,18,1,19,94.73684210526315
2023-08-14,16,3,19,84.21052631578947
2023-08-16,15,4,19,78.94736842105263
2023-08-17,17,2,19,89.47368421052632
2023-08-18,16,3,19,84.21052631578947
2023-08-21,17,2,19,89.47368421052632
2023-08-22,16,3,19,84.21052631578947
2023-08-23,17,2,19,89.47368421052632
2023-08-24,17,2,19,89.47368421052632
2023-08-25,17,2,19,89.47368421052632
2023-08-28,17,2,19,89.47368421052632
2023-08-29,17,2,19,89.47368421052632
2023-08-30,17,2,19,89.47368421052632
2023-08-31,16,3,19,84.21052631578947
2023-09-01,17,2,19,89.47368421052632
2023-09-04,17,2,19,89.47368421052632
2023-09-05,17,2,19,89.47368421052632
2023-09-06,17,2,19,89.47368421052632
2023-09-07,17,2,19,89.47368421052632
2023-09-08,18,1,19,94.73684210526315
2023-09-11,18,1,19,94.73684210526315
2023-09-12,18,1,19,94.73684210526315
2023-09-13,18,1,19,94.73684210526315
2023-09-14,18,1,19,94.73684210526315
2023-09-15,18,1,19,94.73684210526315
2023-09-18,18,1,19,94.73684210526315
2023-09-20,17,2,19,89.47368421052632
2023-09-21,16,3,19,84.21052631578947
2023-09-22,16,3,19,84.21052631578947
2023-09-25,16,3,19,84.21052631578947
2023-09-26,16,3,19,84.21052631578947
2023-09-27,16,3,19,84.21052631578947
2023-09-28,16,3,19,84.21052631578947
2023-09-29,16,3,19,84.21052631578947
2023-10-03,16,3,19,84.21052631578947
2023-10-04,16,3,19,84.21052631578947
2023-10-05,16,3,19,84.21052631578947
2023-10-06,16,3,19,84.21052631578947
2023-10-09,16,3,19,84.21052631578947
2023-10-10,16,3,19,84.21052631578947
2023-10-11,16,3,19,84.21052631578947
2023-10-12,16,3,19,84.21052631578947
2023-10-13,16,3,19,84.21052631578947
2023-10-16,16,3,19,84.21052631578947
2023-10-17,16,3,19,84.21052631578947
2023-10-18,16,3,19,84.21052631578947
2023-10-19,16,3,19,84.21052631578947
2023-10-20,15,4,19,78.94736842105263
2023-10-23,15,4,19,78.94736842105263
2023-10-25,15,4,19,78.94736842105263
2023-10-26,14,5,19,73.68421052631578
2023-10-27,14,5,19,73.68421052631578
2023-10-30,16,3,19,84.21052631578947
2023-10-31,16,3,19,84.21052631578947
2023-11-01,15,4,19,78.94736842105263
2023-11-02,16,3,19,84.21052631578947
2023-11-03,16,3,19,84.21052631578947
2023-11-06,16,3,19,84.21052631578947
2023-11-07,16,3,19,84.21052631578947
2023-11-08,16,3,19,84.21052631578947
2023-11-09,16,3,19,84.21052631578947
2023-11-10,16,3,19,84.21052631578947
2023-11-13,16,3,19,84.21052631578947
2023-11-15,16,3,19,84.21052631578947
2023-11-16,16,3,19,84.21052631578947
2023-11-17,15,4,19,78.94736842105263
2023-11-20,16,3,19,84.21052631578947
2023-11-21,15,4,19,78.94736842105263
2023-11-22,15,4,19,78.94736842105263
2023-11-23,15,4,19,78.94736842105263
2023-11-24,15,4,19,78.94736842105263
2023-11-28,16,3,19,84.21052631578947
2023-11-29,16,3,19,84.21052631578947
2023-11-30,16,3,19,84.21052631578947
2023-12-01,16,3,19,84.21052631578947
2023-12-04,18,1,19,94.73684210526315
2023-12-05,18,1,19,94.73684210526315
2023-12-06,18,1,19,94.73684210526315
2023-12-07,18,1,19,94.73684210526315
2023-12-08,18,1,19,94.73684210526315
2023-12-11,18,1,19,94.73684210526315
2023-12-12,18,1,19,94.73684210526315
2023-12-13,18,1,19,94.73684210526315
2023-12-14,18,1,19,94.73684210526315
2023-12-15,18,1,19,94.73684210526315
2023-12-18,18,1,19,94.73684210526315
2023-12-19,18,1,19,94.73684210526315
2023-12-20,17,2,19,89.47368421052632
2023-12-21,18,1,19,94.73684210526315
2023-12-22,18,1,19,94.73684210526315
2023-12-26,18,1,19,94.73684210526315
2023-12-27,18,1,19,94.73684210526315
2023-12-28,18,1,19,94.73684210526315
2023-12-29,18,1,19,94.73684210526315
2024-01-01,18,1,19,94.73684210526315
2024-01-02,18,1,19,94.73684210526315
2024-01-03,18,1,19,94.73684210526315
2024-01-04,18,1,19,94.73684210526315
2024-01-05,18,1,19,94.73684210526315
2024-01-08,18,1,19,94.73684210526315
2024-01-09,18,1,19,94.73684210526315
2024-01-10,17,2,19,89.47368421052632
2024-01-11,17,2,19,89.47368421052632
2024-01-12,18,1,19,94.73684210526315
2024-01-15,16,3,19,84.21052631578947
2024-01-16,16,3,19,84.21052631578947
2024-01-17,14,5,19,73.68421052631578
2024-01-18,14,5,19,73.68421052631578
2024-01-19,14,5,19,73.68421052631578
2024-01-23,13,6,19,68.42105263157895
2024-01-24,13,6,19,68.42105263157895
2024-01-25,13,6,19,68.42105263157895
2024-01-29,13,6,19,68.42105263157895
2024-01-30,13,6,19,68.42105263157895
2024-01-31,13,6,19,68.42105263157895
2024-02-01,13,6,19,68.42105263157895
2024-02-02,13,6,19,68.42105263157895
2024-02-05,13,6,19,68.42105263157895
2024-02-06,13,6,19,68.42105263157895
2024-02-07,14,5,19,73.68421052631578
2024-02-08,13,6,19,68.42105263157895
2024-02-09,12,7,19,63.1578947368421
2024-02-12,11,8,19,57.89473684210527
2024-02-13,13,6,19,68.42105263157895
2024-02-14,12,7,19,63.1578947368421
2024-02-15,12,7,19,63.1578947368421
2024-02-16,13,6,19,68.42105263157895
2024-02-19,12,7,19,63.1578947368421
2024-02-20,12,7,19,63.1578947368421
2024-02-21,12,7,19,63.1578947368421
2024-02-22,12,7,19,63.1578947368421
2024-02-23,12,7,19,63.1578947368421
2024-02-26,12,7,19,63.1578947368421
2024-02-27,11,8,19,57.89473684210527
2024-02-28,11,8,19,57.89473684210527
2024-02-29,12,7,19,63.1578947368421
2024-03-01,13,6,19,68.42105263157895
2024-03-04,13,6,19,68.42105263157895
2024-03-05,12,7,19,63.1578947368421
2024-03-06,12,7,19,63.1578947368421
2024-03-07,13,6,19,68.42105263157895
2024-03-11,13,6,19,68.42105263157895
2024-03-12,13,6,19,68.42105263157895
2024-03-13,12,7,19,63.1578947368421
2024-03-14,12,7,19,63.1578947368421
2024-03-15,13,6,19,68.42105263157895
2024-03-18,13,6,19,68.42105263157895
2024-03-19,13,6,19,68.42105263157895
2024-03-20,12,7,19,63.1578947368421
2024-03-21,13,6,19,68.42105263157895
2024-03-22,13,6,19,68.42105263157895
2024-03-26,13,6,19,68.42105263157895
2024-03-27,12,7,19,63.1578947368421
2024-03-28,15,4,19,78.94736842105263
2024-04-01,16,3,19,84.21052631578947
2024-04-02,15,5,20,75.0
2024-04-03,16,4,20,80.0
2024-04-04,16,4,20,80.0
2024-04-05,15,5,20,75.0
2024-04-08,16,4,20,80.0
2024-04-09,16,4,20,80.0
2024-04-10,16,4,20,80.0
2024-04-12,16,4,20,80.0
2024-04-15,16,4,20,80.0
2024-04-16,15,5,20,75.0
2024-04-18,12,8,20,60.0
2024-04-19,14,6,20,70.0
2024-04-22,16,4,20,80.0
2024-04-23,16,4,20,80.0
2024-04-24,17,3,20,85.0
2024-04-25,16,4,20,80.0
2024-04-26,14,6,20,70.0
2024-04-29,14,6,20,70.0
2024-04-30,15,5,20,75.0
2024-05-02,15,5,20,75.0
2024-05-03,15,5,20,75.0
2024-05-06,15,5,20,75.0
2024-05-07,15,5,20,75.0
2024-05-08,15,5,20,75.0
2024-05-09,14,6,20,70.0
2024-05-10,14,6,20,70.0
2024-05-13,14,6,20,70.0
2024-05-14,14,6,20,70.0
2024-05-15,14,6,20,70.0
2024-05-16,14,6,20,70.0
2024-05-17,14,6,20,70.0
2024-05-21,14,6,20,70.0
2024-05-22,14,6,20,70.0
2024-05-23,15,5,20,75.0
2024-05-24,16,4,20,80.0
2024-05-27,15,5,20,75.0
2024-05-28,15,5,20,75.0
2024-05-29,14,6,20,70.0
2024-05-30,13,7,20,65.0
2024-05-31,13,7,20,65.0
2024-06-03,14,6,20,70.0
2024-06-04,12,8,20,60.0
2024-06-05,14,6,20,70.0
2024-06-06,15,5,20,75.0
2024-06-07,16,4,20,80.0
2024-06-10,15,5,20,75.0
2024-06-11,15,5,20,75.0
2024-06-12,16,4,20,80.0
2024-06-13,16,4,20,80.0
2024-06-14,16,4,20,80.0
2024-06-18,16,4,20,80.0
2024-06-19,16,4,20,80.0
2024-06-20,17,3,20,85.0
2024-06-21,16,4,20,80.0
2024-06-24,16,4,20,80.0
2024-06-25,16,4,20,80.0
2024-06-26,17,3,20,85.0
2024-06-27,17,3,20,85.0
2024-06-28,16,4,20,80.0
2024-07-01,17,3,20,85.0
2024-07-02,17,3,20,85.0
2024-07-03,17,3,20,85.0
2024-07-04,16,4,20,80.0
2024-07-05,17,3,20,85.0
2024-07-08,17,3,20,85.0
2024-07-09,17,3,20,85.0
2024-07-10,17,3,20,85.0
2024-07-11,18,2,20,90.0
2024-07-12,18,2,20,90.0
2024-07-15,18,2,20,90.0
2024-07-16,17,3,20,85.0
2024-07-18,17,3,20,85.0
2024-07-19,17,3,20,85.0
2024-07-22,16,4,20,80.0
2024-07-23,17,3,20,85.0
2024-07-24,17,3,20,85.0
2024-07-25,17,3,20,85.0
2024-07-26,17,3,20,85.0
2024-07-29,18,2,20,90.0
2024-07-30,18,2,20,90.0
2024-07-31,18,2,20,90.0
2024-08-01,18,2,20,90.0
2024-08-02,18,2,20,90.0
2024-08-05,17,3,20,85.0
2024-08-06,16,4,20,80.0
2024-08-07,17,3,20,85.0
2024-08-08,17,3,20,85.0
2024-08-09,17,3,20,85.0
2024-08-12,17,3,20,85.0
2024-08-13,16,4,20,80.0
2024-08-14,16,4,20,80.0
2024-08-16,17,3,20,85.0
2024-08-19,17,3,20,85.0
2024-08-20,17,3,20,85.0
2024-08-21,18,2,20,90.0
2024-08-22,18,2,20,90.0
2024-08-23,18,2,20,90.0
2024-08-26,18,2,20,90.0
2024-08-27,18,1,19,94.73684210526315
2024-08-28,19,1,20,95.0
2024-08-29,19,1,20,95.0
2024-08-30,19,1,20,95.0
2024-09-02,20,0,20,100.0
2024-09-03,20,0,20,100.0
2024-09-04,20,0,20,100.0
2024-09-05,20,0,20,100.0
2024-09-06,19,1,20,95.0
2024-09-09,20,0,20,100.0
2024-09-10,20,0,20,100.0
2024-09-11,20,0,20,100.0
2024-09-12,20,0,20,100.0
2024-09-13,20,0,20,100.0
2024-09-16,20,0,20,100.0
2024-09-17,20,0,20,100.0
2024-09-18,20,0,20,100.0
2024-09-19,20,0,20,100.0
2024-09-20,20,0,20,100.0
2024-09-23,20,0,20,100.0
2024-09-24,20,0,20,100.0
2024-09-25,20,0,20,100.0
2024-09-26,20,0,20,100.0
2024-09-27,20,0,20,100.0
2024-09-30,20,0,20,100.0
2024-10-01,20,0,20,100.0
2024-10-03,19,1,20,95.0
2024-10-04,19,1,20,95.0
2024-10-07,16,4,20,80.0
2024-10-08,19,1,20,95.0
2024-10-09,19,1,20,95.0
2024-10-10,19,1,20,95.0
2024-10-11,19,1,20,95.0
2024-10-14,19,1,20,95.0
2024-10-15,19,1,20,95.0
2024-10-16,18,2,20,90.0
2024-10-17,17,3,20,85.0
2024-10-18,18,2,20,90.0
2024-10-21,16,4,20,80.0
2024-10-22,13,7,20,65.0
2024-10-23,14,6,20,70.0
2024-10-24,15,5,20,75.0
2024-10-25,13,7,20,65.0
2024-10-28,13,7,20,65.0
2024-10-29,15,5,20,75.0
2024-10-30,14,5,19,73.68421052631578
2024-10-31,13,7,20,65.0
2024-11-01,13,7,20,65.0
2024-11-04,12,8,20,60.0
2024-11-05,14,5,19,73.68421052631578
2024-11-06,15,5,20,75.0
2024-11-07,14,6,20,70.0
2024-11-08,11,9,20,55.00000000000001
2024-11-11,13,7,20,65.0
2024-11-12,12,8,20,60.0
2024-11-13,10,10,20,50.0
2024-11-14,9,11,20,45.0
2024-11-18,9,11,20,45.0
2024-11-19,10,10,20,50.0
2024-11-21,7,13,20,35.0
2024-11-22,10,10,20,50.0
2024-11-25,13,7,20,65.0
2024-11-26,12,8,20,60.0
2024-11-27,12,8,20,60.0
2024-11-28,11,9,20,55.00000000000001
2024-11-29,12,8,20,60.0
2024-12-02,9,11,20,45.0
2024-12-03,12,8,20,60.0
2024-12-04,13,7,20,65.0
2024-12-05,14,6,20,70.0
2024-12-06,12,8,20,60.0
2024-12-09,12,8,20,60.0
2024-12-10,15,5,20,75.0
2024-12-11,16,4,20,80.0
2024-12-12,15,5,20,75.0
2024-12-13,14,6,20,70.0
2024-12-16,14,6,20,70.0
2024-12-17,12,8,20,60.0
2024-12-18,12,8,20,60.0
2024-12-19,9,11,20,45.0
2024-12-20,7,13,20,35.0
2024-12-23,6,14,20,30.0
2024-12-24,7,13,20,35.0
2024-12-26,7,13,20,35.0
2024-12-27,5,15,20,25.0
2024-12-30,5,15,20,25.0
2024-12-31,6,14,20,30.0
2025-01-01,6,14,20,30.0
2025-01-02,8,12,20,40.0
2025-01-03,11,9,20,55.00000000000001
2025-01-06,9,11,20,45.0
2025-01-07,10,10,20,50.0
2025-01-08,8,12,20,40.0
2025-01-09,9,11,20,45.0
2025-01-10,8,12,20,40.0
2025-01-13,5,15,20,25.0
2025-01-14,7,13,20,35.0
2025-01-15,8,12,20,40.0
2025-01-16,9,11,20,45.0
2025-01-17,7,13,20,35.0
2025-01-20,9,11,20,45.0
2025-01-21,7,13,20,35.0
2025-01-22,7,13,20,35.0
2025-01-23,7,13,20,35.0
2025-01-24,6,14,20,30.0
2025-01-27,7,13,20,35.0
2025-01-28,8,12,20,40.0
2025-01-29,8,12,20,40.0
2025-01-30,8,12,20,40.0
2025-01-31,8,12,20,40.0
2025-02-01,8,12,20,40.0
2025-02-03,8,12,20,40.0
2025-02-04,9,11,20,45.0
2025-02-05,9,11,20,45.0
2025-02-06,9,11,20,45.0
2025-02-07,9,11,20,45.0
2025-02-10,8,12,20,40.0
2025-02-11,8,12,20,40.0
2025-02-12,8,12,20,40.0
2025-02-13,9,11,20,45.0
2025-02-14,9,11,20,45.0
2025-02-17,9,11,20,45.0
2025-02-18,8,12,20,40.0
2025-02-19,9,11,20,45.0
2025-02-20,9,11,20,45.0
2025-02-21,10,10,20,50.0
2025-02-24,7,13,20,35.0
2025-02-25,8,12,20,40.0
2025-02-27,9,11,20,45.0
2025-02-28,9,11,20,45.0
2025-03-03,9,11,20,45.0
2025-03-04,9,11,20,45.0
2025-03-05,9,11,20,45.0
2025-03-06,9,11,20,45.0
2025-03-07,9,11,20,45.0
2025-03-10,8,12,20,40.0
2025-03-11,8,12,20,40.0
2025-03-12,10,10,20,50.0
2025-03-13,9,11,20,45.0
2025-03-17,9,11,20,45.0
2025-03-18,9,11,20,45.0
2025-03-19,11,9,20,55.00000000000001
2025-03-20,11,9,20,55.00000000000001
2025-03-21,11,9,20,55.00000000000001
2025-03-24,11,9,20,55.00000000000001
2025-03-25,11,9,20,55.00000000000001
2025-03-26,11,9,20,55.00000000000001
2025-03-27,11,9,20,55.00000000000001
2025-03-28,11,9,20,55.00000000000001
2025-04-01,11,9,20,55.00000000000001
2025-04-02,11,9,20,55.00000000000001
2025-04-03,11,9,20,55.00000000000001
2025-04-04,11,9,20,55.00000000000001
2025-04-07,11,9,20,55.00000000000001
2025-04-08,11,9,20,55.00000000000001
2025-04-09,11,9,20,55.00000000000001
2025-04-11,10,10,20,50.0
2025-04-15,11,9,20,55.00000000000001
2025-04-16,12,8,20,60.0
2025-04-17,14,6,20,70.0
2025-04-21,14,6,20,70.0
2025-04-22,14,6,20,70.0
2025-04-23,14,6,20,70.0
2025-04-24,14,6,20,70.0
2025-04-25,14,6,20,70.0
2025-04-28,14,6,20,70.0
2025-04-29,14,6,20,70.0
2025-04-30,13,7,20,65.0
2025-05-02,13,7,20,65.0
2025-05-05,13,7,20,65.0
2025-05-06,13,7,20,65.0
2025-05-07,13,7,20,65.0
2025-05-08,13,7,20,65.0
2025-05-09,12,8,20,60.0
2025-05-12,14,6,20,70.0
2025-05-13,14,6,20,70.0
2025-05-14,15,5,20,75.0
2025-05-15,15,5,20,75.0
2025-05-16,15,5,20,75.0
2025-05-19,14,6,20,70.0
2025-05-20,13,7,20,65.0
2025-05-21,14,6,20,70.0
2025-05-22,14,6,20,70.0
2025-05-23,14,6,20,70.0
2025-05-26,14,6,20,70.0
2025-05-27,15,5,20,75.0
2025-05-28,15,5,20,75.0
2025-05-29,15,5,20,75.0
2025-05-30,15,5,20,75.0
2025-06-02,15,5,20,75.0
2025-06-03,15,5,20,75.0
2025-06-04,16,4,20,80.0
2025-06-05,15,5,20,75.0
2025-06-06,17,3,20,85.0
2025-06-09,17,3,20,85.0
2025-06-10,17,3,20,85.0
2025-06-11,17,3,20,85.0
2025-06-12,17,3,20,85.0
2025-06-13,16,4,20,80.0
2025-06-16,17,3,20,85.0
2025-06-17,17,3,20,85.0
2025-06-18,17,3,20,85.0
2025-06-19,15,5,20,75.0
2025-06-20,16,4,20,80.0
2025-06-23,16,4,20,80.0
2025-06-24,17,3,20,85.0
2025-06-25,17,3,20,85.0
2025-06-26,17,3,20,85.0
2025-06-27,17,3,20,85.0
2025-06-30,19,1,20,95.0
2025-07-01,18,2,20,90.0
2025-07-02,18,2,20,90.0
2025-07-03,17,3,20,85.0
2025-07-04,18,2,20,90.0
2025-07-07,18,2,20,90.0
2025-07-08,18,2,20,90.0
2025-07-09,18,2,20,90.0
2025-07-10,19,1,20,95.0
2025-07-11,19,1,20,95.0
2025-07-14,19,1,20,95.0
2025-07-15,19,1,20,95.0
2025-07-16,19,1,20,95.0
2025-07-17,19,1,20,95.0
2025-07-18,16,4,20,80.0
2025-07-21,16,4,20,80.0
2025-07-22,16,4,20,80.0
2025-07-23,16,4,20,80.0
2025-07-24,17,3,20,85.0
2025-07-25,15,5,20,75.0
2025-07-28,15,5,20,75.0
2025-07-29,16,4,20,80.0
2025-07-30,13,7,20,65.0
2025-07-31,14,6,20,70.0
2025-08-01,12,8,20,60.0
2025-08-04,15,5,20,75.0
2025-08-05,14,6,20,70.0
2025-08-06,14,6,20,70.0
2025-08-07,14,6,20,70.0
2025-08-08,12,8,20,60.0
2025-08-11,13,7,20,65.0
2025-08-12,12,8,20,60.0
2025-08-13,14,6,20,70.0
2025-08-14,13,7,20,65.0
2025-08-18,15,5,20,75.0
2025-08-19,15,5,20,75.0
2025-08-20,14,6,20,70.0
2025-08-21,15,5,20,75.0
2025-08-22,14,6,20,70.0
2025-08-25,14,6,20,70.0
2025-08-26,12,8,20,60.0
2025-08-28,11,9,20,55.00000000000001
2025-08-29,10,10,20,50.0
2025-09-01,11,9,20,55.00000000000001
2025-09-02,10,10,20,50.0
2025-09-03,11,9,20,55.00000000000001
2025-09-04,12,8,20,60.0
2025-09-05,11,9,20,55.00000000000001
2025-09-08,11,9,20,55.00000000000001
2025-09-09,11,9,20,55.00000000000001
2025-09-10,12,8,20,60.0
2025-09-11,14,6,20,70.0
2025-09-12,15,5,20,75.0
2025-09-15,15,5,20,75.0
2025-09-16,15,5,20,75.0
2025-09-17,16,4,20,80.0
2025-09-18,17,3,20,85.0
2025-09-19,17,3,20,85.0
2025-09-22,17,3,20,85.0
2025-09-23,17,3,20,85.0
2025-09-24,17,3,20,85.0
2025-09-25,14,6,20,70.0
2025-09-26,13,7,20,65.0
2025-09-29,12,8,20,60.0
2025-09-30,13,7,20,65.0
2025-10-01,17,3,20,85.0
2025-10-03,17,3,20,85.0
2025-10-06,18,2,20,90.0
2025-10-07,17,3,20,85.0
2025-10-08,16,4,20,80.0
2025-10-09,16,4,20,80.0
2025-10-10,17,3,20,85.0
2025-10-13,16,4,20,80.0
2025-10-14,15,5,20,75.0
2025-10-15,17,3,20,85.0
2025-10-16,16,4,20,80.0
2025-10-17,16,4,20,80.0
2025-10-20,17,3,20,85.0
2025-10-21,17,3,20,85.0
2025-10-23,17,3,20,85.0
2025-10-24,17,3,20,85.0
2025-10-27,17,3,20,85.0
2025-10-28,17,3,20,85.0
2025-10-29,18,2,20,90.0
2025-10-30,17,3,20,85.0
2025-10-31,17,3,20,85.0
2025-11-03,17,3,20,85.0
2025-11-04,17,3,20,85.0
2025-11-05,16,3,19,84.21052631578947
2025-11-06,14,6,20,70.0
2025-11-07,16,4,20,80.0
2025-11-10,17,3,20,85.0
2025-11-11,16,4,20,80.0
2025-11-12,16,4,20,80.0
2025-11-13,17,3,20,85.0
2025-11-14,16,4,20,80.0
2025-11-17,17,3,20,85.0
2025-11-18,16,4,20,80.0
2025-11-19,16,4,20,80.0
2025-11-20,16,4,20,80.0
2025-11-21,16,4,20,80.0
2025-11-24,15,5,20,75.0
2025-11-25,14,6,20,70.0
2025-11-26,15,5,20,75.0
2025-11-27,17,3,20,85.0
2025-11-28,17,3,20,85.0
2025-12-01,16,4,20,80.0
2025-12-02,16,4,20,80.0
2025-12-03,16,4,20,80.0
2025-12-04,16,4,20,80.0
2025-12-05,17,3,20,85.0
2025-12-08,16,4,20,80.0
2025-12-09,15,5,20,75.0
2025-12-10,15,5,20,75.0
2025-12-11,15,5,20,75.0
2025-12-12,15,5,20,75.0
2025-12-15,15,5,20,75.0
2025-12-16,15,5,20,75.0
2025-12-17,15,5,20,75.0
2025-12-18,15,5,20,75.0
2025-12-19,15,5,20,75.0
2025-12-22,15,5,20,75.0
2025-12-23,15,5,20,75.0
2025-12-24,15,5,20,75.0
2025-12-25,13,4,17,76.47058823529412
2025-12-26,14,6,20,70.0
2025-12-29,13,7,20,65.0
2025-12-30,13,7,20,65.0
2025-12-31,14,6,20,70.0
2026-01-01,14,6,20,70.0
2026-01-02,16,4,20,80.0
2026-01-05,16,4,20,80.0
2026-01-06,17,3,20,85.0
2026-01-07,17,3,20,85.0
2026-01-08,12,8,20,60.0
2026-01-09,11,9,20,55.00000000000001
2026-01-12,10,10,20,50.0
2026-01-13,10,10,20,50.0
2026-01-14,10,10,20,50.0
2026-01-15,10,9,19,52.63157894736842
2026-01-16,9,11,20,45.0
2026-01-19,10,10,20,50.0
2026-01-20,9,11,20,45.0
2026-01-21,9,11,20,45.0
2026-01-22,9,11,20,45.0
2026-01-23,9,11,20,45.0
