Price,Close
Ticker,LTIM.NS
Date,
2016-07-21,607.866943359375
2016-07-22,609.958251953125
2016-07-25,603.90234375
2016-07-26,603.1181640625
2016-07-27,601.1575317382812
2016-07-28,592.4439086914062
2016-07-29,602.81298828125
2016-08-01,598.5433349609375
2016-08-02,595.7115478515625
2016-08-03,592.5308227539062
2016-08-04,593.4458618164062
2016-08-05,607.9104614257812
2016-08-08,610.74267578125
2016-08-09,608.47705078125
2016-08-10,601.4625854492188
2016-08-11,596.0601196289062
2016-08-12,597.0620727539062
2016-08-16,594.2301635742188
2016-08-17,591.615966796875
2016-08-18,588.1305541992188
2016-08-19,579.1118774414062
2016-08-22,571.6618041992188
2016-08-23,562.8607788085938
2016-08-24,557.5454711914062
2016-08-25,569.7882080078125
2016-08-26,564.472900390625
2016-08-29,558.46044921875
2016-08-30,567.9148559570312
2016-08-31,568.916748046875
2016-09-01,562.5558471679688
2016-09-02,561.1182250976562
2016-09-06,567.7405395507812
2016-09-07,570.9209594726562
2016-09-08,566.6513671875
2016-09-09,560.3338012695312
2016-09-12,557.4584350585938
2016-09-14,555.0185546875
2016-09-15,553.8856811523438
2016-09-16,553.3194580078125
2016-09-19,557.9376831054688
2016-09-20,556.8048095703125
2016-09-21,557.1098022460938
2016-09-22,556.3692016601562
2016-09-23,556.4127197265625
2016-09-26,556.1077880859375
2016-09-27,555.7156372070312
2016-09-28,556.2384033203125
2016-09-29,535.5870361328125
2016-09-30,538.4625854492188
2016-10-03,542.7757568359375
2016-10-04,538.7239990234375
2016-10-05,536.3711547851562
2016-10-06,535.6741333007812
2016-10-07,533.5828247070312
2016-10-10,532.6679077148438
2016-10-13,527.2218627929688
2016-10-14,530.7073364257812
2016-10-17,539.203125
2016-10-18,541.6865844726562
2016-10-19,542.2528686523438
2016-10-20,543.9085693359375
2016-10-21,543.3856811523438
2016-10-24,545.8690795898438
2016-10-25,565.7363891601562
2016-10-26,566.6077270507812
2016-10-27,563.8193359375
2016-10-28,564.3422241210938
2016-11-01,562.1202392578125
2016-11-02,555.9771118164062
2016-11-03,551.0101928710938
2016-11-04,545.43359375
2016-11-07,546.7841186523438
2016-11-08,550.0952758789062
2016-11-09,547.001953125
2016-11-10,550.0952758789062
2016-11-11,540.3795166015625
2016-11-15,526.001953125
2016-11-16,532.1015014648438
2016-11-17,536.6398315429688
2016-11-18,535.8468627929688
2016-11-21,529.1934204101562
2016-11-22,529.7662963867188
2016-11-23,533.3352661132812
2016-11-24,533.3352661132812
2016-11-25,546.4660034179688
2016-11-28,547.6115112304688
2016-11-29,556.8648071289062
2016-11-30,567.351806640625
2016-12-01,572.8154296875
2016-12-02,572.8154296875
2016-12-05,570.391845703125
2016-12-06,569.2904663085938
2016-12-07,564.6197509765625
2016-12-08,566.7789306640625
2016-12-09,577.0895385742188
2016-12-12,575.8118286132812
2016-12-13,573.9169921875
2016-12-14,585.6376953125
2016-12-15,594.9349365234375
2016-12-16,598.5481567382812
2016-12-19,599.2970581054688
2016-12-20,599.5173950195312
2016-12-21,599.7817993164062
2016-12-22,599.3411865234375
2016-12-23,597.1380004882812
2016-12-26,590.4405517578125
2016-12-27,593.2606201171875
2016-12-28,599.4734497070312
2016-12-29,599.2529296875
2016-12-30,599.2970581054688
2017-01-02,599.5173950195312
2017-01-03,599.3411865234375
2017-01-04,615.1156616210938
2017-01-05,609.4756469726562
2017-01-06,599.2970581054688
2017-01-09,599.9140625
2017-01-10,599.2970581054688
2017-01-11,599.2529296875
2017-01-12,599.3411865234375
2017-01-13,599.2529296875
2017-01-16,599.3411865234375
2017-01-17,599.6497802734375
2017-01-18,608.6384887695312
2017-01-19,603.8355712890625
2017-01-20,597.5787353515625
2017-01-23,586.2105712890625
2017-01-24,599.2970581054688
2017-01-25,605.1575317382812
2017-01-27,605.7303466796875
2017-01-30,597.1821899414062
2017-01-31,589.3389282226562
2017-02-01,586.7833862304688
2017-02-02,603.3068237304688
2017-02-03,606.7877197265625
2017-02-06,608.021728515625
2017-02-07,605.9505004882812
2017-02-08,608.0656127929688
2017-02-09,608.1098022460938
2017-02-10,612.427978515625
2017-02-13,608.5062866210938
2017-02-14,608.2859497070312
2017-02-15,608.0656127929688
2017-02-16,609.0349731445312
2017-02-17,608.8588256835938
2017-02-20,617.67138671875
2017-02-21,627.1888427734375
2017-02-22,628.5548706054688
2017-02-23,627.4533081054688
2017-02-27,626.6159057617188
2017-02-28,626.9244995117188
2017-03-01,626.1753540039062
2017-03-02,617.3187866210938
2017-03-03,616.9222412109375
2017-03-06,617.8035888671875
2017-03-07,618.244140625
2017-03-08,618.332275390625
2017-03-09,618.332275390625
2017-03-10,618.7728271484375
2017-03-14,622.5181884765625
2017-03-15,625.8670654296875
2017-03-16,627.93798828125
2017-03-17,626.7481079101562
2017-03-20,619.3457641601562
2017-03-21,622.0775756835938
2017-03-22,610.7974853515625
2017-03-23,602.954345703125
2017-03-24,608.947021484375
2017-03-27,606.3472290039062
2017-03-28,608.7706298828125
2017-03-29,631.3748168945312
2017-03-30,631.8153686523438
2017-03-31,629.9649658203125
2017-04-03,636.486083984375
2017-04-05,632.8289184570312
2017-04-06,631.6392211914062
2017-04-07,626.4397583007812
2017-04-10,636.7946166992188
2017-04-11,633.0050659179688
2017-04-12,628.7750854492188
2017-04-13,632.3883056640625
2017-04-17,624.9856567382812
2017-04-18,623.5316772460938
2017-04-19,625.514404296875
2017-04-20,633.4898071289062
2017-04-21,639.2620849609375
2017-04-24,638.9094848632812
2017-04-25,637.4996337890625
2017-04-26,631.7273559570312
2017-04-27,628.4667358398438
2017-04-28,625.250244140625
2017-05-02,626.6159057617188
2017-05-03,625.6467895507812
2017-05-04,624.7213745117188
2017-05-05,646.1358032226562
2017-05-08,653.141845703125
2017-05-09,659.5308837890625
2017-05-10,662.1746826171875
2017-05-11,658.8699340820312
2017-05-12,666.0963134765625
2017-05-15,672.5293579101562
2017-05-16,681.3860473632812
2017-05-17,685.5718383789062
2017-05-18,684.4262084960938
2017-05-19,682.3114013671875
2017-05-22,688.39208984375
2017-05-23,681.1216430664062
2017-05-24,683.0603637695312
2017-05-25,694.7810668945312
2017-05-26,701.7870483398438
2017-05-29,683.148681640625
2017-05-30,676.7152709960938
2017-05-31,705.532470703125
2017-06-01,698.041748046875
2017-06-02,690.8155517578125
2017-06-05,689.89013671875
2017-06-06,693.1065673828125
2017-06-07,706.8982543945312
2017-06-08,699.0552978515625
2017-06-09,705.31201171875
2017-06-12,695.3539428710938
2017-06-13,701.8753051757812
2017-06-14,697.5570678710938
2017-06-15,709.7183837890625
2017-06-16,708.4845581054688
2017-06-19,728.3128051757812
2017-06-20,725.1402587890625
2017-06-21,729.8109130859375
2017-06-22,720.8222045898438
2017-06-23,711.040283203125
2017-06-27,690.7713623046875
2017-06-28,696.1029052734375
2017-06-29,692.8423461914062
2017-06-30,695.0895385742188
2017-07-03,696.0590209960938
2017-07-04,691.9609985351562
2017-07-05,703.46142578125
2017-07-06,695.0895385742188
2017-07-07,701.346435546875
2017-07-10,694.0320434570312
2017-07-11,692.09326171875
2017-07-12,693.6795654296875
2017-07-13,692.7542724609375
2017-07-14,687.4666137695312
2017-07-17,681.6502685546875
2017-07-18,692.7100830078125
2017-07-19,696.2351684570312
2017-07-20,691.1239013671875
2017-07-21,677.0679321289062
2017-07-24,673.7190551757812
2017-07-25,678.6983032226562
2017-07-26,678.91845703125
2017-07-27,676.2305908203125
2017-07-28,671.6923217773438
2017-07-31,673.5429077148438
2017-08-01,682.9282836914062
2017-08-02,680.4607543945312
2017-08-03,686.0126953125
2017-08-04,682.9722900390625
2017-08-07,686.8938598632812
2017-08-08,684.7789306640625
2017-08-09,672.7498168945312
2017-08-10,657.7241821289062
2017-08-11,649.9251708984375
2017-08-14,659.0785522460938
2017-08-16,662.3826293945312
2017-08-17,692.74462890625
2017-08-18,690.6013793945312
2017-08-21,671.2680053710938
2017-08-22,663.8114013671875
2017-08-23,661.668212890625
2017-08-24,657.3372192382812
2017-08-28,670.2855834960938
2017-08-29,667.6067504882812
2017-08-30,667.159912109375
2017-08-31,673.455810546875
2017-09-01,677.5189819335938
2017-09-04,679.0817260742188
2017-09-05,680.6444702148438
2017-09-06,689.7529907226562
2017-09-07,690.0655517578125
2017-09-08,693.0569458007812
2017-09-11,686.9847412109375
2017-09-12,682.6536254882812
2017-09-13,684.4843139648438
2017-09-14,684.8414916992188
2017-09-15,675.7327880859375
2017-09-18,675.0184326171875
2017-09-19,686.8507690429688
2017-09-20,687.7438354492188
2017-09-21,697.968505859375
2017-09-22,695.7361450195312
2017-09-25,693.6375732421875
2017-09-26,695.5575561523438
2017-09-27,691.1817626953125
2017-09-28,689.9762573242188
2017-09-29,713.4620971679688
2017-10-03,725.4283447265625
2017-10-04,726.0087890625
2017-10-05,720.3382568359375
2017-10-06,713.9979248046875
2017-10-09,713.6854858398438
2017-10-10,718.06103515625
2017-10-11,718.4183349609375
2017-10-12,723.68701171875
2017-10-13,726.6339721679688
2017-10-16,722.3475341796875
2017-10-17,720.4722290039062
2017-10-18,720.9632568359375
2017-10-19,724.044189453125
2017-10-23,717.4360961914062
2017-10-24,719.4899291992188
2017-10-25,721.5437622070312
2017-10-26,733.4653930664062
2017-10-27,722.1242065429688
2017-10-30,731.85791015625
2017-10-31,741.4130859375
2017-11-01,732.6615600585938
2017-11-02,723.821044921875
2017-11-03,729.2235717773438
2017-11-06,728.1073608398438
2017-11-07,732.5276489257812
2017-11-08,782.8928833007812
2017-11-09,836.1602783203125
2017-11-10,843.3936767578125
2017-11-13,876.4467163085938
2017-11-14,852.6699829101562
2017-11-15,865.63916015625
2017-11-16,866.7197875976562
2017-11-17,869.7368774414062
2017-11-20,871.2681884765625
2017-11-21,885.9933471679688
2017-11-22,894.0088500976562
2017-11-23,902.835205078125
2017-11-24,892.6580200195312
2017-11-27,898.6921997070312
2017-11-28,899.8179931640625
2017-11-29,914.9033813476562
2017-11-30,912.6519165039062
2017-12-01,916.4795532226562
2017-12-04,906.16748046875
2017-12-05,884.5072021484375
2017-12-06,876.3565063476562
2017-12-07,869.5569458007812
2017-12-08,886.7587890625
2017-12-11,884.462158203125
2017-12-12,901.6192016601562
2017-12-13,951.9193725585938
2017-12-14,939.8958129882812
2017-12-15,936.2485961914062
2017-12-18,928.1427612304688
2017-12-19,929.4485473632812
2017-12-20,915.84912109375
2017-12-21,940.0760498046875
2017-12-22,968.17578125
2017-12-26,955.1617431640625
2017-12-27,973.2642211914062
2017-12-28,987.268798828125
2017-12-29,1007.6680908203125
2018-01-01,1031.580078125
2018-01-02,1034.8221435546875
2018-01-03,1013.027099609375
2018-01-04,1018.2056274414062
2018-01-05,998.3466796875
2018-01-08,1006.9476318359375
2018-01-09,998.8424072265625
2018-01-10,1002.3096313476562
2018-01-11,1006.9927978515625
2018-01-12,1012.8917846679688
2018-01-15,1010.7305297851562
2018-01-16,986.2333984375
2018-01-17,1005.0114135742188
2018-01-18,982.6756591796875
2018-01-19,1007.262939453125
2018-01-22,1013.2972412109375
2018-01-23,1050.493408203125
2018-01-24,1080.9344482421875
2018-01-25,1105.8367919921875
2018-01-29,1152.804443359375
2018-01-30,1198.9615478515625
2018-01-31,1146.2750244140625
2018-02-01,1171.3125
2018-02-02,1124.93017578125
2018-02-05,1135.287353515625
2018-02-06,1059.949951171875
2018-02-07,1166.5391845703125
2018-02-08,1249.0364990234375
2018-02-09,1250.4329833984375
2018-02-12,1292.852294921875
2018-02-14,1353.419677734375
2018-02-15,1342.5670166015625
2018-02-16,1326.13037109375
2018-02-19,1263.2215576171875
2018-02-20,1289.9703369140625
2018-02-21,1343.1976318359375
2018-02-22,1294.4283447265625
2018-02-23,1306.5419921875
2018-02-26,1293.52783203125
2018-02-27,1279.7930908203125
2018-02-28,1296.9952392578125
2018-03-01,1266.5089111328125
2018-03-05,1256.692138671875
2018-03-06,1240.07568359375
2018-03-07,1239.7152099609375
2018-03-08,1262.9063720703125
2018-03-09,1219.1357421875
2018-03-12,1244.353515625
2018-03-13,1267.13916015625
2018-03-14,1224.7197265625
2018-03-15,1199.6822509765625
2018-03-16,1191.036376953125
2018-03-19,1161.990966796875
2018-03-20,1202.609619140625
2018-03-21,1220.261474609375
2018-03-22,1212.200927734375
2018-03-23,1215.1729736328125
2018-03-26,1206.5272216796875
2018-03-27,1206.391845703125
2018-03-28,1207.472900390625
2018-04-02,1274.344482421875
2018-04-03,1276.416015625
2018-04-04,1274.1641845703125
2018-04-05,1255.47607421875
2018-04-06,1260.1595458984375
2018-04-09,1261.6903076171875
2018-04-10,1261.6453857421875
2018-04-11,1257.863037109375
2018-04-12,1256.19677734375
2018-04-13,1258.8536376953125
2018-04-16,1254.3504638671875
2018-04-17,1248.94677734375
2018-04-18,1248.0457763671875
2018-04-19,1253.81005859375
2018-04-20,1259.9793701171875
2018-04-23,1380.888916015625
2018-04-24,1387.0130615234375
2018-04-25,1553.3140869140625
2018-04-26,1495.133544921875
2018-04-27,1434.6112060546875
2018-04-30,1413.0413818359375
2018-05-02,1374.899658203125
2018-05-03,1342.9271240234375
2018-05-04,1341.216064453125
2018-05-07,1357.7425537109375
2018-05-08,1357.6524658203125
2018-05-09,1392.0115966796875
2018-05-10,1424.8843994140625
2018-05-11,1457.0819091796875
2018-05-14,1473.0230712890625
2018-05-15,1450.372314453125
2018-05-16,1432.2694091796875
2018-05-17,1410.3392333984375
2018-05-18,1382.7349853515625
2018-05-21,1376.25048828125
2018-05-22,1358.64306640625
2018-05-23,1436.0072021484375
2018-05-24,1518.1444091796875
2018-05-25,1528.7718505859375
2018-05-28,1495.44873046875
2018-05-29,1511.389892578125
2018-05-30,1515.307373046875
2018-05-31,1567.7239990234375
2018-06-01,1515.2174072265625
2018-06-04,1488.8291015625
2018-06-05,1450.282470703125
2018-06-06,1467.2138671875
2018-06-07,1518.2796630859375
2018-06-08,1498.781005859375
2018-06-11,1504.9503173828125
2018-06-12,1506.12109375
2018-06-13,1489.50439453125
2018-06-14,1505.7158203125
2018-06-15,1536.1571044921875
2018-06-18,1517.5592041015625
2018-06-19,1522.9630126953125
2018-06-20,1504.9952392578125
2018-06-21,1518.8199462890625
2018-06-22,1507.0216064453125
2018-06-25,1496.9798583984375
2018-06-26,1471.4468994140625
2018-06-27,1493.377197265625
2018-06-28,1478.5618896484375
2018-06-29,1505.310546875
2018-07-02,1485.7669677734375
2018-07-03,1485.9921875
2018-07-04,1483.02001953125
2018-07-05,1484.4161376953125
2018-07-06,1502.203369140625
2018-07-09,1516.9736328125
2018-07-10,1548.946044921875
2018-07-11,1612.980712890625
2018-07-12,1665.757568359375
2018-07-13,1662.3350830078125
2018-07-16,1652.2032470703125
2018-07-17,1666.5679931640625
2018-07-18,1674.44873046875
2018-07-19,1550.657470703125
2018-07-20,1576.955322265625
2018-07-23,1550.162109375
2018-07-24,1623.563232421875
2018-07-25,1625.18408203125
2018-07-26,1630.092529296875
2018-07-27,1654.0943603515625
2018-07-30,1642.296142578125
2018-07-31,1686.787353515625
2018-08-01,1630.36279296875
2018-08-02,1575.9649658203125
2018-08-03,1516.70361328125
2018-08-06,1560.56396484375
2018-08-07,1523.6832275390625
2018-08-08,1541.7412109375
2018-08-09,1531.15869140625
2018-08-10,1539.669677734375
2018-08-13,1553.0439453125
2018-08-14,1620.080322265625
2018-08-16,1636.2376708984375
2018-08-17,1677.176513671875
2018-08-20,1707.2227783203125
2018-08-21,1724.2427978515625
2018-08-23,1721.9735107421875
2018-08-24,1670.640869140625
2018-08-27,1687.8426513671875
2018-08-28,1682.5323486328125
2018-08-29,1626.9788818359375
2018-08-30,1633.605712890625
2018-08-31,1631.8804931640625
2018-09-03,1609.550537109375
2018-09-04,1684.6199951171875
2018-09-05,1697.9638671875
2018-09-06,1707.2227783203125
2018-09-07,1783.790283203125
2018-09-10,1741.6710205078125
2018-09-11,1714.8477783203125
2018-09-12,1706.088134765625
2018-09-14,1706.3602294921875
2018-09-17,1693.3341064453125
2018-09-18,1676.541748046875
2018-09-19,1667.4185791015625
2018-09-21,1685.70947265625
2018-09-24,1723.017333984375
2018-09-25,1707.903564453125
2018-09-26,1699.597900390625
2018-09-27,1699.0982666015625
2018-09-28,1740.128173828125
2018-10-01,1754.9241943359375
2018-10-03,1733.5467529296875
2018-10-04,1693.4251708984375
2018-10-05,1642.4105224609375
2018-10-08,1611.7744140625
2018-10-09,1572.151611328125
2018-10-10,1629.2481689453125
2018-10-11,1556.8111572265625
2018-10-12,1601.51708984375
2018-10-15,1636.2376708984375
2018-10-16,1649.263916015625
2018-10-17,1663.37939453125
2018-10-19,1582.0008544921875
2018-10-22,1553.08935546875
2018-10-23,1540.4263916015625
2018-10-24,1505.4332275390625
2018-10-25,1487.7779541015625
2018-10-26,1503.61767578125
2018-10-29,1538.8377685546875
2018-10-30,1533.9814453125
2018-10-31,1615.4176025390625
2018-11-01,1614.5946044921875
2018-11-02,1557.255126953125
2018-11-05,1540.474609375
2018-11-06,1543.90380859375
2018-11-07,1577.3287353515625
2018-11-09,1572.48193359375
2018-11-12,1563.6571044921875
2018-11-13,1557.6214599609375
2018-11-14,1524.8822021484375
2018-11-15,1494.4752197265625
2018-11-16,1497.401611328125
2018-11-19,1500.008056640625
2018-11-20,1450.2591552734375
2018-11-21,1392.3712158203125
2018-11-22,1410.3414306640625
2018-11-26,1437.7762451171875
2018-11-27,1452.2249755859375
2018-11-28,1492.4632568359375
2018-11-29,1454.374267578125
2018-11-30,1435.535400390625
2018-12-03,1438.7822265625
2018-12-04,1440.7939453125
2018-12-05,1413.8162841796875
2018-12-06,1381.2142333984375
2018-12-07,1367.451171875
2018-12-10,1350.0299072265625
2018-12-11,1396.0294189453125
2018-12-12,1484.7813720703125
2018-12-13,1599.0023193359375
2018-12-14,1655.15283203125
2018-12-17,1591.59521484375
2018-12-18,1552.7744140625
2018-12-19,1546.144287109375
2018-12-20,1564.02294921875
2018-12-21,1532.2896728515625
2018-12-24,1550.07666015625
2018-12-26,1534.347412109375
2018-12-27,1535.353271484375
2018-12-28,1582.9986572265625
2018-12-31,1583.181640625
2019-01-01,1566.9490966796875
2019-01-02,1585.33056640625
2019-01-03,1589.5372314453125
2019-01-04,1548.4305419921875
2019-01-07,1563.519775390625
2019-01-08,1543.858154296875
2019-01-09,1605.541015625
2019-01-10,1636.86279296875
2019-01-11,1583.181640625
2019-01-14,1581.3524169921875
2019-01-15,1583.6845703125
2019-01-16,1617.7039794921875
2019-01-17,1628.5408935546875
2019-01-18,1652.7291259765625
2019-01-21,1627.6260986328125
2019-01-22,1625.7972412109375
2019-01-23,1606.72998046875
2019-01-24,1597.6304931640625
2019-01-25,1566.9490966796875
2019-01-28,1557.1182861328125
2019-01-29,1564.5257568359375
2019-01-30,1583.7757568359375
2019-01-31,1610.29638671875
2019-02-01,1617.5211181640625
2019-02-04,1604.672119140625
2019-02-05,1659.6336669921875
2019-02-06,1690.955322265625
2019-02-07,1711.1658935546875
2019-02-08,1683.2738037109375
2019-02-11,1641.6180419921875
2019-02-12,1635.1710205078125
2019-02-14,1617.88671875
2019-02-15,1628.7694091796875
2019-02-18,1598.5452880859375
2019-02-19,1589.5828857421875
2019-02-20,1587.1138916015625
2019-02-21,1578.0147705078125
2019-02-22,1568.50390625
2019-02-25,1558.627197265625
2019-02-26,1554.1005859375
2019-02-27,1578.2890625
2019-02-28,1572.52783203125
2019-03-01,1564.754638671875
2019-03-05,1528.95166015625
2019-03-06,1508.832763671875
2019-03-07,1500.14501953125
2019-03-08,1507.4610595703125
2019-03-11,1506.6378173828125
2019-03-12,1491.0
2019-03-13,1492.9661865234375
2019-03-14,1514.365234375
2019-03-15,1480.254638671875
2019-03-18,1433.93505859375
2019-03-19,1495.709716796875
2019-03-20,1518.9378662109375
2019-03-22,1519.5322265625
2019-03-25,1523.1904296875
2019-03-26,1525.293701171875
2019-03-27,1528.12890625
2019-03-28,1530.14013671875
2019-04-01,1568.686767578125
2019-04-02,1568.7325439453125
2019-04-03,1557.6214599609375
2019-04-04,1528.5401611328125
2019-04-05,1511.1644287109375
2019-04-08,1503.7113037109375
2019-04-09,1518.023193359375
2019-04-10,1507.1409912109375
2019-04-11,1516.7889404296875
2019-04-12,1505.2659912109375
2019-04-15,1483.9586181640625
2019-04-16,1491.8231201171875
2019-04-18,1509.1068115234375
2019-04-22,1524.9737548828125
2019-04-23,1541.754638671875
2019-04-24,1553.1861572265625
2019-04-25,1564.47998046875
2019-04-26,1563.6571044921875
2019-04-30,1570.0584716796875
2019-05-02,1574.082275390625
2019-05-03,1536.313232421875
2019-05-06,1555.426513671875
2019-05-07,1568.7783203125
2019-05-08,1551.082763671875
2019-05-09,1540.2001953125
2019-05-10,1552.3170166015625
2019-05-13,1564.06884765625
2019-05-14,1570.5616455078125
2019-05-15,1607.781494140625
2019-05-16,1649.0711669921875
2019-05-17,1635.30810546875
2019-05-20,1609.1534423828125
2019-05-21,1626.254638671875
2019-05-22,1628.906494140625
2019-05-23,1609.473388671875
2019-05-24,1605.2664794921875
2019-05-27,1581.4898681640625
2019-05-28,1630.7811279296875
2019-05-29,1669.8304443359375
2019-05-30,1668.7330322265625
2019-05-31,1632.42724609375
2019-06-03,1635.3536376953125
2019-06-04,1623.4193115234375
2019-06-06,1628.63232421875
2019-06-07,1650.8087158203125
2019-06-10,1643.7213134765625
2019-06-11,1647.882080078125
2019-06-12,1636.4510498046875
2019-06-13,1608.9705810546875
2019-06-14,1620.7218017578125
2019-06-17,1616.149169921875
2019-06-18,1596.99072265625
2019-06-19,1585.8336181640625
2019-06-20,1585.9251708984375
2019-06-21,1555.3350830078125
2019-06-24,1565.851806640625
2019-06-25,1575.3626708984375
2019-06-26,1638.8287353515625
2019-06-27,1662.7889404296875
2019-06-28,1673.0311279296875
2019-07-01,1683.822265625
2019-07-02,1613.817138671875
2019-07-03,1586.8397216796875
2019-07-04,1514.228271484375
2019-07-05,1523.28173828125
2019-07-08,1492.4632568359375
2019-07-09,1463.793701171875
2019-07-10,1454.923095703125
2019-07-11,1453.21435546875
2019-07-12,1478.287353515625
2019-07-15,1469.1448974609375
2019-07-16,1522.384521484375
2019-07-17,1494.771728515625
2019-07-18,1455.66162109375
2019-07-19,1400.0211181640625
2019-07-22,1365.57470703125
2019-07-23,1358.417724609375
2019-07-24,1419.5992431640625
2019-07-25,1410.1334228515625
2019-07-26,1382.9364013671875
2019-07-29,1407.963134765625
2019-07-30,1395.5421142578125
2019-07-31,1397.8045654296875
2019-08-01,1391.848388671875
2019-08-02,1399.0511474609375
2019-08-05,1421.7696533203125
2019-08-06,1458.3861083984375
2019-08-07,1477.91796875
2019-08-08,1499.112060546875
2019-08-09,1510.42529296875
2019-08-13,1462.4957275390625
2019-08-14,1501.9288330078125
2019-08-16,1459.9100341796875
2019-08-19,1471.63818359375
2019-08-20,1491.2626953125
2019-08-21,1476.6251220703125
2019-08-22,1475.6553955078125
2019-08-23,1477.8720703125
2019-08-26,1487.5687255859375
2019-08-27,1517.813232421875
2019-08-28,1514.39599609375
2019-08-29,1506.6849365234375
2019-08-30,1502.0211181640625
2019-09-03,1486.044921875
2019-09-04,1521.04541015625
2019-09-05,1538.1298828125
2019-09-06,1564.264892578125
2019-09-09,1547.411376953125
2019-09-11,1513.05712890625
2019-09-12,1483.874755859375
2019-09-13,1483.9207763671875
2019-09-16,1479.8111572265625
2019-09-17,1502.3446044921875
2019-09-18,1464.3887939453125
2019-09-19,1437.9766845703125
2019-09-20,1408.65576171875
2019-09-23,1357.6326904296875
2019-09-24,1364.09716796875
2019-09-25,1379.8427734375
2019-09-26,1392.8641357421875
2019-09-27,1404.1767578125
2019-09-30,1395.6346435546875
2019-10-01,1390.37060546875
2019-10-03,1389.908935546875
2019-10-04,1392.5867919921875
2019-10-07,1366.7291259765625
2019-10-09,1385.3377685546875
2019-10-10,1361.095703125
2019-10-11,1363.4508056640625
2019-10-14,1368.622314453125
2019-10-15,1377.533935546875
2019-10-16,1411.2874755859375
2019-10-17,1384.4603271484375
2019-10-18,1487.3839111328125
2019-10-22,1487.5224609375
2019-10-23,1519.475341796875
2019-10-24,1543.9957275390625
2019-10-25,1556.9307861328125
2019-10-27,1552.464111328125
2019-10-29,1580.054931640625
2019-10-30,1578.7060546875
2019-10-31,1602.295654296875
2019-11-01,1567.5390625
2019-11-04,1544.0889892578125
2019-11-05,1551.579833984375
2019-11-06,1530.92138671875
2019-11-07,1552.184814453125
2019-11-08,1537.8541259765625
2019-11-11,1516.264892578125
2019-11-13,1535.4813232421875
2019-11-14,1517.1956787109375
2019-11-15,1573.401611328125
2019-11-18,1587.6392822265625
2019-11-19,1575.774658203125
2019-11-20,1608.3912353515625
2019-11-21,1574.3321533203125
2019-11-22,1570.14501953125
2019-11-25,1554.8369140625
2019-11-26,1562.5140380859375
2019-11-27,1545.06591796875
2019-11-28,1548.6021728515625
2019-11-29,1572.33154296875
2019-12-02,1523.011474609375
2019-12-03,1505.0517578125
2019-12-04,1555.9537353515625
2019-12-05,1529.4324951171875
2019-12-06,1540.9710693359375
2019-12-09,1530.92138671875
2019-12-10,1534.969482421875
2019-12-11,1521.0107421875
2019-12-12,1517.5211181640625
2019-12-13,1526.2685546875
2019-12-16,1525.9427490234375
2019-12-17,1534.5040283203125
2019-12-18,1534.5970458984375
2019-12-19,1557.442626953125
2019-12-20,1594.2930908203125
2019-12-23,1634.2142333984375
2019-12-24,1647.241943359375
2019-12-26,1647.241943359375
2019-12-27,1637.7969970703125
2019-12-30,1652.5928955078125
2019-12-31,1628.95654296875
2020-01-01,1658.362548828125
2020-01-02,1695.0736083984375
2020-01-03,1686.6981201171875
2020-01-06,1693.1190185546875
2020-01-07,1705.8212890625
2020-01-08,1683.674072265625
2020-01-09,1690.4669189453125
2020-01-10,1694.0032958984375
2020-01-13,1700.098388671875
2020-01-14,1747.5572509765625
2020-01-15,1799.3433837890625
2020-01-16,1769.565185546875
2020-01-17,1770.2630615234375
2020-01-20,1764.2608642578125
2020-01-21,1776.2186279296875
2020-01-22,1790.54931640625
2020-01-23,1800.9716796875
2020-01-24,1824.654541015625
2020-01-27,1812.7899169921875
2020-01-28,1812.8365478515625
2020-01-29,1822.42138671875
2020-01-30,1814.4180908203125
2020-01-31,1805.53173828125
2020-02-03,1820.420654296875
2020-02-04,1805.9036865234375
2020-02-05,1791.0611572265625
2020-02-06,1780.964599609375
2020-02-07,1809.626220703125
2020-02-10,1814.79052734375
2020-02-11,1857.8294677734375
2020-02-12,1878.6275634765625
2020-02-13,1880.023681640625
2020-02-14,1891.3760986328125
2020-02-17,1852.5716552734375
2020-02-18,1826.329833984375
2020-02-19,1829.400634765625
2020-02-20,1866.669677734375
2020-02-24,1860.4349365234375
2020-02-25,1858.85302734375
2020-02-26,1859.644287109375
2020-02-27,1848.2908935546875
2020-02-28,1777.5216064453125
2020-03-02,1774.3575439453125
2020-03-03,1824.93359375
2020-03-04,1765.889404296875
2020-03-05,1760.81787109375
2020-03-06,1765.749755859375
2020-03-09,1740.950439453125
2020-03-11,1649.3360595703125
2020-03-12,1498.5841064453125
2020-03-13,1507.8433837890625
2020-03-16,1421.2542724609375
2020-03-17,1387.1490478515625
2020-03-18,1280.8780517578125
2020-03-19,1267.4315185546875
2020-03-20,1406.504638671875
2020-03-23,1203.3154296875
2020-03-24,1290.323486328125
2020-03-25,1323.0794677734375
2020-03-26,1329.0814208984375
2020-03-27,1297.06982421875
2020-03-30,1250.634765625
2020-03-31,1329.639892578125
2020-04-01,1295.5814208984375
2020-04-03,1260.12646484375
2020-04-07,1272.223876953125
2020-04-08,1261.3828125
2020-04-09,1301.536865234375
2020-04-13,1302.0950927734375
2020-04-15,1368.39794921875
2020-04-16,1365.931884765625
2020-04-17,1344.3892822265625
2020-04-20,1388.498291015625
2020-04-21,1349.228271484375
2020-04-22,1319.9619140625
2020-04-23,1357.8360595703125
2020-04-24,1334.24609375
2020-04-27,1349.92626953125
2020-04-28,1364.07080078125
2020-04-29,1363.3262939453125
2020-04-30,1482.3458251953125
2020-05-04,1438.0509033203125
2020-05-05,1428.7918701171875
2020-05-06,1429.4429931640625
2020-05-07,1482.625
2020-05-08,1474.6221923828125
2020-05-11,1502.1204833984375
2020-05-12,1533.899169921875
2020-05-13,1541.436767578125
2020-05-14,1533.80615234375
2020-05-15,1531.5262451171875
2020-05-18,1531.3868408203125
2020-05-19,1554.1856689453125
2020-05-20,1660.1304931640625
2020-05-21,1660.9678955078125
2020-05-22,1662.596435546875
2020-05-26,1663.1549072265625
2020-05-27,1669.62255859375
2020-05-28,1668.8778076171875
2020-05-29,1673.9493408203125
2020-06-01,1714.9873046875
2020-06-02,1729.50439453125
2020-06-03,1720.012451171875
2020-06-04,1732.0169677734375
2020-06-05,1728.2945556640625
2020-06-08,1740.1591796875
2020-06-09,1754.489990234375
2020-06-10,1756.4442138671875
2020-06-11,1740.5313720703125
2020-06-12,1721.5479736328125
2020-06-15,1731.225830078125
2020-06-16,1745.789306640625
2020-06-17,1751.6982421875
2020-06-18,1747.417724609375
2020-06-19,1740.0196533203125
2020-06-22,1747.1385498046875
2020-06-23,1754.3968505859375
2020-06-24,1792.643310546875
2020-06-25,1761.3760986328125
2020-06-26,1794.7833251953125
2020-06-29,1801.9954833984375
2020-06-30,1821.9560546875
2020-07-01,1802.8795166015625
2020-07-02,1826.46923828125
2020-07-03,1840.8929443359375
2020-07-06,1861.5516357421875
2020-07-07,1869.6009521484375
2020-07-08,1911.150634765625
2020-07-09,1952.1724853515625
2020-07-10,1978.09814453125
2020-07-13,2059.11083984375
2020-07-14,2100.8828125
2020-07-15,2054.1884765625
2020-07-16,2148.32763671875
2020-07-17,2122.823486328125
2020-07-20,2109.415283203125
2020-07-21,2137.49755859375
2020-07-22,2185.317626953125
2020-07-23,2120.901611328125
2020-07-24,2132.574951171875
2020-07-27,2275.6591796875
2020-07-28,2265.063720703125
2020-07-29,2250.764404296875
2020-07-30,2237.6845703125
2020-07-31,2266.095458984375
2020-08-03,2335.387451171875
2020-08-04,2295.865478515625
2020-08-05,2343.919921875
2020-08-06,2314.99365234375
2020-08-07,2313.72802734375
2020-08-10,2362.203857421875
2020-08-11,2359.53173828125
2020-08-12,2340.966064453125
2020-08-13,2317.712646484375
2020-08-14,2287.8486328125
2020-08-17,2288.692626953125
2020-08-18,2271.112060546875
2020-08-19,2236.5595703125
2020-08-20,2225.589599609375
2020-08-21,2219.916748046875
2020-08-24,2194.45947265625
2020-08-25,2197.13232421875
2020-08-26,2317.525146484375
2020-08-27,2341.154296875
2020-08-28,2362.4853515625
2020-08-31,2305.0546875
2020-09-01,2317.525146484375
2020-09-02,2324.604736328125
2020-09-03,2333.09033203125
2020-09-04,2324.0419921875
2020-09-07,2259.72021484375
2020-09-08,2333.18408203125
2020-09-09,2302.382568359375
2020-09-10,2318.556884765625
2020-09-11,2343.544677734375
2020-09-14,2486.347412109375
2020-09-15,2523.009765625
2020-09-16,2529.385986328125
2020-09-17,2567.21923828125
2020-09-18,2538.105712890625
2020-09-21,2491.364013671875
2020-09-22,2418.978515625
2020-09-23,2295.771484375
2020-09-24,2263.84521484375
2020-09-25,2319.447509765625
2020-09-28,2377.909423828125
2020-09-29,2345.513427734375
2020-09-30,2384.942138671875
2020-10-01,2369.657958984375
2020-10-05,2420.150634765625
2020-10-06,2514.008544921875
2020-10-07,2500.78759765625
2020-10-08,2682.971435546875
2020-10-09,2744.715087890625
2020-10-12,3072.375
2020-10-13,3047.10498046875
2020-10-14,3122.86669921875
2020-10-15,3090.89306640625
2020-10-16,2883.392333984375
2020-10-19,2827.2275390625
2020-10-20,2779.92333984375
2020-10-21,2906.552490234375
2020-10-22,2861.686767578125
2020-10-23,2870.265869140625
2020-10-26,2812.178955078125
2020-10-27,2731.654541015625
2020-10-28,2722.654541015625
2020-10-29,2764.118408203125
2020-10-30,2750.265625
2020-11-02,2688.6357421875
2020-11-03,2767.0869140625
2020-11-04,2863.867431640625
2020-11-05,2995.749755859375
2020-11-06,2985.619384765625
2020-11-09,3090.503662109375
2020-11-10,2849.49609375
2020-11-11,2808.267578125
2020-11-12,2811.3310546875
2020-11-13,2847.846923828125
2020-11-14,2862.736328125
2020-11-17,2825.135986328125
2020-11-18,2843.605712890625
2020-11-19,2811.0478515625
2020-11-20,2913.387939453125
2020-11-23,3075.9912109375
2020-11-24,3143.65234375
2020-11-25,2929.218994140625
2020-11-26,2910.84326171875
2020-11-27,3015.963134765625
2020-12-01,3160.143798828125
2020-12-02,3198.120361328125
2020-12-03,3110.386962890625
2020-12-04,3076.93310546875
2020-12-07,3082.399169921875
2020-12-08,3073.447021484375
2020-12-09,3077.59326171875
2020-12-10,3063.97607421875
2020-12-11,3080.231689453125
2020-12-14,3048.474365234375
2020-12-15,3075.048828125
2020-12-16,3099.36181640625
2020-12-17,3115.428955078125
2020-12-18,3162.923828125
2020-12-21,3199.722412109375
2020-12-22,3367.037841796875
2020-12-23,3463.111328125
2020-12-24,3416.605712890625
2020-12-28,3430.8828125
2020-12-29,3401.857666015625
2020-12-30,3450.1064453125
2020-12-31,3448.551513671875
2021-01-01,3486.057861328125
2021-01-04,3623.688720703125
2021-01-05,3891.317626953125
2021-01-06,3728.80859375
2021-01-07,3659.07373046875
2021-01-08,3856.30908203125
2021-01-11,4000.442626953125
2021-01-12,4038.13720703125
2021-01-13,4148.67529296875
2021-01-14,4137.6025390625
2021-01-15,4040.68115234375
2021-01-18,3777.763916015625
2021-01-19,3855.508056640625
2021-01-20,3855.13134765625
2021-01-21,3749.964111328125
2021-01-22,3702.940673828125
2021-01-25,3669.39306640625
2021-01-27,3793.737060546875
2021-01-28,3741.9541015625
2021-01-29,3735.404541015625
2021-02-01,3710.66796875
2021-02-02,3805.751708984375
2021-02-03,4057.314697265625
2021-02-04,4055.617431640625
2021-02-05,3886.888671875
2021-02-08,3865.449951171875
2021-02-09,3833.3154296875
2021-02-10,3769.32958984375
2021-02-11,3794.25537109375
2021-02-12,3807.023681640625
2021-02-15,3799.767578125
2021-02-16,3717.546875
2021-02-17,3652.4775390625
2021-02-18,3648.14306640625
2021-02-19,3600.412353515625
2021-02-22,3575.01611328125
2021-02-23,3538.122802734375
2021-02-24,3504.38671875
2021-02-25,3445.724853515625
2021-02-26,3392.340576171875
2021-03-01,3400.067138671875
2021-03-02,3611.862060546875
2021-03-03,3685.695556640625
2021-03-04,3698.46435546875
2021-03-05,3623.500244140625
2021-03-08,3643.3369140625
2021-03-09,3671.889892578125
2021-03-10,3890.940673828125
2021-03-12,3784.548828125
2021-03-15,3851.738525390625
2021-03-16,3878.6904296875
2021-03-17,3814.939208984375
2021-03-18,3776.4443359375
2021-03-19,3840.19482421875
2021-03-22,3857.1572265625
2021-03-23,3801.934814453125
2021-03-24,3743.22607421875
2021-03-25,3616.4794921875
2021-03-26,3719.715087890625
2021-03-30,3923.02783203125
2021-03-31,3820.593505859375
2021-04-01,3875.721435546875
2021-04-05,4023.388671875
2021-04-06,4012.12744140625
2021-04-07,4050.669921875
2021-04-08,4076.678466796875
2021-04-09,4126.19970703125
2021-04-12,4012.316650390625
2021-04-13,3871.43408203125
2021-04-15,3812.01806640625
2021-04-16,3854.141845703125
2021-04-19,3829.1220703125
2021-04-20,3740.446533203125
2021-04-22,3689.559326171875
2021-04-23,3676.177734375
2021-04-26,3707.275390625
2021-04-27,3684.328857421875
2021-04-28,3666.566162109375
2021-04-29,3629.012939453125
2021-04-30,3666.000244140625
2021-05-03,3697.428466796875
2021-05-04,3624.677978515625
2021-05-05,3689.46484375
2021-05-06,3592.5908203125
2021-05-07,3551.36279296875
2021-05-10,3454.15869140625
2021-05-11,3410.2451171875
2021-05-12,3450.90771484375
2021-05-14,3390.9267578125
2021-05-17,3377.073974609375
2021-05-18,3425.841064453125
2021-05-19,3531.66748046875
2021-05-20,3461.980712890625
2021-05-21,3444.92333984375
2021-05-24,3453.02783203125
2021-05-25,3493.784912109375
2021-05-26,3580.8115234375
2021-05-27,3698.087646484375
2021-05-28,3703.8828125
2021-05-31,3715.144287109375
2021-06-01,3666.37744140625
2021-06-02,3617.18603515625
2021-06-03,3616.291259765625
2021-06-04,3634.290283203125
2021-06-07,3665.576416015625
2021-06-08,3770.554931640625
2021-06-09,3709.58447265625
2021-06-10,3802.26513671875
2021-06-11,3933.2529296875
2021-06-14,3927.07958984375
2021-06-15,3913.93408203125
2021-06-16,3966.84716796875
2021-06-17,3929.812744140625
2021-06-18,3837.7451171875
2021-06-21,3843.728759765625
2021-06-22,3873.8369140625
2021-06-23,3881.4697265625
2021-06-24,3943.713134765625
2021-06-25,3972.45458984375
2021-06-28,3884.5322265625
2021-06-29,3895.841064453125
2021-06-30,3836.61376953125
2021-07-01,3808.642578125
2021-07-02,3833.3427734375
2021-07-05,3836.946044921875
2021-07-06,3812.861572265625
2021-07-07,3825.7099609375
2021-07-08,3833.010986328125
2021-07-09,3844.009765625
2021-07-12,3826.326171875
2021-07-13,3809.638427734375
2021-07-14,3996.334228515625
2021-07-15,4191.18505859375
2021-07-16,4066.357177734375
2021-07-19,4152.64111328125
2021-07-20,4131.7822265625
2021-07-22,4177.81494140625
2021-07-23,4135.19482421875
2021-07-26,4125.90283203125
2021-07-27,4124.00634765625
2021-07-28,4131.4970703125
2021-07-29,4399.2158203125
2021-07-30,4451.1923828125
2021-08-02,4468.392578125
2021-08-03,4485.353515625
2021-08-04,4461.21826171875
2021-08-05,4470.52978515625
2021-08-06,4525.50048828125
2021-08-09,4512.0078125
2021-08-10,4550.6337890625
2021-08-11,4517.755859375
2021-08-12,4634.30126953125
2021-08-13,4620.47607421875
2021-08-16,4537.14111328125
2021-08-17,4712.0302734375
2021-08-18,4733.83740234375
2021-08-20,4673.45068359375
2021-08-23,4801.58935546875
2021-08-24,4734.35986328125
2021-08-25,4834.65673828125
2021-08-26,4881.97802734375
2021-08-27,4973.10498046875
2021-08-30,5010.49658203125
2021-08-31,5048.03076171875
2021-09-01,5017.76513671875
2021-09-02,5120.76953125
2021-09-03,5189.42431640625
2021-09-06,5173.1279296875
2021-09-07,5135.783203125
2021-09-08,5129.60693359375
2021-09-09,5164.05224609375
2021-09-13,5215.74560546875
2021-09-14,5302.6435546875
2021-09-15,5368.63671875
2021-09-16,5389.96923828125
2021-09-17,5430.7822265625
2021-09-20,5271.33349609375
2021-09-21,5454.06103515625
2021-09-22,5557.208984375
2021-09-23,5736.2314453125
2021-09-24,5921.19384765625
2021-09-27,5682.54345703125
2021-09-28,5484.08935546875
2021-09-29,5458.669921875
2021-09-30,5478.19775390625
2021-10-01,5464.56103515625
2021-10-04,5452.541015625
2021-10-05,5478.43505859375
2021-10-06,5405.6953125
2021-10-07,5490.0283203125
2021-10-08,5685.7275390625
2021-10-11,5586.52294921875
2021-10-12,5534.0712890625
2021-10-13,5655.12939453125
2021-10-14,5795.33544921875
2021-10-18,5611.89453125
2021-10-19,6513.94482421875
2021-10-20,6594.71337890625
2021-10-21,6322.1416015625
2021-10-22,6217.8056640625
2021-10-25,6106.32666015625
2021-10-26,6196.99609375
2021-10-27,6341.6669921875
2021-10-28,6371.00146484375
2021-10-29,6364.2861328125
2021-11-01,6478.43310546875
2021-11-02,6431.52685546875
2021-11-03,6415.4794921875
2021-11-04,6443.05029296875
2021-11-08,6502.9580078125
2021-11-09,6514.1484375
2021-11-10,6510.48095703125
2021-11-11,6618.05615234375
2021-11-12,6898.54150390625
2021-11-15,6854.82568359375
2021-11-16,6944.30419921875
2021-11-17,7045.021484375
2021-11-18,6807.49072265625
2021-11-22,6504.57666015625
2021-11-23,6597.67431640625
2021-11-24,6427.8603515625
2021-11-25,6523.81494140625
2021-11-26,6331.9052734375
2021-11-29,6427.38330078125
2021-11-30,6485.6240234375
2021-12-01,6583.24609375
2021-12-02,6618.05615234375
2021-12-03,6522.91064453125
2021-12-06,6244.044921875
2021-12-07,6244.3779296875
2021-12-08,6331.4287109375
2021-12-09,6291.71337890625
2021-12-10,6298.4755859375
2021-12-13,6448.38525390625
2021-12-14,6352.61962890625
2021-12-15,6357.95263671875
2021-12-16,6514.0537109375
2021-12-17,6646.2001953125
2021-12-20,6415.4794921875
2021-12-21,6644.4384765625
2021-12-22,6786.87109375
2021-12-23,6698.7734375
2021-12-24,6825.490234375
2021-12-27,6839.4912109375
2021-12-28,6925.87451171875
2021-12-29,6917.4462890625
2021-12-30,6945.447265625
2021-12-31,6983.0673828125
2022-01-03,7174.35888671875
2022-01-04,7201.88330078125
2022-01-05,6968.8759765625
2022-01-06,6849.01513671875
2022-01-07,6862.53955078125
2022-01-10,6765.48876953125
2022-01-11,6832.72900390625
2022-01-12,6829.49169921875
2022-01-13,6793.15673828125
2022-01-14,6741.48828125
2022-01-17,6764.96533203125
2022-01-18,6542.57763671875
2022-01-19,6378.3349609375
2022-01-20,6292.04638671875
2022-01-21,6089.51708984375
2022-01-24,5685.02783203125
2022-01-25,5746.98193359375
2022-01-27,5472.26025390625
2022-01-28,5630.21630859375
2022-01-31,5971.94140625
2022-02-01,5995.79931640625
2022-02-02,6092.326171875
2022-02-03,5903.32080078125
2022-02-04,5983.03662109375
2022-02-07,5836.0322265625
2022-02-08,5851.55712890625
2022-02-09,5991.3232421875
2022-02-10,6016.75244140625
2022-02-11,5714.314453125
2022-02-14,5605.26416015625
2022-02-15,5812.22216796875
2022-02-16,5717.21923828125
2022-02-17,5651.7890625
2022-02-18,5581.73974609375
2022-02-21,5582.3583984375
2022-02-22,5705.93408203125
2022-02-23,5630.45458984375
2022-02-24,5334.39892578125
2022-02-25,5443.306640625
2022-02-28,5571.4052734375
2022-03-02,5582.3583984375
2022-03-03,5730.1728515625
2022-03-04,5817.93798828125
2022-03-07,5917.08251953125
2022-03-08,6131.375
2022-03-09,6071.18310546875
2022-03-10,5986.4658203125
2022-03-11,5927.98828125
2022-03-14,5973.8466796875
2022-03-15,5750.4580078125
2022-03-16,5738.93408203125
2022-03-17,5822.89013671875
2022-03-21,5707.21875
2022-03-22,5826.4130859375
2022-03-23,5783.79345703125
2022-03-24,5883.3671875
2022-03-25,5888.98681640625
2022-03-28,5782.45947265625
2022-03-29,5737.5537109375
2022-03-30,6010.03759765625
2022-03-31,5862.4619140625
2022-04-01,5879.701171875
2022-04-04,6000.51416015625
2022-04-05,6035.99169921875
2022-04-06,6024.46728515625
2022-04-07,5910.892578125
2022-04-08,5860.36669921875
2022-04-11,5771.3642578125
2022-04-12,5629.26416015625
2022-04-13,5751.41064453125
2022-04-18,5594.12060546875
2022-04-19,5211.9189453125
2022-04-20,4924.2431640625
2022-04-21,4835.33642578125
2022-04-22,4851.43212890625
2022-04-25,4624.94873046875
2022-04-26,4587.85205078125
2022-04-27,4587.708984375
2022-04-28,4653.52099609375
2022-04-29,4608.7578125
2022-05-02,4492.18212890625
2022-05-04,4512.65966796875
2022-05-05,4538.42236328125
2022-05-06,4374.41748046875
2022-05-09,4237.17578125
2022-05-10,4125.98095703125
2022-05-11,4048.454833984375
2022-05-12,3962.928955078125
2022-05-13,3915.07080078125
2022-05-16,3899.9267578125
2022-05-17,4078.0751953125
2022-05-18,4013.454833984375
2022-05-19,3801.87646484375
2022-05-20,3851.068115234375
2022-05-23,3949.785400390625
2022-05-24,3819.304931640625
2022-05-25,3641.728271484375
2022-05-26,3689.873291015625
2022-05-27,3807.733642578125
2022-05-30,3991.6435546875
2022-05-31,4051.265380859375
2022-06-01,4003.26318359375
2022-06-02,4127.36279296875
2022-06-03,4128.7431640625
2022-06-06,4128.791015625
2022-06-07,4063.646728515625
2022-06-08,4109.74267578125
2022-06-09,4162.69677734375
2022-06-10,4125.31494140625
2022-06-13,3892.403076171875
2022-06-14,3991.7392578125
2022-06-15,4001.883056640625
2022-06-16,3868.021484375
2022-06-17,3812.781494140625
2022-06-20,3768.5419921875
2022-06-21,3922.45166015625
2022-06-22,3830.544189453125
2022-06-23,3936.30908203125
2022-06-24,3841.781982421875
2022-06-27,3965.1669921875
2022-06-28,4021.644775390625
2022-06-29,3892.403076171875
2022-06-30,3814.255615234375
2022-07-01,3838.57763671875
2022-07-04,3814.927001953125
2022-07-05,3798.568603515625
2022-07-06,3850.09130859375
2022-07-07,3881.225341796875
2022-07-08,3902.908935546875
2022-07-11,3795.114501953125
2022-07-12,3823.46630859375
2022-07-13,3852.633544921875
2022-07-14,3716.53515625
2022-07-15,3813.39208984375
2022-07-18,4044.81201171875
2022-07-19,4136.15185546875
2022-07-20,4264.43017578125
2022-07-21,4346.2724609375
2022-07-22,4322.14208984375
2022-07-25,4318.3037109375
2022-07-26,4138.982421875
2022-07-27,4233.9677734375
2022-07-28,4460.5908203125
2022-07-29,4538.9296875
2022-08-01,4575.67626953125
2022-08-02,4500.7919921875
2022-08-03,4591.892578125
2022-08-04,4706.35400390625
2022-08-05,4725.63916015625
2022-08-08,4701.50927734375
2022-08-10,4659.6767578125
2022-08-11,4798.7021484375
2022-08-12,4712.25537109375
2022-08-16,4688.84375
2022-08-17,4759.8916015625
2022-08-18,4724.48828125
2022-08-19,4694.3134765625
2022-08-22,4530.24755859375
2022-08-23,4475.654296875
2022-08-24,4469.51318359375
2022-08-25,4443.89697265625
2022-08-26,4470.04150390625
2022-08-29,4290.5283203125
2022-08-30,4453.49072265625
2022-09-01,4350.013671875
2022-09-02,4338.64453125
2022-09-05,4314.17822265625
2022-09-06,4280.2138671875
2022-09-07,4327.37060546875
2022-09-08,4340.03515625
2022-09-09,4484.09814453125
2022-09-12,4616.98095703125
2022-09-13,4584.16796875
2022-09-14,4431.08740234375
2022-09-15,4410.076171875
2022-09-16,4201.921875
2022-09-19,4177.6484375
2022-09-20,4227.10791015625
2022-09-21,4232.04931640625
2022-09-22,4252.1015625
2022-09-23,4238.765625
2022-09-26,4232.04931640625
2022-09-27,4330.056640625
2022-09-28,4342.62548828125
2022-09-29,4260.208984375
2022-09-30,4277.09521484375
2022-10-03,4270.23583984375
2022-10-04,4402.064453125
2022-10-06,4477.09375
2022-10-07,4456.8974609375
2022-10-10,4507.02783203125
2022-10-11,4417.9912109375
2022-10-12,4454.0654296875
2022-10-13,4410.41064453125
2022-10-14,4479.25244140625
2022-10-17,4453.6337890625
2022-10-18,4530.9189453125
2022-10-19,4504.24560546875
2022-10-20,4565.65087890625
2022-10-21,4572.03125
2022-10-24,4546.173828125
2022-10-25,4614.67919921875
2022-10-27,4486.64013671875
2022-10-28,4398.2734375
2022-10-31,4547.6611328125
2022-11-01,4649.1708984375
2022-11-02,4662.79541015625
2022-11-03,4642.791015625
2022-11-04,4611.9921875
2022-11-07,4663.37109375
2022-11-09,4640.919921875
2022-11-10,4665.33837890625
2022-11-11,4852.9111328125
2022-11-14,4946.64990234375
2022-11-15,4927.220703125
2022-11-16,4843.3642578125
2022-11-17,4730.10107421875
2022-11-18,4697.38330078125
2022-11-21,4573.56591796875
2022-11-22,4563.30029296875
2022-11-23,4549.77099609375
2022-11-24,4745.0205078125
2022-11-25,4738.064453125
2022-11-28,4740.94189453125
2022-11-29,4712.974609375
2022-11-30,4642.359375
2022-12-01,4642.359375
2022-12-02,4642.359375
2022-12-05,4773.66064453125
2022-12-06,4620.29150390625
2022-12-07,4497.52978515625
2022-12-08,4373.95166015625
2022-12-09,4223.27001953125
2022-12-12,4155.341796875
2022-12-13,4142.72412109375
2022-12-14,4262.99169921875
2022-12-15,4155.6767578125
2022-12-16,4160.521484375
2022-12-19,4195.30224609375
2022-12-20,4185.32373046875
2022-12-21,4244.85791015625
2022-12-22,4200.96240234375
2022-12-23,4093.552001953125
2022-12-26,4172.61083984375
2022-12-27,4212.4287109375
2022-12-28,4156.34912109375
2022-12-29,4240.97216796875
2022-12-30,4188.39306640625
2023-01-02,4146.849609375
2023-01-03,4172.80322265625
2023-01-04,4104.490234375
2023-01-05,4087.459716796875
2023-01-06,4027.39794921875
2023-01-09,4121.08837890625
2023-01-10,4060.01904296875
2023-01-11,4054.166748046875
2023-01-12,4102.7626953125
2023-01-13,4113.60546875
2023-01-16,4103.578125
2023-01-17,4100.9404296875
2023-01-18,4100.4599609375
2023-01-19,4066.8798828125
2023-01-20,4094.9912109375
2023-01-23,4191.7041015625
2023-01-24,4326.603515625
2023-01-25,4250.99853515625
2023-01-27,4220.6796875
2023-01-30,4268.5087890625
2023-01-31,4210.34375
2023-02-01,4229.1865234375
2023-02-02,4421.60546875
2023-02-03,4339.154296875
2023-02-06,4429.6044921875
2023-02-07,4427.86962890625
2023-02-08,4543.95849609375
2023-02-09,4525.59814453125
2023-02-10,4521.6953125
2023-02-13,4453.6513671875
2023-02-14,4468.7353515625
2023-02-15,4571.0888671875
2023-02-16,4768.80859375
2023-02-17,4682.357421875
2023-02-20,4709.87353515625
2023-02-21,4702.2119140625
2023-02-22,4631.27734375
2023-02-23,4677.828125
2023-02-24,4677.77978515625
2023-02-27,4602.07421875
2023-02-28,4551.0419921875
2023-03-01,4572.00390625
2023-03-02,4535.13916015625
2023-03-03,4539.765625
2023-03-06,4646.6015625
2023-03-08,4608.29150390625
2023-03-09,4566.41455078125
2023-03-10,4472.0595703125
2023-03-13,4448.83251953125
2023-03-14,4401.55908203125
2023-03-15,4425.990234375
2023-03-16,4388.16162109375
2023-03-17,4504.68408203125
2023-03-20,4508.82763671875
2023-03-21,4504.82861328125
2023-03-22,4481.35986328125
2023-03-23,4435.2431640625
2023-03-24,4434.81005859375
2023-03-27,4392.64453125
2023-03-28,4389.94482421875
2023-03-29,4453.2177734375
2023-03-31,4587.27978515625
2023-04-03,4568.197265625
2023-04-05,4658.40771484375
2023-04-06,4600.3876953125
2023-04-10,4623.66357421875
2023-04-11,4599.56884765625
2023-04-12,4652.8662109375
2023-04-13,4478.1318359375
2023-04-17,4175.69580078125
2023-04-18,4162.20361328125
2023-04-19,4042.64501953125
2023-04-20,4002.45556640625
2023-04-21,4019.803466796875
2023-04-24,4031.947265625
2023-04-25,4034.791015625
2023-04-26,4009.490966796875
2023-04-27,4163.69677734375
2023-04-28,4259.4013671875
2023-05-02,4383.53564453125
2023-05-03,4335.10595703125
2023-05-04,4338.044921875
2023-05-05,4325.32373046875
2023-05-08,4354.18896484375
2023-05-09,4455.24169921875
2023-05-10,4428.30419921875
2023-05-11,4489.50390625
2023-05-12,4517.4541015625
2023-05-15,4536.681640625
2023-05-16,4564.53515625
2023-05-17,4568.2451171875
2023-05-18,4542.12646484375
2023-05-19,4629.06005859375
2023-05-22,4806.8310546875
2023-05-23,4681.923828125
2023-05-24,4651.56494140625
2023-05-25,4732.71533203125
2023-05-26,4819.9853515625
2023-05-29,4808.2275390625
2023-05-30,4810.49365234375
2023-05-31,4817.3837890625
2023-06-01,4789.337890625
2023-06-02,4813.28759765625
2023-06-05,4764.18359375
2023-06-06,4707.94580078125
2023-06-07,4724.71630859375
2023-06-08,4631.181640625
2023-06-09,4648.3837890625
2023-06-12,4721.9208984375
2023-06-13,4765.8701171875
2023-06-14,4729.00537109375
2023-06-15,4791.12060546875
2023-06-16,4829.14208984375
2023-06-19,4867.0673828125
2023-06-20,4840.2744140625
2023-06-21,4819.408203125
2023-06-22,4844.03271484375
2023-06-23,4777.14599609375
2023-06-26,4825.9619140625
2023-06-27,4976.07080078125
2023-06-28,4904.60693359375
2023-06-30,5008.98388671875
2023-07-03,5022.6220703125
2023-07-04,5060.4013671875
2023-07-05,5052.2587890625
2023-07-06,4990.67333984375
2023-07-07,4929.3271484375
2023-07-10,4854.7255859375
2023-07-11,4783.3291015625
2023-07-12,4678.37158203125
2023-07-13,4753.2646484375
2023-07-14,4947.3466796875
2023-07-17,4987.90185546875
2023-07-18,4858.0283203125
2023-07-19,4847.6826171875
2023-07-20,4842.388671875
2023-07-21,4781.8720703125
2023-07-24,4739.42236328125
2023-07-25,4729.31982421875
2023-07-26,4721.45166015625
2023-07-27,4723.2978515625
2023-07-28,4705.423828125
2023-07-31,4751.662109375
2023-08-01,4835.00732421875
2023-08-02,4726.69775390625
2023-08-03,4730.53466796875
2023-08-04,4799.501953125
2023-08-07,4902.6142578125
2023-08-08,4937.09912109375
2023-08-09,4958.1298828125
2023-08-10,4960.412109375
2023-08-11,4961.1884765625
2023-08-14,5044.67919921875
2023-08-16,5049.14794921875
2023-08-17,4951.669921875
2023-08-18,4939.6240234375
2023-08-21,5000.23876953125
2023-08-22,4992.80712890625
2023-08-23,5026.41796875
2023-08-24,5022.19140625
2023-08-25,4980.6650390625
2023-08-28,4983.14208984375
2023-08-29,4989.74755859375
2023-08-30,5025.591796875
2023-08-31,5044.77685546875
2023-09-01,5151.580078125
2023-09-04,5212.1455078125
2023-09-05,5270.86572265625
2023-09-06,5252.5068359375
2023-09-07,5328.90576171875
2023-09-08,5321.71728515625
2023-09-11,5351.0048828125
2023-09-12,5347.89697265625
2023-09-13,5380.58349609375
2023-09-14,5341.24267578125
2023-09-15,5374.4638671875
2023-09-18,5355.958984375
2023-09-20,5316.81201171875
2023-09-21,5239.78173828125
2023-09-22,5272.1767578125
2023-09-25,5223.22021484375
2023-09-26,5209.5712890625
2023-09-27,5281.30859375
2023-09-28,5114.23046875
2023-09-29,5060.755859375
2023-10-03,5063.57275390625
2023-10-04,5037.78271484375
2023-10-05,5076.68603515625
2023-10-06,5089.26611328125
2023-10-09,5057.45361328125
2023-10-10,5115.638671875
2023-10-11,5094.36572265625
2023-10-12,5007.232421875
2023-10-13,4949.33837890625
2023-10-16,5014.71240234375
2023-10-17,5064.5439453125
2023-10-18,5007.669921875
2023-10-19,5301.6103515625
2023-10-20,5261.201171875
2023-10-23,5052.8876953125
2023-10-25,5055.12158203125
2023-10-26,5022.5322265625
2023-10-27,5042.52294921875
2023-10-30,5021.26416015625
2023-10-31,4934.6708984375
2023-11-01,4874.50390625
2023-11-02,4895.32275390625
2023-11-03,5007.3681640625
2023-11-06,5021.70263671875
2023-11-07,5058.07666015625
2023-11-08,5103.3720703125
2023-11-09,5124.14306640625
2023-11-10,5131.4072265625
2023-11-13,5130.3837890625
2023-11-15,5267.44189453125
2023-11-16,5382.36376953125
2023-11-17,5381.38916015625
2023-11-20,5418.0546875
2023-11-21,5383.09521484375
2023-11-22,5415.6650390625
2023-11-23,5335.40966796875
2023-11-24,5336.62939453125
2023-11-28,5343.11328125
2023-11-29,5449.64990234375
2023-11-30,5399.13671875
2023-12-01,5438.4833984375
2023-12-04,5438.82568359375
2023-12-05,5351.30517578125
2023-12-06,5499.7236328125
2023-12-07,5428.87939453125
2023-12-08,5566.86328125
2023-12-11,5627.2734375
2023-12-12,5614.93798828125
2023-12-13,5585.19580078125
2023-12-14,5796.60888671875
2023-12-15,5977.0126953125
2023-12-18,5986.6669921875
2023-12-19,5960.8740234375
2023-12-20,5882.6181640625
2023-12-21,5959.21630859375
2023-12-22,6074.33349609375
2023-12-26,6104.17333984375
2023-12-27,6130.98974609375
2023-12-28,6097.78564453125
2023-12-29,6138.54736328125
2024-01-01,6106.31787109375
2024-01-02,5991.34716796875
2024-01-03,5812.94287109375
2024-01-04,5720.64453125
2024-01-05,5799.87646484375
2024-01-08,5700.36181640625
2024-01-09,5762.576171875
2024-01-10,5799.7294921875
2024-01-11,5811.87109375
2024-01-12,6082.08544921875
2024-01-15,6082.08544921875
2024-01-16,6080.96435546875
2024-01-17,6119.67822265625
2024-01-18,5463.7890625
2024-01-19,5511.7177734375
2024-01-23,5498.40771484375
2024-01-24,5479.92822265625
2024-01-25,5358.13037109375
2024-01-29,5312.9814453125
2024-01-30,5219.80517578125
2024-01-31,5313.1767578125
2024-02-01,5231.36083984375
2024-02-02,5349.55029296875
2024-02-05,5303.32763671875
2024-02-06,5334.38623046875
2024-02-07,5312.54296875
2024-02-08,5286.11572265625
2024-02-09,5317.80810546875
2024-02-12,5379.4384765625
2024-02-13,5419.07861328125
2024-02-14,5368.3701171875
2024-02-15,5385.09423828125
2024-02-16,5441.7509765625
2024-02-19,5377.04931640625
2024-02-20,5367.59033203125
2024-02-21,5285.43359375
2024-02-22,5350.427734375
2024-02-23,5404.93896484375
2024-02-26,5330.33935546875
2024-02-27,5307.47216796875
2024-02-28,5275.5361328125
2024-02-29,5169.146484375
2024-03-01,5142.5244140625
2024-03-04,5087.23388671875
2024-03-05,5004.05224609375
2024-03-06,5035.8916015625
2024-03-07,4995.42236328125
2024-03-11,4995.71533203125
2024-03-12,5079.7734375
2024-03-13,5065.92626953125
2024-03-14,5133.40673828125
2024-03-15,5065.29248046875
2024-03-18,5039.060546875
2024-03-19,4978.84521484375
2024-03-20,4974.310546875
2024-03-21,5031.6982421875
2024-03-22,4880.6474609375
2024-03-26,4851.58740234375
2024-03-27,4805.072265625
2024-03-28,4815.7021484375
2024-04-01,4761.2880859375
2024-04-02,4778.98681640625
2024-04-03,4748.318359375
2024-04-04,4812.58203125
2024-04-05,4805.072265625
2024-04-08,4775.72021484375
2024-04-09,4771.08837890625
2024-04-10,4796.14990234375
2024-04-12,4767.431640625
2024-04-15,4695.513671875
2024-04-16,4546.99755859375
2024-04-18,4580.44580078125
2024-04-19,4544.7548828125
2024-04-22,4560.0166015625
2024-04-23,4606.04345703125
2024-04-24,4609.35888671875
2024-04-25,4519.5478515625
2024-04-26,4669.0869140625
2024-04-29,4626.08349609375
2024-04-30,4589.46533203125
2024-05-02,4576.10693359375
2024-05-03,4536.369140625
2024-05-06,4587.0771484375
2024-05-07,4582.6396484375
2024-05-08,4596.68212890625
2024-05-09,4542.26904296875
2024-05-10,4493.16943359375
2024-05-13,4479.419921875
2024-05-14,4519.69384765625
2024-05-15,4533.78466796875
2024-05-16,4652.65625
2024-05-17,4645.92724609375
2024-05-21,4613.2109375
2024-05-22,4657.0927734375
2024-05-23,4711.2626953125
2024-05-24,4719.5029296875
2024-05-27,4770.50341796875
2024-05-28,4764.5546875
2024-05-29,4759.53271484375
2024-05-30,4654.5576171875
2024-05-31,4585.07763671875
2024-06-03,4533.88232421875
2024-06-04,4515.59765625
2024-06-05,4572.35205078125
2024-06-06,4680.98388671875
2024-06-07,4853.5380859375
2024-06-10,4781.62060546875
2024-06-11,4781.71728515625
2024-06-12,4828.08642578125
2024-06-13,4921.798828125
2024-06-14,4907.5126953125
2024-06-18,4963.14501953125
2024-06-19,4938.79443359375
2024-06-20,4970.86865234375
2024-06-21,5042.68994140625
2024-06-24,5028.669921875
2024-06-25,5041.115234375
2024-06-26,5093.89892578125
2024-06-27,5290.22705078125
2024-06-28,5298.09765625
2024-07-01,5359.53955078125
2024-07-02,5385.61181640625
2024-07-03,5378.1337890625
2024-07-04,5371.345703125
2024-07-05,5334.15625
2024-07-08,5302.67333984375
2024-07-09,5290.32568359375
2024-07-10,5289.43994140625
2024-07-11,5320.28369140625
2024-07-12,5482.6689453125
2024-07-15,5389.6943359375
2024-07-16,5472.53515625
2024-07-18,5663.94384765625
2024-07-19,5669.69873046875
2024-07-22,5626.01611328125
2024-07-23,5596.74658203125
2024-07-24,5573.67529296875
2024-07-25,5507.51123046875
2024-07-26,5694.98486328125
2024-07-29,5693.16455078125
2024-07-30,5580.90673828125
2024-07-31,5566.78759765625
2024-08-01,5587.203125
2024-08-02,5420.931640625
2024-08-05,5303.06640625
2024-08-06,5372.57568359375
2024-08-07,5477.60205078125
2024-08-08,5252.1025390625
2024-08-09,5286.78369140625
2024-08-12,5313.24951171875
2024-08-13,5297.9501953125
2024-08-14,5339.9111328125
2024-08-16,5473.912109375
2024-08-19,5584.4482421875
2024-08-20,5615.63623046875
2024-08-21,5621.1953125
2024-08-22,5612.29150390625
2024-08-23,5550.50537109375
2024-08-26,5647.267578125
2024-08-27,5658.6796875
2024-08-28,6028.6083984375
2024-08-29,6033.08544921875
2024-08-30,6056.64794921875
2024-09-02,6054.14013671875
2024-09-03,6046.4658203125
2024-09-04,5973.1689453125
2024-09-05,6050.00732421875
2024-09-06,6065.84765625
2024-09-09,6047.35107421875
2024-09-10,6240.92431640625
2024-09-11,6197.5849609375
2024-09-12,6289.13330078125
2024-09-13,6312.59765625
2024-09-16,6319.73095703125
2024-09-17,6351.50927734375
2024-09-18,6263.50390625
2024-09-19,6274.1787109375
2024-09-20,6270.19384765625
2024-09-23,6223.953125
2024-09-24,6241.662109375
2024-09-25,6004.01220703125
2024-09-26,6064.51953125
2024-09-27,6037.0205078125
2024-09-30,6143.52294921875
2024-10-01,6172.15283203125
2024-10-03,6083.99951171875
2024-10-04,6015.3759765625
2024-10-07,6153.9521484375
2024-10-08,6273.83349609375
2024-10-09,6336.5546875
2024-10-10,6243.58056640625
2024-10-11,6307.43310546875
2024-10-14,6344.42529296875
2024-10-15,6356.4775390625
2024-10-16,6256.666015625
2024-10-17,6291.19970703125
2024-10-18,5894.953125
2024-10-21,5847.13720703125
2024-10-22,5781.76025390625
2024-10-23,5839.216796875
2024-10-24,5873.947265625
2024-10-25,5827.40234375
2024-10-28,5814.17431640625
2024-10-29,5777.10693359375
2024-10-30,5720.73974609375
2024-10-31,5637.5224609375
2024-11-01,5658.00634765625
2024-11-04,5663.48486328125
2024-11-05,5646.40673828125
2024-11-06,5913.23583984375
2024-11-07,5810.42333984375
2024-11-08,5850.84814453125
2024-11-11,5897.8857421875
2024-11-12,5927.94482421875
2024-11-13,5871.18310546875
2024-11-14,5917.6787109375
2024-11-18,5766.49462890625
2024-11-19,5810.37451171875
2024-11-21,5854.89453125
2024-11-22,6054.94287109375
2024-11-25,6036.72998046875
2024-11-26,6147.19287109375
2024-11-27,6181.2998046875
2024-11-28,6080.65869140625
2024-11-29,6093.1455078125
2024-12-02,6133.5703125
2024-12-03,6087.8154296875
2024-12-04,6141.61572265625
2024-12-05,6265.65185546875
2024-12-06,6296.99462890625
2024-12-09,6307.01416015625
2024-12-10,6494.8212890625
2024-12-11,6513.87353515625
2024-12-12,6582.03662109375
2024-12-13,6628.23583984375
2024-12-16,6651.92822265625
2024-12-17,6610.96142578125
2024-12-18,6489.638671875
2024-12-19,6140.72705078125
2024-12-20,5749.515625
2024-12-23,5656.87109375
2024-12-24,5652.18212890625
2024-12-26,5678.48974609375
2024-12-27,5605.09423828125
2024-12-30,5571.037109375
2024-12-31,5514.1767578125
2025-01-01,5600.50390625
2025-01-02,5679.18017578125
2025-01-03,5659.78271484375
2025-01-06,5657.75927734375
2025-01-07,5683.03076171875
2025-01-08,5806.32666015625
2025-01-09,5765.705078125
2025-01-10,6045.76220703125
2025-01-13,5953.31494140625
2025-01-14,5678.044921875
2025-01-15,5762.59521484375
2025-01-16,5902.03173828125
2025-01-17,5814.66796875
2025-01-20,5750.5029296875
2025-01-21,5684.4619140625
2025-01-22,5774.78662109375
2025-01-23,5924.9833984375
2025-01-24,5921.13330078125
2025-01-27,5612.69580078125
2025-01-28,5592.65576171875
2025-01-29,5807.21533203125
2025-01-30,5765.2607421875
2025-01-31,5838.2119140625
2025-02-01,5830.462890625
2025-02-03,5716.29736328125
2025-02-04,5826.46484375
2025-02-05,5947.3427734375
2025-02-06,5868.517578125
2025-02-07,5880.1171875
2025-02-10,5723.45458984375
2025-02-11,5604.79833984375
2025-02-12,5632.2412109375
2025-02-13,5529.52734375
2025-02-14,5440.8310546875
2025-02-17,5402.33203125
2025-02-18,5595.81494140625
2025-02-19,5399.86328125
2025-02-20,5325.974609375
2025-02-21,5230.46728515625
2025-02-24,4982.640625
2025-02-25,4899.47265625
2025-02-27,4815.958984375
2025-02-28,4606.0390625
2025-03-03,4772.12890625
2025-03-04,4624.8447265625
2025-03-05,4712.2080078125
2025-03-06,4761.17138671875
2025-03-07,4661.3203125
2025-03-10,4610.974609375
2025-03-11,4594.6865234375
2025-03-12,4428.30078125
2025-03-13,4409.6923828125
2025-03-17,4303.81982421875
2025-03-18,4303.81982421875
2025-03-19,4309.3974609375
2025-03-20,4364.3818359375
2025-03-21,4462.20947265625
2025-03-24,4561.07373046875
2025-03-25,4547.25341796875
2025-03-26,4560.43212890625
2025-03-27,4596.1181640625
2025-03-28,4433.68115234375
2025-04-01,4369.7626953125
2025-04-02,4442.12109375
2025-04-03,4286.19970703125
2025-04-04,4083.140625
2025-04-07,4005.055908203125
2025-04-08,4122.23193359375
2025-04-09,4055.10498046875
2025-04-11,4186.34765625
2025-04-15,4262.16162109375
2025-04-16,4221.39208984375
2025-04-17,4138.07568359375
2025-04-21,4242.22119140625
2025-04-22,4264.92578125
2025-04-23,4478.44873046875
2025-04-24,4475.5859375
2025-04-25,4440.54150390625
2025-04-28,4429.0908203125
2025-04-29,4539.06005859375
2025-04-30,4527.609375
2025-05-02,4514.18359375
2025-05-05,4561.86376953125
2025-05-06,4478.349609375
2025-05-07,4500.56103515625
2025-05-08,4541.13330078125
2025-05-09,4562.2587890625
2025-05-12,4876.96484375
2025-05-13,4856.3330078125
2025-05-14,4969.56103515625
2025-05-15,4969.26416015625
2025-05-16,4982.98583984375
2025-05-19,4955.64208984375
2025-05-20,4951.001953125
2025-05-21,4969.16552734375
2025-05-22,4958.7021484375
2025-05-23,5026.037109375
2025-05-26,5091.57958984375
2025-05-27,5087.69482421875
2025-05-28,5079.32763671875
2025-05-29,5108.11474609375
2025-05-30,5049.046875
2025-06-02,5052.6328125
2025-06-03,5041.177734375
2025-06-04,5132.8173828125
2025-06-05,5161.20556640625
2025-06-06,5183.61767578125
2025-06-09,5237.40625
2025-06-10,5363.90869140625
2025-06-11,5372.87353515625
2025-06-12,5393.791015625
2025-06-13,5407.736328125
2025-06-16,5428.15625
2025-06-17,5492.9013671875
2025-06-18,5429.15234375
2025-06-19,5346.97509765625
2025-06-20,5355.44189453125
2025-06-23,5306.6337890625
2025-06-24,5315.5986328125
2025-06-25,5414.708984375
2025-06-26,5351.95556640625
2025-06-27,5272.26904296875
2025-06-30,5296.1748046875
2025-07-01,5283.22607421875
2025-07-02,5283.72412109375
2025-07-03,5303.6455078125
2025-07-04,5295.1787109375
2025-07-07,5329.0458984375
2025-07-08,5347.97119140625
2025-07-09,5308.6259765625
2025-07-10,5299.1630859375
2025-07-11,5185.60986328125
2025-07-14,5137.7978515625
2025-07-15,5229.935546875
2025-07-16,5306.1357421875
2025-07-17,5174.15478515625
2025-07-18,5103.93115234375
2025-07-21,5133.8134765625
2025-07-22,5155.22900390625
2025-07-23,5277.24951171875
2025-07-24,5185.60986328125
2025-07-25,5076.04052734375
2025-07-28,5027.232421875
2025-07-29,5036.6953125
2025-07-30,5119.3701171875
2025-07-31,5086.00146484375
2025-08-01,4997.84814453125
2025-08-04,5069.06787109375
2025-08-05,5111.4013671875
2025-08-06,5015.77734375
2025-08-07,5017.76953125
2025-08-08,4992.36962890625
2025-08-11,5046.65625
2025-08-12,5086.99755859375
2025-08-13,5094.46826171875
2025-08-14,5087.99365234375
2025-08-18,5069.56591796875
2025-08-19,5090.98193359375
2025-08-20,5160.20947265625
2025-08-21,5214.49609375
2025-08-22,5204.037109375
2025-08-25,5272.26904296875
2025-08-26,5145.2685546875
2025-08-28,5102.93505859375
2025-08-29,5113.3935546875
2025-09-01,5176.64501953125
2025-09-02,5222.962890625
2025-09-03,5170.66845703125
2025-09-04,5189.59423828125
2025-09-05,5175.15087890625
2025-09-08,5069.06787109375
2025-09-09,5165.18994140625
2025-09-10,5286.21435546875
2025-09-11,5270.77490234375
2025-09-12,5311.6142578125
2025-09-15,5320.5791015625
2025-09-16,5354.44580078125
2025-09-17,5401.759765625
2025-09-18,5502.8623046875
2025-09-19,5487.9208984375
2025-09-22,5239.3984375
2025-09-23,5241.888671875
2025-09-24,5186.60595703125
2025-09-25,5193.57861328125
2025-09-26,5055.123046875
2025-09-29,5137.7978515625
2025-09-30,5137.2998046875
2025-10-01,5102.93505859375
2025-10-03,5099.94677734375
2025-10-06,5253.34326171875
2025-10-07,5248.36279296875
2025-10-08,5321.5751953125
2025-10-09,5412.716796875
2025-10-10,5450.06982421875
2025-10-13,5476.46630859375
2025-10-14,5447.57958984375
2025-10-15,5587.529296875
2025-10-16,5600.478515625
2025-10-17,5583.046875
2025-10-20,5574.580078125
2025-10-21,5539.21923828125
2025-10-23,5595.0
2025-10-24,5546.0
2025-10-27,5640.0
2025-10-28,5596.0
2025-10-29,5674.0
2025-10-30,5699.0
2025-10-31,5684.5
2025-11-03,5704.5
2025-11-04,5620.0
2025-11-06,5652.0
2025-11-07,5567.5
2025-11-10,5643.0
2025-11-11,5710.5
2025-11-12,5893.5
2025-11-13,5847.0
2025-11-14,5809.0
2025-11-17,5848.5
2025-11-18,5756.0
2025-11-19,5972.0
2025-11-20,6027.0
2025-11-21,5926.0
2025-11-24,5922.0
2025-11-25,5833.0
2025-11-26,5890.0
2025-11-27,6025.5
2025-11-28,6096.5
2025-12-01,6152.5
2025-12-02,6164.0
2025-12-03,6159.0
2025-12-04,6266.0
2025-12-05,6292.0
2025-12-08,6256.0
2025-12-09,6245.5
2025-12-10,6220.5
2025-12-11,6294.5
2025-12-12,6284.5
2025-12-15,6269.5
2025-12-16,6216.0
2025-12-17,6252.5
2025-12-18,6245.0
2025-12-19,6197.5
2025-12-22,6191.5
2025-12-23,6202.5
2025-12-24,6163.0
2025-12-26,6035.5
2025-12-29,6033.5
2025-12-30,6074.0
2025-12-31,6063.5
2026-01-01,6112.0
2026-01-02,6067.0
2026-01-05,6059.0
2026-01-06,5982.5
2026-01-07,6102.0
2026-01-08,6018.0
2026-01-09,6037.0
2026-01-12,6000.5
2026-01-13,6100.5
2026-01-14,6030.5
2026-01-15,6030.5
2026-01-16,6308.0
2026-01-19,6407.0
2026-01-20,5976.5
2026-01-21,5844.0
2026-01-22,5947.0
2026-01-23,5893.5
2026-01-27,5940.5
2026-01-28,6015.5
2026-01-29,5995.0
2026-01-30,5974.5
2026-02-02,5986.0
2026-02-03,6044.0
2026-02-04,5706.5
2026-02-05,5683.5
2026-02-06,5561.5
2026-02-09,5626.5
2026-02-10,5662.0
2026-02-11,5515.5
2026-02-12,5211.5
2026-02-13,5115.5
2026-02-16,5118.5
2026-02-17,5164.5
2026-02-18,5054.0
2026-02-19,4959.5
2026-02-20,4889.5
2026-02-23,4831.5
2026-02-24,4501.0
2026-02-25,4559.0
2026-02-26,4504.0
2026-02-27,4462.0
2026-03-02,4404.39990234375
